2025-10-30 15:13:18.383 [http-nio-8001-exec-6] INFO  c.x.m.c.aop.ControllerLoggingAspect - ═══════════════════════════════════════════════════════════════
2025-10-30 15:13:18.384 [http-nio-8001-exec-6] INFO  c.x.m.c.aop.ControllerLoggingAspect - [REQUEST] 2025-10-30 15:13:18.384
2025-10-30 15:13:18.384 [http-nio-8001-exec-6] INFO  c.x.m.c.aop.ControllerLoggingAspect -   Method: GET | URI: /challenges
2025-10-30 15:13:18.384 [http-nio-8001-exec-6] INFO  c.x.m.c.aop.ControllerLoggingAspect -   Query: page=0&size=12
2025-10-30 15:13:18.384 [http-nio-8001-exec-6] INFO  c.x.m.c.aop.ControllerLoggingAspect -   Client IP: 0:0:0:0:0:0:0:1 | User ID: ANONYMOUS
2025-10-30 15:13:18.387 [http-nio-8001-exec-6] INFO  c.x.m.c.aop.ServiceLoggingAspect - ───────────────────────────────────────────────────────────────
2025-10-30 15:13:18.387 [http-nio-8001-exec-6] INFO  c.x.m.c.aop.ServiceLoggingAspect - [SERVICE START] ChallengeServiceImpl.getAllVisibleChallenges
2025-10-30 15:13:18.389 [http-nio-8001-exec-6] DEBUG org.hibernate.SQL - select c1_0.id,c1_0.category,c1_0.created_at,c1_0.created_by,c1_0.description,c1_0.end_date,c1_0.is_fixed_deposit,c1_0.is_public,c1_0.is_visible,c1_0.max_deposit,c1_0.max_participants,c1_0.member_id,c1_0.participant_count,c1_0.private_code,c1_0.start_date,c1_0.status,c1_0.title,c1_0.updated_at,c1_0.updated_by,c1_0.verification_id from challenge c1_0
2025-10-30 15:13:18.468 [http-nio-8001-exec-6] DEBUG org.hibernate.SQL - select vm1_0.id,vm1_0.created_at,vm1_0.created_by,vm1_0.end_time,vm1_0.frequency,vm1_0.is_visible,vm1_0.method,vm1_0.min_daily_count,vm1_0.start_time,vm1_0.updated_at,vm1_0.updated_by from verification_method vm1_0 where vm1_0.id=?
2025-10-30 15:13:18.469 [http-nio-8001-exec-6] DEBUG org.hibernate.SQL - select vm1_0.id,vm1_0.created_at,vm1_0.created_by,vm1_0.end_time,vm1_0.frequency,vm1_0.is_visible,vm1_0.method,vm1_0.min_daily_count,vm1_0.start_time,vm1_0.updated_at,vm1_0.updated_by from verification_method vm1_0 where vm1_0.id=?
2025-10-30 15:13:18.469 [http-nio-8001-exec-6] DEBUG org.hibernate.SQL - select vm1_0.id,vm1_0.created_at,vm1_0.created_by,vm1_0.end_time,vm1_0.frequency,vm1_0.is_visible,vm1_0.method,vm1_0.min_daily_count,vm1_0.start_time,vm1_0.updated_at,vm1_0.updated_by from verification_method vm1_0 where vm1_0.id=?
2025-10-30 15:13:18.470 [http-nio-8001-exec-6] DEBUG org.hibernate.SQL - select vm1_0.id,vm1_0.created_at,vm1_0.created_by,vm1_0.end_time,vm1_0.frequency,vm1_0.is_visible,vm1_0.method,vm1_0.min_daily_count,vm1_0.start_time,vm1_0.updated_at,vm1_0.updated_by from verification_method vm1_0 where vm1_0.id=?
2025-10-30 15:13:18.589 [File Watcher] INFO  o.s.b.d.a.LocalDevToolsAutoConfiguration$RestartingClassPathChangeChangedEventListener - Restarting due to 27 class path changes (0 additions, 0 deletions, 27 modifications)
2025-10-30 15:13:18.590 [Thread-7] INFO  o.s.b.w.e.tomcat.GracefulShutdown - Commencing graceful shutdown. Waiting for active requests to complete
2025-10-30 15:13:18.590 [tomcat-shutdown] INFO  o.a.coyote.http11.Http11NioProtocol - Pausing ProtocolHandler ["http-nio-8001"]
2025-10-30 15:13:18.606 [http-nio-8001-exec-6] INFO  c.x.m.c.aop.ServiceLoggingAspect - [SERVICE END] ChallengeServiceImpl.getAllVisibleChallenges
2025-10-30 15:13:18.606 [http-nio-8001-exec-6] INFO  c.x.m.c.aop.ServiceLoggingAspect -   Return Value: [Collection of 19024 items]
2025-10-30 15:13:18.606 [http-nio-8001-exec-6] INFO  c.x.m.c.aop.ServiceLoggingAspect -   Execution Time: 219ms
2025-10-30 15:13:18.606 [http-nio-8001-exec-6] INFO  c.x.m.c.aop.ServiceLoggingAspect - ───────────────────────────────────────────────────────────────
2025-10-30 15:13:18.608 [http-nio-8001-exec-6] INFO  c.x.m.c.aop.ControllerLoggingAspect - [RESPONSE] Status: 200 | Time: 224ms
2025-10-30 15:13:18.608 [http-nio-8001-exec-6] INFO  c.x.m.c.aop.ControllerLoggingAspect -   Response Body: "challenge/challenges"
2025-10-30 15:13:18.608 [http-nio-8001-exec-6] INFO  c.x.m.c.aop.ControllerLoggingAspect - ═══════════════════════════════════════════════════════════════
2025-10-30 15:13:18.609 [http-nio-8001-exec-6] WARN  o.t.s.p.AbstractStandardFragmentInsertionTagProcessor - [THYMELEAF][http-nio-8001-exec-6][challenge/challenges] Deprecated unwrapped fragment expression "fragments/navbar :: navbar" found in template challenge/challenges, line 16, col 6. Please use the complete syntax of fragment expressions instead ("~{fragments/navbar :: navbar}"). The old, unwrapped syntax for fragment expressions will be removed in future versions of Thymeleaf.
2025-10-30 15:13:18.613 [http-nio-8001-exec-6] WARN  o.t.s.p.AbstractStandardFragmentInsertionTagProcessor - [THYMELEAF][http-nio-8001-exec-6][challenge/challenges] Deprecated unwrapped fragment expression "fragments/footer :: footer" found in template challenge/challenges, line 136, col 6. Please use the complete syntax of fragment expressions instead ("~{fragments/footer :: footer}"). The old, unwrapped syntax for fragment expressions will be removed in future versions of Thymeleaf.
2025-10-30 15:13:18.645 [tomcat-shutdown] INFO  o.s.b.w.e.tomcat.GracefulShutdown - Graceful shutdown complete
2025-10-30 15:13:18.645 [Thread-7] INFO  o.a.coyote.http11.Http11NioProtocol - Stopping ProtocolHandler ["http-nio-8001"]
2025-10-30 15:13:18.646 [Thread-7] INFO  o.s.o.j.LocalContainerEntityManagerFactoryBean - Closing JPA EntityManagerFactory for persistence unit 'default'
2025-10-30 15:13:18.646 [Thread-7] INFO  com.zaxxer.hikari.HikariDataSource - HikariPool-2 - Shutdown initiated...
2025-10-30 15:13:18.648 [Thread-7] INFO  com.zaxxer.hikari.HikariDataSource - HikariPool-2 - Shutdown completed.
2025-10-30 15:13:18.692 [restartedMain] INFO  com.xladmt.makify.MakifyApplication - Starting MakifyApplication using Java 17.0.14 with PID 13087 (/Users/oseungmin/Documents/workspace/makify/build/classes/java/main started by oseungmin in /Users/oseungmin/Documents/workspace/makify)
2025-10-30 15:13:18.692 [restartedMain] DEBUG com.xladmt.makify.MakifyApplication - Running with Spring Boot v3.4.1, Spring v6.2.1
2025-10-30 15:13:18.692 [restartedMain] INFO  com.xladmt.makify.MakifyApplication - No active profile set, falling back to 1 default profile: "default"
2025-10-30 15:13:18.779 [restartedMain] INFO  o.s.d.r.c.RepositoryConfigurationDelegate - Multiple Spring Data modules found, entering strict repository configuration mode
2025-10-30 15:13:18.779 [restartedMain] INFO  o.s.d.r.c.RepositoryConfigurationDelegate - Bootstrapping Spring Data JPA repositories in DEFAULT mode.
2025-10-30 15:13:18.785 [restartedMain] INFO  o.s.d.r.c.RepositoryConfigurationDelegate - Finished Spring Data repository scanning in 5 ms. Found 5 JPA repository interfaces.
2025-10-30 15:13:18.786 [restartedMain] INFO  o.s.d.r.c.RepositoryConfigurationDelegate - Multiple Spring Data modules found, entering strict repository configuration mode
2025-10-30 15:13:18.786 [restartedMain] INFO  o.s.d.r.c.RepositoryConfigurationDelegate - Bootstrapping Spring Data Redis repositories in DEFAULT mode.
2025-10-30 15:13:18.788 [restartedMain] INFO  o.s.d.r.c.RepositoryConfigurationExtensionSupport - Spring Data Redis - Could not safely identify store assignment for repository candidate interface com.xladmt.makify.challenge.repository.ChallengeRepository; If you want this repository to be a Redis repository, consider annotating your entities with one of these annotations: org.springframework.data.redis.core.RedisHash (preferred), or consider extending one of the following types with your repository: org.springframework.data.keyvalue.repository.KeyValueRepository
2025-10-30 15:13:18.788 [restartedMain] INFO  o.s.d.r.c.RepositoryConfigurationExtensionSupport - Spring Data Redis - Could not safely identify store assignment for repository candidate interface com.xladmt.makify.challenge.repository.UserChallengeRepository; If you want this repository to be a Redis repository, consider annotating your entities with one of these annotations: org.springframework.data.redis.core.RedisHash (preferred), or consider extending one of the following types with your repository: org.springframework.data.keyvalue.repository.KeyValueRepository
2025-10-30 15:13:18.788 [restartedMain] INFO  o.s.d.r.c.RepositoryConfigurationExtensionSupport - Spring Data Redis - Could not safely identify store assignment for repository candidate interface com.xladmt.makify.challenge.repository.VerificationMethodRepository; If you want this repository to be a Redis repository, consider annotating your entities with one of these annotations: org.springframework.data.redis.core.RedisHash (preferred), or consider extending one of the following types with your repository: org.springframework.data.keyvalue.repository.KeyValueRepository
2025-10-30 15:13:18.788 [restartedMain] INFO  o.s.d.r.c.RepositoryConfigurationExtensionSupport - Spring Data Redis - Could not safely identify store assignment for repository candidate interface com.xladmt.makify.member.repository.MemberRepository; If you want this repository to be a Redis repository, consider annotating your entities with one of these annotations: org.springframework.data.redis.core.RedisHash (preferred), or consider extending one of the following types with your repository: org.springframework.data.keyvalue.repository.KeyValueRepository
2025-10-30 15:13:18.788 [restartedMain] INFO  o.s.d.r.c.RepositoryConfigurationExtensionSupport - Spring Data Redis - Could not safely identify store assignment for repository candidate interface com.xladmt.makify.payment.repository.PaymentRepository; If you want this repository to be a Redis repository, consider annotating your entities with one of these annotations: org.springframework.data.redis.core.RedisHash (preferred), or consider extending one of the following types with your repository: org.springframework.data.keyvalue.repository.KeyValueRepository
2025-10-30 15:13:18.788 [restartedMain] INFO  o.s.d.r.c.RepositoryConfigurationDelegate - Finished Spring Data repository scanning in 1 ms. Found 0 Redis repository interfaces.
2025-10-30 15:13:18.856 [restartedMain] INFO  o.s.b.w.e.tomcat.TomcatWebServer - Tomcat initialized with port 8001 (http)
2025-10-30 15:13:18.857 [restartedMain] INFO  o.a.coyote.http11.Http11NioProtocol - Initializing ProtocolHandler ["http-nio-8001"]
2025-10-30 15:13:18.857 [restartedMain] INFO  o.a.catalina.core.StandardService - Starting service [Tomcat]
2025-10-30 15:13:18.857 [restartedMain] INFO  o.a.catalina.core.StandardEngine - Starting Servlet engine: [Apache Tomcat/10.1.34]
2025-10-30 15:13:18.862 [restartedMain] INFO  o.a.c.c.C.[Tomcat].[localhost].[/] - Initializing Spring embedded WebApplicationContext
2025-10-30 15:13:18.862 [restartedMain] INFO  o.s.b.w.s.c.ServletWebServerApplicationContext - Root WebApplicationContext: initialization completed in 169 ms
2025-10-30 15:13:18.909 [restartedMain] INFO  o.h.jpa.internal.util.LogHelper - HHH000204: Processing PersistenceUnitInfo [name: default]
2025-10-30 15:13:18.910 [restartedMain] INFO  o.h.c.i.RegionFactoryInitiator - HHH000026: Second-level cache disabled
2025-10-30 15:13:18.914 [restartedMain] INFO  o.s.o.j.p.SpringPersistenceUnitInfo - No LoadTimeWeaver setup: ignoring JPA class transformer
2025-10-30 15:13:18.915 [restartedMain] INFO  com.zaxxer.hikari.HikariDataSource - HikariPool-3 - Starting...
2025-10-30 15:13:18.924 [restartedMain] INFO  com.zaxxer.hikari.pool.HikariPool - HikariPool-3 - Added connection com.mysql.cj.jdbc.ConnectionImpl@e5fec75
2025-10-30 15:13:18.925 [restartedMain] INFO  com.zaxxer.hikari.HikariDataSource - HikariPool-3 - Start completed.
2025-10-30 15:13:18.925 [restartedMain] WARN  org.hibernate.orm.deprecation - HHH90000025: MySQL8Dialect does not need to be specified explicitly using 'hibernate.dialect' (remove the property setting and it will be selected by default)
2025-10-30 15:13:18.925 [restartedMain] WARN  org.hibernate.orm.deprecation - HHH90000026: MySQL8Dialect has been deprecated; use org.hibernate.dialect.MySQLDialect instead
2025-10-30 15:13:18.925 [restartedMain] INFO  o.hibernate.orm.connections.pooling - HHH10001005: Database info:
	Database JDBC URL [Connecting through datasource 'HikariDataSource (HikariPool-3)']
	Database driver: undefined/unknown
	Database version: 8.0
	Autocommit mode: undefined/unknown
	Isolation level: undefined/unknown
	Minimum pool size: undefined/unknown
	Maximum pool size: undefined/unknown
2025-10-30 15:13:18.981 [restartedMain] INFO  o.h.e.t.j.p.i.JtaPlatformInitiator - HHH000489: No JTA platform available (set 'hibernate.transaction.jta.platform' to enable JTA platform integration)
2025-10-30 15:13:19.041 [restartedMain] INFO  o.s.o.j.LocalContainerEntityManagerFactoryBean - Initialized JPA EntityManagerFactory for persistence unit 'default'
2025-10-30 15:13:19.113 [restartedMain] DEBUG c.x.m.c.jwt.JwtAuthenticationFilter - Filter 'jwtAuthenticationFilter' configured for use
2025-10-30 15:13:19.220 [restartedMain] WARN  o.s.b.a.o.j.JpaBaseConfiguration$JpaWebConfiguration - spring.jpa.open-in-view is enabled by default. Therefore, database queries may be performed during view rendering. Explicitly configure spring.jpa.open-in-view to disable this warning
2025-10-30 15:13:19.230 [restartedMain] INFO  o.s.s.c.a.a.c.InitializeUserDetailsBeanManagerConfigurer$InitializeUserDetailsManagerConfigurer - Global AuthenticationManager configured with UserDetailsService bean with name memberDetailsService
2025-10-30 15:13:19.318 [restartedMain] WARN  o.s.s.c.a.web.builders.WebSecurity - You are asking Spring Security to ignore Deferred [Mvc [pattern='/css/**'], Ant [pattern='/css/**']]. This is not recommended -- please use permitAll via HttpSecurity#authorizeHttpRequests instead.
2025-10-30 15:13:19.318 [restartedMain] WARN  o.s.s.c.a.web.builders.WebSecurity - You are asking Spring Security to ignore Deferred [Mvc [pattern='/js/**'], Ant [pattern='/js/**']]. This is not recommended -- please use permitAll via HttpSecurity#authorizeHttpRequests instead.
2025-10-30 15:13:19.318 [restartedMain] WARN  o.s.s.c.a.web.builders.WebSecurity - You are asking Spring Security to ignore Deferred [Mvc [pattern='/images/**'], Ant [pattern='/images/**']]. This is not recommended -- please use permitAll via HttpSecurity#authorizeHttpRequests instead.
2025-10-30 15:13:19.318 [restartedMain] WARN  o.s.s.c.a.web.builders.WebSecurity - You are asking Spring Security to ignore Deferred [Mvc [pattern='/videos/**'], Ant [pattern='/videos/**']]. This is not recommended -- please use permitAll via HttpSecurity#authorizeHttpRequests instead.
2025-10-30 15:13:19.318 [restartedMain] WARN  o.s.s.c.a.web.builders.WebSecurity - You are asking Spring Security to ignore Deferred [Mvc [pattern='/favicon.ico'], Ant [pattern='/favicon.ico']]. This is not recommended -- please use permitAll via HttpSecurity#authorizeHttpRequests instead.
2025-10-30 15:13:19.318 [restartedMain] WARN  o.s.s.c.a.web.builders.WebSecurity - You are asking Spring Security to ignore Deferred [Mvc [pattern='/webjars/**'], Ant [pattern='/webjars/**']]. This is not recommended -- please use permitAll via HttpSecurity#authorizeHttpRequests instead.
2025-10-30 15:13:19.318 [restartedMain] WARN  o.s.s.c.a.web.builders.WebSecurity - You are asking Spring Security to ignore Deferred [Mvc [pattern='/static/**'], Ant [pattern='/static/**']]. This is not recommended -- please use permitAll via HttpSecurity#authorizeHttpRequests instead.
2025-10-30 15:13:19.329 [restartedMain] INFO  o.s.v.b.OptionalValidatorFactoryBean - Failed to set up a Bean Validation provider: jakarta.validation.NoProviderFoundException: Unable to create a Configuration, because no Jakarta Bean Validation provider could be found. Add a provider like Hibernate Validator (RI) to your classpath.
2025-10-30 15:13:19.458 [restartedMain] INFO  o.s.b.d.a.OptionalLiveReloadServer - LiveReload server is running on port 35729
2025-10-30 15:13:19.467 [restartedMain] INFO  o.a.coyote.http11.Http11NioProtocol - Starting ProtocolHandler ["http-nio-8001"]
2025-10-30 15:13:19.469 [restartedMain] INFO  o.s.b.w.e.tomcat.TomcatWebServer - Tomcat started on port 8001 (http) with context path '/'
2025-10-30 15:13:19.471 [restartedMain] INFO  com.xladmt.makify.MakifyApplication - Started MakifyApplication in 0.793 seconds (process running for 593.287)
2025-10-30 15:13:19.472 [restartedMain] INFO  o.s.b.d.a.ConditionEvaluationDeltaLoggingListener - Condition evaluation unchanged
2025-10-30 15:13:23.066 [http-nio-8001-exec-1] INFO  o.a.c.c.C.[Tomcat].[localhost].[/] - Initializing Spring DispatcherServlet 'dispatcherServlet'
2025-10-30 15:13:23.066 [http-nio-8001-exec-1] INFO  o.s.web.servlet.DispatcherServlet - Initializing Servlet 'dispatcherServlet'
2025-10-30 15:13:23.068 [http-nio-8001-exec-1] INFO  o.s.web.servlet.DispatcherServlet - Completed initialization in 2 ms
2025-10-30 15:13:23.073 [http-nio-8001-exec-1] INFO  c.x.m.c.aop.ControllerLoggingAspect - ═══════════════════════════════════════════════════════════════
2025-10-30 15:13:23.074 [http-nio-8001-exec-1] INFO  c.x.m.c.aop.ControllerLoggingAspect - [REQUEST] 2025-10-30 15:13:23.074
2025-10-30 15:13:23.074 [http-nio-8001-exec-1] INFO  c.x.m.c.aop.ControllerLoggingAspect -   Method: GET | URI: /challenges
2025-10-30 15:13:23.074 [http-nio-8001-exec-1] INFO  c.x.m.c.aop.ControllerLoggingAspect -   Query: page=1&size=12
2025-10-30 15:13:23.074 [http-nio-8001-exec-1] INFO  c.x.m.c.aop.ControllerLoggingAspect -   Client IP: 0:0:0:0:0:0:0:1 | User ID: ANONYMOUS
2025-10-30 15:13:23.078 [http-nio-8001-exec-1] INFO  c.x.m.c.aop.ServiceLoggingAspect - ───────────────────────────────────────────────────────────────
2025-10-30 15:13:23.078 [http-nio-8001-exec-1] INFO  c.x.m.c.aop.ServiceLoggingAspect - [SERVICE START] ChallengeServiceImpl.getAllVisibleChallenges
2025-10-30 15:13:23.274 [http-nio-8001-exec-1] INFO  c.x.m.c.aop.ServiceLoggingAspect - [SERVICE END] ChallengeServiceImpl.getAllVisibleChallenges
2025-10-30 15:13:23.274 [http-nio-8001-exec-1] INFO  c.x.m.c.aop.ServiceLoggingAspect -   Return Value: [Collection of 19024 items]
2025-10-30 15:13:23.274 [http-nio-8001-exec-1] INFO  c.x.m.c.aop.ServiceLoggingAspect -   Execution Time: 196ms
2025-10-30 15:13:23.274 [http-nio-8001-exec-1] INFO  c.x.m.c.aop.ServiceLoggingAspect - ───────────────────────────────────────────────────────────────
2025-10-30 15:13:23.277 [http-nio-8001-exec-1] INFO  c.x.m.c.aop.ControllerLoggingAspect - [RESPONSE] Status: 200 | Time: 203ms
2025-10-30 15:13:23.277 [http-nio-8001-exec-1] INFO  c.x.m.c.aop.ControllerLoggingAspect -   Response Body: "challenge/challenges"
2025-10-30 15:13:23.277 [http-nio-8001-exec-1] INFO  c.x.m.c.aop.ControllerLoggingAspect - ═══════════════════════════════════════════════════════════════
2025-10-30 15:13:23.285 [http-nio-8001-exec-1] WARN  o.t.s.p.AbstractStandardFragmentInsertionTagProcessor - [THYMELEAF][http-nio-8001-exec-1][challenge/challenges] Deprecated unwrapped fragment expression "fragments/navbar :: navbar" found in template challenge/challenges, line 16, col 6. Please use the complete syntax of fragment expressions instead ("~{fragments/navbar :: navbar}"). The old, unwrapped syntax for fragment expressions will be removed in future versions of Thymeleaf.
2025-10-30 15:13:23.289 [http-nio-8001-exec-1] WARN  o.t.s.p.AbstractStandardFragmentInsertionTagProcessor - [THYMELEAF][http-nio-8001-exec-1][challenge/challenges] Deprecated unwrapped fragment expression "fragments/footer :: footer" found in template challenge/challenges, line 136, col 6. Please use the complete syntax of fragment expressions instead ("~{fragments/footer :: footer}"). The old, unwrapped syntax for fragment expressions will be removed in future versions of Thymeleaf.
2025-10-30 15:13:25.558 [http-nio-8001-exec-8] INFO  c.x.m.c.aop.ControllerLoggingAspect - ═══════════════════════════════════════════════════════════════
2025-10-30 15:13:25.559 [http-nio-8001-exec-8] INFO  c.x.m.c.aop.ControllerLoggingAspect - [REQUEST] 2025-10-30 15:13:25.559
2025-10-30 15:13:25.559 [http-nio-8001-exec-8] INFO  c.x.m.c.aop.ControllerLoggingAspect -   Method: GET | URI: /challenges
2025-10-30 15:13:25.559 [http-nio-8001-exec-8] INFO  c.x.m.c.aop.ControllerLoggingAspect -   Query: page=1&size=12
2025-10-30 15:13:25.559 [http-nio-8001-exec-8] INFO  c.x.m.c.aop.ControllerLoggingAspect -   Client IP: 0:0:0:0:0:0:0:1 | User ID: ANONYMOUS
2025-10-30 15:13:25.561 [http-nio-8001-exec-8] INFO  c.x.m.c.aop.ServiceLoggingAspect - ───────────────────────────────────────────────────────────────
2025-10-30 15:13:25.561 [http-nio-8001-exec-8] INFO  c.x.m.c.aop.ServiceLoggingAspect - [SERVICE START] ChallengeServiceImpl.getAllVisibleChallenges
2025-10-30 15:13:25.764 [http-nio-8001-exec-8] INFO  c.x.m.c.aop.ServiceLoggingAspect - [SERVICE END] ChallengeServiceImpl.getAllVisibleChallenges
2025-10-30 15:13:25.764 [http-nio-8001-exec-8] INFO  c.x.m.c.aop.ServiceLoggingAspect -   Return Value: [Collection of 19024 items]
2025-10-30 15:13:25.764 [http-nio-8001-exec-8] INFO  c.x.m.c.aop.ServiceLoggingAspect -   Execution Time: 203ms
2025-10-30 15:13:25.764 [http-nio-8001-exec-8] INFO  c.x.m.c.aop.ServiceLoggingAspect - ───────────────────────────────────────────────────────────────
2025-10-30 15:13:25.766 [http-nio-8001-exec-8] INFO  c.x.m.c.aop.ControllerLoggingAspect - [RESPONSE] Status: 200 | Time: 207ms
2025-10-30 15:13:25.766 [http-nio-8001-exec-8] INFO  c.x.m.c.aop.ControllerLoggingAspect -   Response Body: "challenge/challenges"
2025-10-30 15:13:25.766 [http-nio-8001-exec-8] INFO  c.x.m.c.aop.ControllerLoggingAspect - ═══════════════════════════════════════════════════════════════
2025-10-30 15:13:25.766 [http-nio-8001-exec-8] WARN  o.t.s.p.AbstractStandardFragmentInsertionTagProcessor - [THYMELEAF][http-nio-8001-exec-8][challenge/challenges] Deprecated unwrapped fragment expression "fragments/navbar :: navbar" found in template challenge/challenges, line 16, col 6. Please use the complete syntax of fragment expressions instead ("~{fragments/navbar :: navbar}"). The old, unwrapped syntax for fragment expressions will be removed in future versions of Thymeleaf.
2025-10-30 15:13:25.769 [http-nio-8001-exec-8] WARN  o.t.s.p.AbstractStandardFragmentInsertionTagProcessor - [THYMELEAF][http-nio-8001-exec-8][challenge/challenges] Deprecated unwrapped fragment expression "fragments/footer :: footer" found in template challenge/challenges, line 136, col 6. Please use the complete syntax of fragment expressions instead ("~{fragments/footer :: footer}"). The old, unwrapped syntax for fragment expressions will be removed in future versions of Thymeleaf.
2025-10-30 15:13:28.995 [http-nio-8001-exec-6] INFO  c.x.m.c.aop.ControllerLoggingAspect - ═══════════════════════════════════════════════════════════════
2025-10-30 15:13:28.996 [http-nio-8001-exec-6] INFO  c.x.m.c.aop.ControllerLoggingAspect - [REQUEST] 2025-10-30 15:13:28.996
2025-10-30 15:13:28.996 [http-nio-8001-exec-6] INFO  c.x.m.c.aop.ControllerLoggingAspect -   Method: GET | URI: /challenges
2025-10-30 15:13:28.996 [http-nio-8001-exec-6] INFO  c.x.m.c.aop.ControllerLoggingAspect -   Query: page=0&size=12
2025-10-30 15:13:28.996 [http-nio-8001-exec-6] INFO  c.x.m.c.aop.ControllerLoggingAspect -   Client IP: 0:0:0:0:0:0:0:1 | User ID: ANONYMOUS
2025-10-30 15:13:28.997 [http-nio-8001-exec-6] INFO  c.x.m.c.aop.ServiceLoggingAspect - ───────────────────────────────────────────────────────────────
2025-10-30 15:13:28.997 [http-nio-8001-exec-6] INFO  c.x.m.c.aop.ServiceLoggingAspect - [SERVICE START] ChallengeServiceImpl.getAllVisibleChallenges
2025-10-30 15:13:29.197 [http-nio-8001-exec-6] INFO  c.x.m.c.aop.ServiceLoggingAspect - [SERVICE END] ChallengeServiceImpl.getAllVisibleChallenges
2025-10-30 15:13:29.197 [http-nio-8001-exec-6] INFO  c.x.m.c.aop.ServiceLoggingAspect -   Return Value: [Collection of 19024 items]
2025-10-30 15:13:29.197 [http-nio-8001-exec-6] INFO  c.x.m.c.aop.ServiceLoggingAspect -   Execution Time: 200ms
2025-10-30 15:13:29.197 [http-nio-8001-exec-6] INFO  c.x.m.c.aop.ServiceLoggingAspect - ───────────────────────────────────────────────────────────────
2025-10-30 15:13:29.198 [http-nio-8001-exec-6] INFO  c.x.m.c.aop.ControllerLoggingAspect - [RESPONSE] Status: 200 | Time: 202ms
2025-10-30 15:13:29.198 [http-nio-8001-exec-6] INFO  c.x.m.c.aop.ControllerLoggingAspect -   Response Body: "challenge/challenges"
2025-10-30 15:13:29.198 [http-nio-8001-exec-6] INFO  c.x.m.c.aop.ControllerLoggingAspect - ═══════════════════════════════════════════════════════════════
2025-10-30 15:13:29.199 [http-nio-8001-exec-6] WARN  o.t.s.p.AbstractStandardFragmentInsertionTagProcessor - [THYMELEAF][http-nio-8001-exec-6][challenge/challenges] Deprecated unwrapped fragment expression "fragments/navbar :: navbar" found in template challenge/challenges, line 16, col 6. Please use the complete syntax of fragment expressions instead ("~{fragments/navbar :: navbar}"). The old, unwrapped syntax for fragment expressions will be removed in future versions of Thymeleaf.
2025-10-30 15:13:29.201 [http-nio-8001-exec-6] WARN  o.t.s.p.AbstractStandardFragmentInsertionTagProcessor - [THYMELEAF][http-nio-8001-exec-6][challenge/challenges] Deprecated unwrapped fragment expression "fragments/footer :: footer" found in template challenge/challenges, line 136, col 6. Please use the complete syntax of fragment expressions instead ("~{fragments/footer :: footer}"). The old, unwrapped syntax for fragment expressions will be removed in future versions of Thymeleaf.
2025-10-30 15:21:32.423 [http-nio-8001-exec-3] INFO  c.x.m.c.aop.ControllerLoggingAspect - ═══════════════════════════════════════════════════════════════
2025-10-30 15:21:32.424 [http-nio-8001-exec-3] INFO  c.x.m.c.aop.ControllerLoggingAspect - [REQUEST] 2025-10-30 15:21:32.424
2025-10-30 15:21:32.424 [http-nio-8001-exec-3] INFO  c.x.m.c.aop.ControllerLoggingAspect -   Method: GET | URI: /login
2025-10-30 15:21:32.424 [http-nio-8001-exec-3] INFO  c.x.m.c.aop.ControllerLoggingAspect -   Client IP: 0:0:0:0:0:0:0:1 | User ID: ANONYMOUS
2025-10-30 15:21:32.424 [http-nio-8001-exec-3] INFO  c.x.m.c.aop.ControllerLoggingAspect - [RESPONSE] Status: 200 | Time: 0ms
2025-10-30 15:21:32.424 [http-nio-8001-exec-3] INFO  c.x.m.c.aop.ControllerLoggingAspect -   Response Body: "member/login"
2025-10-30 15:21:32.424 [http-nio-8001-exec-3] INFO  c.x.m.c.aop.ControllerLoggingAspect - ═══════════════════════════════════════════════════════════════
2025-10-30 15:21:36.134 [http-nio-8001-exec-7] INFO  c.x.makify.common.jwt.JwtLoginFilter - 로그인 필터 들어옴
2025-10-30 15:21:36.135 [http-nio-8001-exec-7] INFO  c.x.makify.common.jwt.JwtLoginFilter - 🚨 [RAW BODY] {"loginId":"user1","password":"1234"}
2025-10-30 15:21:36.136 [http-nio-8001-exec-7] INFO  c.x.makify.common.jwt.JwtLoginFilter - Content-Type: application/json
2025-10-30 15:21:36.154 [http-nio-8001-exec-7] INFO  c.x.m.c.c.s.MemberDetailsService - 🔍 로그인 시도 ID: user1
2025-10-30 15:21:36.336 [http-nio-8001-exec-10] INFO  c.x.m.c.c.s.MemberDetailsService - 🔍 로그인 시도 ID: user1
2025-10-30 15:21:36.338 [http-nio-8001-exec-10] INFO  c.x.m.c.aop.ControllerLoggingAspect - ═══════════════════════════════════════════════════════════════
2025-10-30 15:21:36.338 [http-nio-8001-exec-10] INFO  c.x.m.c.aop.ControllerLoggingAspect - [REQUEST] 2025-10-30 15:21:36.338
2025-10-30 15:21:36.338 [http-nio-8001-exec-10] INFO  c.x.m.c.aop.ControllerLoggingAspect -   Method: GET | URI: /
2025-10-30 15:21:36.338 [http-nio-8001-exec-10] INFO  c.x.m.c.aop.ControllerLoggingAspect -   Client IP: 0:0:0:0:0:0:0:1 | User ID: ANONYMOUS
2025-10-30 15:21:36.338 [http-nio-8001-exec-10] INFO  c.x.m.c.aop.ControllerLoggingAspect - [RESPONSE] Status: 200 | Time: 0ms
2025-10-30 15:21:36.338 [http-nio-8001-exec-10] INFO  c.x.m.c.aop.ControllerLoggingAspect -   Response Body: "home"
2025-10-30 15:21:36.338 [http-nio-8001-exec-10] INFO  c.x.m.c.aop.ControllerLoggingAspect - ═══════════════════════════════════════════════════════════════
2025-10-30 15:21:36.339 [http-nio-8001-exec-10] WARN  o.t.s.p.AbstractStandardFragmentInsertionTagProcessor - [THYMELEAF][http-nio-8001-exec-10][home] Deprecated unwrapped fragment expression "fragments/navbar :: navbar" found in template home, line 18, col 8. Please use the complete syntax of fragment expressions instead ("~{fragments/navbar :: navbar}"). The old, unwrapped syntax for fragment expressions will be removed in future versions of Thymeleaf.
2025-10-30 15:21:36.341 [http-nio-8001-exec-10] WARN  o.t.s.p.AbstractStandardFragmentInsertionTagProcessor - [THYMELEAF][http-nio-8001-exec-10][home] Deprecated unwrapped fragment expression "fragments/footer :: footer" found in template home, line 222, col 8. Please use the complete syntax of fragment expressions instead ("~{fragments/footer :: footer}"). The old, unwrapped syntax for fragment expressions will be removed in future versions of Thymeleaf.
2025-10-30 15:21:36.349 [http-nio-8001-exec-2] INFO  c.x.m.c.c.s.MemberDetailsService - 🔍 로그인 시도 ID: user1
2025-10-30 15:21:36.349 [http-nio-8001-exec-6] INFO  c.x.m.c.c.s.MemberDetailsService - 🔍 로그인 시도 ID: user1
2025-10-30 15:21:36.349 [http-nio-8001-exec-9] INFO  c.x.m.c.c.s.MemberDetailsService - 🔍 로그인 시도 ID: user1
2025-10-30 15:21:36.349 [http-nio-8001-exec-5] INFO  c.x.m.c.c.s.MemberDetailsService - 🔍 로그인 시도 ID: user1
2025-10-30 15:21:38.812 [http-nio-8001-exec-4] INFO  c.x.m.c.c.s.MemberDetailsService - 🔍 로그인 시도 ID: user1
2025-10-30 15:21:38.822 [http-nio-8001-exec-4] INFO  c.x.m.c.aop.ControllerLoggingAspect - ═══════════════════════════════════════════════════════════════
2025-10-30 15:21:38.822 [http-nio-8001-exec-4] INFO  c.x.m.c.aop.ControllerLoggingAspect - [REQUEST] 2025-10-30 15:21:38.822
2025-10-30 15:21:38.822 [http-nio-8001-exec-4] INFO  c.x.m.c.aop.ControllerLoggingAspect -   Method: GET | URI: /challenges
2025-10-30 15:21:38.822 [http-nio-8001-exec-4] INFO  c.x.m.c.aop.ControllerLoggingAspect -   Client IP: 0:0:0:0:0:0:0:1 | User ID: ANONYMOUS
2025-10-30 15:21:38.824 [http-nio-8001-exec-4] INFO  c.x.m.c.aop.ServiceLoggingAspect - ───────────────────────────────────────────────────────────────
2025-10-30 15:21:38.824 [http-nio-8001-exec-4] INFO  c.x.m.c.aop.ServiceLoggingAspect - [SERVICE START] ChallengeServiceImpl.getAllVisibleChallenges
2025-10-30 15:21:39.024 [http-nio-8001-exec-4] INFO  c.x.m.c.aop.ServiceLoggingAspect - [SERVICE END] ChallengeServiceImpl.getAllVisibleChallenges
2025-10-30 15:21:39.024 [http-nio-8001-exec-4] INFO  c.x.m.c.aop.ServiceLoggingAspect -   Return Value: [Collection of 19024 items]
2025-10-30 15:21:39.024 [http-nio-8001-exec-4] INFO  c.x.m.c.aop.ServiceLoggingAspect -   Execution Time: 200ms
2025-10-30 15:21:39.024 [http-nio-8001-exec-4] INFO  c.x.m.c.aop.ServiceLoggingAspect - ───────────────────────────────────────────────────────────────
2025-10-30 15:21:39.028 [http-nio-8001-exec-4] INFO  c.x.m.c.aop.ControllerLoggingAspect - [RESPONSE] Status: 200 | Time: 206ms
2025-10-30 15:21:39.028 [http-nio-8001-exec-4] INFO  c.x.m.c.aop.ControllerLoggingAspect -   Response Body: "challenge/challenges"
2025-10-30 15:21:39.028 [http-nio-8001-exec-4] INFO  c.x.m.c.aop.ControllerLoggingAspect - ═══════════════════════════════════════════════════════════════
2025-10-30 15:21:39.029 [http-nio-8001-exec-4] WARN  o.t.s.p.AbstractStandardFragmentInsertionTagProcessor - [THYMELEAF][http-nio-8001-exec-4][challenge/challenges] Deprecated unwrapped fragment expression "fragments/navbar :: navbar" found in template challenge/challenges, line 16, col 6. Please use the complete syntax of fragment expressions instead ("~{fragments/navbar :: navbar}"). The old, unwrapped syntax for fragment expressions will be removed in future versions of Thymeleaf.
2025-10-30 15:21:39.031 [http-nio-8001-exec-4] WARN  o.t.s.p.AbstractStandardFragmentInsertionTagProcessor - [THYMELEAF][http-nio-8001-exec-4][challenge/challenges] Deprecated unwrapped fragment expression "fragments/footer :: footer" found in template challenge/challenges, line 136, col 6. Please use the complete syntax of fragment expressions instead ("~{fragments/footer :: footer}"). The old, unwrapped syntax for fragment expressions will be removed in future versions of Thymeleaf.
2025-10-30 15:21:39.047 [http-nio-8001-exec-7] INFO  c.x.m.c.c.s.MemberDetailsService - 🔍 로그인 시도 ID: user1
2025-10-30 15:21:39.047 [http-nio-8001-exec-8] INFO  c.x.m.c.c.s.MemberDetailsService - 🔍 로그인 시도 ID: user1
2025-10-30 15:21:39.047 [http-nio-8001-exec-3] INFO  c.x.m.c.c.s.MemberDetailsService - 🔍 로그인 시도 ID: user1
2025-10-30 15:21:39.047 [http-nio-8001-exec-10] INFO  c.x.m.c.c.s.MemberDetailsService - 🔍 로그인 시도 ID: user1
2025-10-30 15:21:39.047 [http-nio-8001-exec-1] INFO  c.x.m.c.c.s.MemberDetailsService - 🔍 로그인 시도 ID: user1
2025-10-30 15:21:40.846 [http-nio-8001-exec-9] INFO  c.x.m.c.c.s.MemberDetailsService - 🔍 로그인 시도 ID: user1
2025-10-30 15:21:40.855 [http-nio-8001-exec-9] INFO  c.x.m.c.aop.ControllerLoggingAspect - ═══════════════════════════════════════════════════════════════
2025-10-30 15:21:40.855 [http-nio-8001-exec-9] INFO  c.x.m.c.aop.ControllerLoggingAspect - [REQUEST] 2025-10-30 15:21:40.855
2025-10-30 15:21:40.855 [http-nio-8001-exec-9] INFO  c.x.m.c.aop.ControllerLoggingAspect -   Method: GET | URI: /api/challenges/search
2025-10-30 15:21:40.855 [http-nio-8001-exec-9] INFO  c.x.m.c.aop.ControllerLoggingAspect -   Query: keyword=%EB%A7%A4%EC%9D%BC&sortBy=latest&page=0&size=12
2025-10-30 15:21:40.855 [http-nio-8001-exec-9] INFO  c.x.m.c.aop.ControllerLoggingAspect -   Client IP: 0:0:0:0:0:0:0:1 | User ID: ANONYMOUS
2025-10-30 15:21:40.855 [http-nio-8001-exec-9] INFO  c.x.m.c.c.ChallengeController - 검색 API 호출: keyword=매일, category=null, status=null, sortBy=latest
2025-10-30 15:21:40.859 [http-nio-8001-exec-9] INFO  c.x.m.c.aop.ServiceLoggingAspect - ───────────────────────────────────────────────────────────────
2025-10-30 15:21:40.859 [http-nio-8001-exec-9] INFO  c.x.m.c.aop.ServiceLoggingAspect - [SERVICE START] ChallengeServiceImpl.getAllVisibleChallenges
2025-10-30 15:21:41.039 [http-nio-8001-exec-9] INFO  c.x.m.c.aop.ServiceLoggingAspect - [SERVICE END] ChallengeServiceImpl.getAllVisibleChallenges
2025-10-30 15:21:41.039 [http-nio-8001-exec-9] INFO  c.x.m.c.aop.ServiceLoggingAspect -   Return Value: [Collection of 19024 items]
2025-10-30 15:21:41.039 [http-nio-8001-exec-9] INFO  c.x.m.c.aop.ServiceLoggingAspect -   Execution Time: 180ms
2025-10-30 15:21:41.039 [http-nio-8001-exec-9] INFO  c.x.m.c.aop.ServiceLoggingAspect - ───────────────────────────────────────────────────────────────
2025-10-30 15:21:41.041 [http-nio-8001-exec-9] INFO  c.x.m.c.c.ChallengeController - 전체 챌린지 개수: 19024
2025-10-30 15:21:41.048 [http-nio-8001-exec-9] INFO  c.x.m.c.c.ChallengeController - 필터링 결과: 전체 6개, 현재 페이지 6개
2025-10-30 15:21:41.049 [http-nio-8001-exec-9] INFO  c.x.m.c.c.ChallengeController - 검색 결과: 6개 챌린지 반환 (전체: 6)
2025-10-30 15:21:41.049 [http-nio-8001-exec-9] INFO  c.x.m.c.aop.ControllerLoggingAspect - [RESPONSE] Status: 200 | Time: 194ms
2025-10-30 15:21:41.054 [http-nio-8001-exec-9] INFO  c.x.m.c.aop.ControllerLoggingAspect -   Response Body: {"headers":{},"body":{"success":true,"totalPages":1,"hasPrevious":false,"hasNext":false,"currentPage":0,"content":[{"endDate":"2025-09-30","statusDisplayName":"완료","categoryDisplayName":"규칙적인 생활","currentParticipants":0,"description":"매일 영양제를 챙겨먹고 인증합니다. (오늘 날짜가 보여야 함.)","id":17,"title":"영양제 챙겨먹기","category":"ROUTINE","startDate":"2025-09-01","maxParticipants":30,"status":"COMPLETED"},{"endDate":"2025-10-20","statusDisplayName":"완료","categoryDisplayName":"식습관","currentParticipants":0,"description":"매일 정해진 시간에 음식을 먹습니다. (1일 3끼 인증)","id":19,"title":"규칙적인 식사 챌린지","category":"EATING_HABITS","startDate":"2025-09-10","maxParticipants":30,"status":"COMPLETED"},{"endDate":"2025-10-20","statusDisplayName":"완료","categoryDisplayName":"식습관","currentParticipants":0,"description":"매일 정해진 시간에 음식을 먹습니다. (1일 2끼 인증)","id":15,"title":"규칙적인 식사 챌린지","category":"EATING_HABITS","startDate":"2025-09-10","maxParticipants":30,"status":"COMPLETED"},{"endDate":"2025-08-30","statusDisplayName":"완료","categoryDisplayName":"규칙적인 생활","currentParticipants":0,"description":"매일 10시 전에 자는 것을 인증합니다. 불꺼진 조명으로 인증합니다.","id":9,"title":"10시 취침 챌린지","category":"ROUTINE","startDate":"2025-07-30","maxParticipants":30,"status":"COMPLETED"},{"endDate":"2025-10-30","statusDisplayName":"진행중","categoryDisplayName":"마음챙김","currentParticipants":0,"description":"매일 1개의 좋은 문구 혹은 글귀를 필사하여 인증합니다.","id":6,"title":"글귀 필사 챌린지","category":"MINDSET","startDate":"2025-09-30","maxParticipants":20,"status":"IN_PROGRESS"},{"endDate":"2025-08-05","statusDisplayName":"완료","categoryDisplayName":"규칙적인 생활","currentParticipants":0,"description":"매일 아침 6시에 기상 인증","id":1,"title":"기상 챌린지","category":"ROUTINE","startDate":"2025-07-10","maxParticipants":10,"status":"COMPLETED"}],"totalElements":6},"statusCode":"OK","statusCodeValue":200}
2025-10-30 15:21:41.054 [http-nio-8001-exec-9] INFO  c.x.m.c.aop.ControllerLoggingAspect - ═══════════════════════════════════════════════════════════════
2025-10-30 15:21:41.067 [http-nio-8001-exec-2] INFO  c.x.m.c.c.s.MemberDetailsService - 🔍 로그인 시도 ID: user1
2025-10-30 15:38:03.693 [File Watcher] INFO  o.s.b.d.a.LocalDevToolsAutoConfiguration$RestartingClassPathChangeChangedEventListener - Restarting due to 30 class path changes (3 additions, 0 deletions, 27 modifications)
2025-10-30 15:38:03.695 [Thread-11] INFO  o.s.b.w.e.tomcat.GracefulShutdown - Commencing graceful shutdown. Waiting for active requests to complete
2025-10-30 15:38:03.695 [tomcat-shutdown] INFO  o.a.coyote.http11.Http11NioProtocol - Pausing ProtocolHandler ["http-nio-8001"]
2025-10-30 15:38:03.696 [tomcat-shutdown] INFO  o.s.b.w.e.tomcat.GracefulShutdown - Graceful shutdown complete
2025-10-30 15:38:03.696 [Thread-11] INFO  o.a.coyote.http11.Http11NioProtocol - Stopping ProtocolHandler ["http-nio-8001"]
2025-10-30 15:38:03.704 [Thread-11] INFO  o.s.o.j.LocalContainerEntityManagerFactoryBean - Closing JPA EntityManagerFactory for persistence unit 'default'
2025-10-30 15:38:03.705 [Thread-11] INFO  com.zaxxer.hikari.HikariDataSource - HikariPool-3 - Shutdown initiated...
2025-10-30 15:38:03.707 [Thread-11] INFO  com.zaxxer.hikari.HikariDataSource - HikariPool-3 - Shutdown completed.
2025-10-30 15:38:03.755 [restartedMain] INFO  com.xladmt.makify.MakifyApplication - Starting MakifyApplication using Java 17.0.14 with PID 13087 (/Users/oseungmin/Documents/workspace/makify/build/classes/java/main started by oseungmin in /Users/oseungmin/Documents/workspace/makify)
2025-10-30 15:38:03.755 [restartedMain] DEBUG com.xladmt.makify.MakifyApplication - Running with Spring Boot v3.4.1, Spring v6.2.1
2025-10-30 15:38:03.755 [restartedMain] INFO  com.xladmt.makify.MakifyApplication - No active profile set, falling back to 1 default profile: "default"
2025-10-30 15:38:03.823 [restartedMain] INFO  o.s.d.r.c.RepositoryConfigurationDelegate - Multiple Spring Data modules found, entering strict repository configuration mode
2025-10-30 15:38:03.823 [restartedMain] INFO  o.s.d.r.c.RepositoryConfigurationDelegate - Bootstrapping Spring Data JPA repositories in DEFAULT mode.
2025-10-30 15:38:03.829 [restartedMain] INFO  o.s.d.r.c.RepositoryConfigurationDelegate - Finished Spring Data repository scanning in 5 ms. Found 5 JPA repository interfaces.
2025-10-30 15:38:03.830 [restartedMain] INFO  o.s.d.r.c.RepositoryConfigurationDelegate - Multiple Spring Data modules found, entering strict repository configuration mode
2025-10-30 15:38:03.830 [restartedMain] INFO  o.s.d.r.c.RepositoryConfigurationDelegate - Bootstrapping Spring Data Redis repositories in DEFAULT mode.
2025-10-30 15:38:03.831 [restartedMain] INFO  o.s.d.r.c.RepositoryConfigurationExtensionSupport - Spring Data Redis - Could not safely identify store assignment for repository candidate interface com.xladmt.makify.challenge.repository.ChallengeRepository; If you want this repository to be a Redis repository, consider annotating your entities with one of these annotations: org.springframework.data.redis.core.RedisHash (preferred), or consider extending one of the following types with your repository: org.springframework.data.keyvalue.repository.KeyValueRepository
2025-10-30 15:38:03.831 [restartedMain] INFO  o.s.d.r.c.RepositoryConfigurationExtensionSupport - Spring Data Redis - Could not safely identify store assignment for repository candidate interface com.xladmt.makify.challenge.repository.UserChallengeRepository; If you want this repository to be a Redis repository, consider annotating your entities with one of these annotations: org.springframework.data.redis.core.RedisHash (preferred), or consider extending one of the following types with your repository: org.springframework.data.keyvalue.repository.KeyValueRepository
2025-10-30 15:38:03.831 [restartedMain] INFO  o.s.d.r.c.RepositoryConfigurationExtensionSupport - Spring Data Redis - Could not safely identify store assignment for repository candidate interface com.xladmt.makify.challenge.repository.VerificationMethodRepository; If you want this repository to be a Redis repository, consider annotating your entities with one of these annotations: org.springframework.data.redis.core.RedisHash (preferred), or consider extending one of the following types with your repository: org.springframework.data.keyvalue.repository.KeyValueRepository
2025-10-30 15:38:03.831 [restartedMain] INFO  o.s.d.r.c.RepositoryConfigurationExtensionSupport - Spring Data Redis - Could not safely identify store assignment for repository candidate interface com.xladmt.makify.member.repository.MemberRepository; If you want this repository to be a Redis repository, consider annotating your entities with one of these annotations: org.springframework.data.redis.core.RedisHash (preferred), or consider extending one of the following types with your repository: org.springframework.data.keyvalue.repository.KeyValueRepository
2025-10-30 15:38:03.831 [restartedMain] INFO  o.s.d.r.c.RepositoryConfigurationExtensionSupport - Spring Data Redis - Could not safely identify store assignment for repository candidate interface com.xladmt.makify.payment.repository.PaymentRepository; If you want this repository to be a Redis repository, consider annotating your entities with one of these annotations: org.springframework.data.redis.core.RedisHash (preferred), or consider extending one of the following types with your repository: org.springframework.data.keyvalue.repository.KeyValueRepository
2025-10-30 15:38:03.831 [restartedMain] INFO  o.s.d.r.c.RepositoryConfigurationDelegate - Finished Spring Data repository scanning in 1 ms. Found 0 Redis repository interfaces.
2025-10-30 15:38:03.898 [restartedMain] INFO  o.s.b.w.e.tomcat.TomcatWebServer - Tomcat initialized with port 8001 (http)
2025-10-30 15:38:03.898 [restartedMain] INFO  o.a.coyote.http11.Http11NioProtocol - Initializing ProtocolHandler ["http-nio-8001"]
2025-10-30 15:38:03.898 [restartedMain] INFO  o.a.catalina.core.StandardService - Starting service [Tomcat]
2025-10-30 15:38:03.898 [restartedMain] INFO  o.a.catalina.core.StandardEngine - Starting Servlet engine: [Apache Tomcat/10.1.34]
2025-10-30 15:38:03.902 [restartedMain] INFO  o.a.c.c.C.[Tomcat].[localhost].[/] - Initializing Spring embedded WebApplicationContext
2025-10-30 15:38:03.902 [restartedMain] INFO  o.s.b.w.s.c.ServletWebServerApplicationContext - Root WebApplicationContext: initialization completed in 146 ms
2025-10-30 15:38:03.966 [restartedMain] INFO  o.h.jpa.internal.util.LogHelper - HHH000204: Processing PersistenceUnitInfo [name: default]
2025-10-30 15:38:03.967 [restartedMain] INFO  o.h.c.i.RegionFactoryInitiator - HHH000026: Second-level cache disabled
2025-10-30 15:38:03.971 [restartedMain] INFO  o.s.o.j.p.SpringPersistenceUnitInfo - No LoadTimeWeaver setup: ignoring JPA class transformer
2025-10-30 15:38:03.971 [restartedMain] INFO  com.zaxxer.hikari.HikariDataSource - HikariPool-4 - Starting...
2025-10-30 15:38:03.980 [restartedMain] INFO  com.zaxxer.hikari.pool.HikariPool - HikariPool-4 - Added connection com.mysql.cj.jdbc.ConnectionImpl@54240b23
2025-10-30 15:38:03.980 [restartedMain] INFO  com.zaxxer.hikari.HikariDataSource - HikariPool-4 - Start completed.
2025-10-30 15:38:03.980 [restartedMain] WARN  org.hibernate.orm.deprecation - HHH90000025: MySQL8Dialect does not need to be specified explicitly using 'hibernate.dialect' (remove the property setting and it will be selected by default)
2025-10-30 15:38:03.980 [restartedMain] WARN  org.hibernate.orm.deprecation - HHH90000026: MySQL8Dialect has been deprecated; use org.hibernate.dialect.MySQLDialect instead
2025-10-30 15:38:03.981 [restartedMain] INFO  o.hibernate.orm.connections.pooling - HHH10001005: Database info:
	Database JDBC URL [Connecting through datasource 'HikariDataSource (HikariPool-4)']
	Database driver: undefined/unknown
	Database version: 8.0
	Autocommit mode: undefined/unknown
	Isolation level: undefined/unknown
	Minimum pool size: undefined/unknown
	Maximum pool size: undefined/unknown
2025-10-30 15:38:04.043 [restartedMain] INFO  o.h.e.t.j.p.i.JtaPlatformInitiator - HHH000489: No JTA platform available (set 'hibernate.transaction.jta.platform' to enable JTA platform integration)
2025-10-30 15:38:04.110 [restartedMain] INFO  o.s.o.j.LocalContainerEntityManagerFactoryBean - Initialized JPA EntityManagerFactory for persistence unit 'default'
2025-10-30 15:38:04.186 [restartedMain] DEBUG c.x.m.c.jwt.JwtAuthenticationFilter - Filter 'jwtAuthenticationFilter' configured for use
2025-10-30 15:38:04.305 [restartedMain] WARN  o.s.b.a.o.j.JpaBaseConfiguration$JpaWebConfiguration - spring.jpa.open-in-view is enabled by default. Therefore, database queries may be performed during view rendering. Explicitly configure spring.jpa.open-in-view to disable this warning
2025-10-30 15:38:04.315 [restartedMain] INFO  o.s.s.c.a.a.c.InitializeUserDetailsBeanManagerConfigurer$InitializeUserDetailsManagerConfigurer - Global AuthenticationManager configured with UserDetailsService bean with name memberDetailsService
2025-10-30 15:38:04.400 [restartedMain] WARN  o.s.s.c.a.web.builders.WebSecurity - You are asking Spring Security to ignore Deferred [Mvc [pattern='/css/**'], Ant [pattern='/css/**']]. This is not recommended -- please use permitAll via HttpSecurity#authorizeHttpRequests instead.
2025-10-30 15:38:04.400 [restartedMain] WARN  o.s.s.c.a.web.builders.WebSecurity - You are asking Spring Security to ignore Deferred [Mvc [pattern='/js/**'], Ant [pattern='/js/**']]. This is not recommended -- please use permitAll via HttpSecurity#authorizeHttpRequests instead.
2025-10-30 15:38:04.400 [restartedMain] WARN  o.s.s.c.a.web.builders.WebSecurity - You are asking Spring Security to ignore Deferred [Mvc [pattern='/images/**'], Ant [pattern='/images/**']]. This is not recommended -- please use permitAll via HttpSecurity#authorizeHttpRequests instead.
2025-10-30 15:38:04.400 [restartedMain] WARN  o.s.s.c.a.web.builders.WebSecurity - You are asking Spring Security to ignore Deferred [Mvc [pattern='/videos/**'], Ant [pattern='/videos/**']]. This is not recommended -- please use permitAll via HttpSecurity#authorizeHttpRequests instead.
2025-10-30 15:38:04.400 [restartedMain] WARN  o.s.s.c.a.web.builders.WebSecurity - You are asking Spring Security to ignore Deferred [Mvc [pattern='/favicon.ico'], Ant [pattern='/favicon.ico']]. This is not recommended -- please use permitAll via HttpSecurity#authorizeHttpRequests instead.
2025-10-30 15:38:04.400 [restartedMain] WARN  o.s.s.c.a.web.builders.WebSecurity - You are asking Spring Security to ignore Deferred [Mvc [pattern='/webjars/**'], Ant [pattern='/webjars/**']]. This is not recommended -- please use permitAll via HttpSecurity#authorizeHttpRequests instead.
2025-10-30 15:38:04.400 [restartedMain] WARN  o.s.s.c.a.web.builders.WebSecurity - You are asking Spring Security to ignore Deferred [Mvc [pattern='/static/**'], Ant [pattern='/static/**']]. This is not recommended -- please use permitAll via HttpSecurity#authorizeHttpRequests instead.
2025-10-30 15:38:04.412 [restartedMain] INFO  o.s.v.b.OptionalValidatorFactoryBean - Failed to set up a Bean Validation provider: jakarta.validation.NoProviderFoundException: Unable to create a Configuration, because no Jakarta Bean Validation provider could be found. Add a provider like Hibernate Validator (RI) to your classpath.
2025-10-30 15:38:04.531 [restartedMain] INFO  o.s.b.d.a.OptionalLiveReloadServer - LiveReload server is running on port 35729
2025-10-30 15:38:04.537 [restartedMain] INFO  o.a.coyote.http11.Http11NioProtocol - Starting ProtocolHandler ["http-nio-8001"]
2025-10-30 15:38:04.538 [restartedMain] INFO  o.s.b.w.e.tomcat.TomcatWebServer - Tomcat started on port 8001 (http) with context path '/'
2025-10-30 15:38:04.540 [restartedMain] INFO  com.xladmt.makify.MakifyApplication - Started MakifyApplication in 0.795 seconds (process running for 2078.323)
2025-10-30 15:38:04.540 [restartedMain] INFO  o.s.b.d.a.ConditionEvaluationDeltaLoggingListener - Condition evaluation unchanged
2025-10-30 15:45:01.586 [File Watcher] INFO  o.s.b.d.a.LocalDevToolsAutoConfiguration$RestartingClassPathChangeChangedEventListener - Restarting due to 4 class path changes (0 additions, 0 deletions, 4 modifications)
2025-10-30 15:45:01.589 [Thread-15] INFO  o.s.b.w.e.tomcat.GracefulShutdown - Commencing graceful shutdown. Waiting for active requests to complete
2025-10-30 15:45:01.590 [tomcat-shutdown] INFO  o.a.coyote.http11.Http11NioProtocol - Pausing ProtocolHandler ["http-nio-8001"]
2025-10-30 15:45:01.592 [tomcat-shutdown] INFO  o.s.b.w.e.tomcat.GracefulShutdown - Graceful shutdown complete
2025-10-30 15:45:01.592 [Thread-15] INFO  o.a.coyote.http11.Http11NioProtocol - Stopping ProtocolHandler ["http-nio-8001"]
2025-10-30 15:45:01.594 [Thread-15] INFO  o.s.o.j.LocalContainerEntityManagerFactoryBean - Closing JPA EntityManagerFactory for persistence unit 'default'
2025-10-30 15:45:01.595 [Thread-15] INFO  com.zaxxer.hikari.HikariDataSource - HikariPool-4 - Shutdown initiated...
2025-10-30 15:45:01.598 [Thread-15] INFO  com.zaxxer.hikari.HikariDataSource - HikariPool-4 - Shutdown completed.
2025-10-30 15:45:01.654 [restartedMain] INFO  com.xladmt.makify.MakifyApplication - Starting MakifyApplication using Java 17.0.14 with PID 13087 (/Users/oseungmin/Documents/workspace/makify/build/classes/java/main started by oseungmin in /Users/oseungmin/Documents/workspace/makify)
2025-10-30 15:45:01.654 [restartedMain] DEBUG com.xladmt.makify.MakifyApplication - Running with Spring Boot v3.4.1, Spring v6.2.1
2025-10-30 15:45:01.654 [restartedMain] INFO  com.xladmt.makify.MakifyApplication - No active profile set, falling back to 1 default profile: "default"
2025-10-30 15:45:01.725 [restartedMain] INFO  o.s.d.r.c.RepositoryConfigurationDelegate - Multiple Spring Data modules found, entering strict repository configuration mode
2025-10-30 15:45:01.725 [restartedMain] INFO  o.s.d.r.c.RepositoryConfigurationDelegate - Bootstrapping Spring Data JPA repositories in DEFAULT mode.
2025-10-30 15:45:01.731 [restartedMain] INFO  o.s.d.r.c.RepositoryConfigurationDelegate - Finished Spring Data repository scanning in 5 ms. Found 5 JPA repository interfaces.
2025-10-30 15:45:01.732 [restartedMain] INFO  o.s.d.r.c.RepositoryConfigurationDelegate - Multiple Spring Data modules found, entering strict repository configuration mode
2025-10-30 15:45:01.732 [restartedMain] INFO  o.s.d.r.c.RepositoryConfigurationDelegate - Bootstrapping Spring Data Redis repositories in DEFAULT mode.
2025-10-30 15:45:01.734 [restartedMain] INFO  o.s.d.r.c.RepositoryConfigurationExtensionSupport - Spring Data Redis - Could not safely identify store assignment for repository candidate interface com.xladmt.makify.challenge.repository.ChallengeRepository; If you want this repository to be a Redis repository, consider annotating your entities with one of these annotations: org.springframework.data.redis.core.RedisHash (preferred), or consider extending one of the following types with your repository: org.springframework.data.keyvalue.repository.KeyValueRepository
2025-10-30 15:45:01.734 [restartedMain] INFO  o.s.d.r.c.RepositoryConfigurationExtensionSupport - Spring Data Redis - Could not safely identify store assignment for repository candidate interface com.xladmt.makify.challenge.repository.UserChallengeRepository; If you want this repository to be a Redis repository, consider annotating your entities with one of these annotations: org.springframework.data.redis.core.RedisHash (preferred), or consider extending one of the following types with your repository: org.springframework.data.keyvalue.repository.KeyValueRepository
2025-10-30 15:45:01.734 [restartedMain] INFO  o.s.d.r.c.RepositoryConfigurationExtensionSupport - Spring Data Redis - Could not safely identify store assignment for repository candidate interface com.xladmt.makify.challenge.repository.VerificationMethodRepository; If you want this repository to be a Redis repository, consider annotating your entities with one of these annotations: org.springframework.data.redis.core.RedisHash (preferred), or consider extending one of the following types with your repository: org.springframework.data.keyvalue.repository.KeyValueRepository
2025-10-30 15:45:01.734 [restartedMain] INFO  o.s.d.r.c.RepositoryConfigurationExtensionSupport - Spring Data Redis - Could not safely identify store assignment for repository candidate interface com.xladmt.makify.member.repository.MemberRepository; If you want this repository to be a Redis repository, consider annotating your entities with one of these annotations: org.springframework.data.redis.core.RedisHash (preferred), or consider extending one of the following types with your repository: org.springframework.data.keyvalue.repository.KeyValueRepository
2025-10-30 15:45:01.734 [restartedMain] INFO  o.s.d.r.c.RepositoryConfigurationExtensionSupport - Spring Data Redis - Could not safely identify store assignment for repository candidate interface com.xladmt.makify.payment.repository.PaymentRepository; If you want this repository to be a Redis repository, consider annotating your entities with one of these annotations: org.springframework.data.redis.core.RedisHash (preferred), or consider extending one of the following types with your repository: org.springframework.data.keyvalue.repository.KeyValueRepository
2025-10-30 15:45:01.734 [restartedMain] INFO  o.s.d.r.c.RepositoryConfigurationDelegate - Finished Spring Data repository scanning in 1 ms. Found 0 Redis repository interfaces.
2025-10-30 15:45:01.794 [restartedMain] INFO  o.s.b.w.e.tomcat.TomcatWebServer - Tomcat initialized with port 8001 (http)
2025-10-30 15:45:01.795 [restartedMain] INFO  o.a.coyote.http11.Http11NioProtocol - Initializing ProtocolHandler ["http-nio-8001"]
2025-10-30 15:45:01.795 [restartedMain] INFO  o.a.catalina.core.StandardService - Starting service [Tomcat]
2025-10-30 15:45:01.795 [restartedMain] INFO  o.a.catalina.core.StandardEngine - Starting Servlet engine: [Apache Tomcat/10.1.34]
2025-10-30 15:45:01.800 [restartedMain] INFO  o.a.c.c.C.[Tomcat].[localhost].[/] - Initializing Spring embedded WebApplicationContext
2025-10-30 15:45:01.800 [restartedMain] INFO  o.s.b.w.s.c.ServletWebServerApplicationContext - Root WebApplicationContext: initialization completed in 145 ms
2025-10-30 15:45:01.859 [restartedMain] INFO  o.h.jpa.internal.util.LogHelper - HHH000204: Processing PersistenceUnitInfo [name: default]
2025-10-30 15:45:01.860 [restartedMain] INFO  o.h.c.i.RegionFactoryInitiator - HHH000026: Second-level cache disabled
2025-10-30 15:45:01.863 [restartedMain] INFO  o.s.o.j.p.SpringPersistenceUnitInfo - No LoadTimeWeaver setup: ignoring JPA class transformer
2025-10-30 15:45:01.863 [restartedMain] INFO  com.zaxxer.hikari.HikariDataSource - HikariPool-5 - Starting...
2025-10-30 15:45:01.869 [restartedMain] INFO  com.zaxxer.hikari.pool.HikariPool - HikariPool-5 - Added connection com.mysql.cj.jdbc.ConnectionImpl@3472e855
2025-10-30 15:45:01.869 [restartedMain] INFO  com.zaxxer.hikari.HikariDataSource - HikariPool-5 - Start completed.
2025-10-30 15:45:01.869 [restartedMain] WARN  org.hibernate.orm.deprecation - HHH90000025: MySQL8Dialect does not need to be specified explicitly using 'hibernate.dialect' (remove the property setting and it will be selected by default)
2025-10-30 15:45:01.869 [restartedMain] WARN  org.hibernate.orm.deprecation - HHH90000026: MySQL8Dialect has been deprecated; use org.hibernate.dialect.MySQLDialect instead
2025-10-30 15:45:01.870 [restartedMain] INFO  o.hibernate.orm.connections.pooling - HHH10001005: Database info:
	Database JDBC URL [Connecting through datasource 'HikariDataSource (HikariPool-5)']
	Database driver: undefined/unknown
	Database version: 8.0
	Autocommit mode: undefined/unknown
	Isolation level: undefined/unknown
	Minimum pool size: undefined/unknown
	Maximum pool size: undefined/unknown
2025-10-30 15:45:01.921 [restartedMain] INFO  o.h.e.t.j.p.i.JtaPlatformInitiator - HHH000489: No JTA platform available (set 'hibernate.transaction.jta.platform' to enable JTA platform integration)
2025-10-30 15:45:01.984 [restartedMain] INFO  o.s.o.j.LocalContainerEntityManagerFactoryBean - Initialized JPA EntityManagerFactory for persistence unit 'default'
2025-10-30 15:45:02.064 [restartedMain] DEBUG c.x.m.c.jwt.JwtAuthenticationFilter - Filter 'jwtAuthenticationFilter' configured for use
2025-10-30 15:45:02.167 [restartedMain] WARN  o.s.b.a.o.j.JpaBaseConfiguration$JpaWebConfiguration - spring.jpa.open-in-view is enabled by default. Therefore, database queries may be performed during view rendering. Explicitly configure spring.jpa.open-in-view to disable this warning
2025-10-30 15:45:02.178 [restartedMain] INFO  o.s.s.c.a.a.c.InitializeUserDetailsBeanManagerConfigurer$InitializeUserDetailsManagerConfigurer - Global AuthenticationManager configured with UserDetailsService bean with name memberDetailsService
2025-10-30 15:45:02.259 [restartedMain] WARN  o.s.s.c.a.web.builders.WebSecurity - You are asking Spring Security to ignore Deferred [Mvc [pattern='/css/**'], Ant [pattern='/css/**']]. This is not recommended -- please use permitAll via HttpSecurity#authorizeHttpRequests instead.
2025-10-30 15:45:02.259 [restartedMain] WARN  o.s.s.c.a.web.builders.WebSecurity - You are asking Spring Security to ignore Deferred [Mvc [pattern='/js/**'], Ant [pattern='/js/**']]. This is not recommended -- please use permitAll via HttpSecurity#authorizeHttpRequests instead.
2025-10-30 15:45:02.259 [restartedMain] WARN  o.s.s.c.a.web.builders.WebSecurity - You are asking Spring Security to ignore Deferred [Mvc [pattern='/images/**'], Ant [pattern='/images/**']]. This is not recommended -- please use permitAll via HttpSecurity#authorizeHttpRequests instead.
2025-10-30 15:45:02.259 [restartedMain] WARN  o.s.s.c.a.web.builders.WebSecurity - You are asking Spring Security to ignore Deferred [Mvc [pattern='/videos/**'], Ant [pattern='/videos/**']]. This is not recommended -- please use permitAll via HttpSecurity#authorizeHttpRequests instead.
2025-10-30 15:45:02.259 [restartedMain] WARN  o.s.s.c.a.web.builders.WebSecurity - You are asking Spring Security to ignore Deferred [Mvc [pattern='/favicon.ico'], Ant [pattern='/favicon.ico']]. This is not recommended -- please use permitAll via HttpSecurity#authorizeHttpRequests instead.
2025-10-30 15:45:02.259 [restartedMain] WARN  o.s.s.c.a.web.builders.WebSecurity - You are asking Spring Security to ignore Deferred [Mvc [pattern='/webjars/**'], Ant [pattern='/webjars/**']]. This is not recommended -- please use permitAll via HttpSecurity#authorizeHttpRequests instead.
2025-10-30 15:45:02.259 [restartedMain] WARN  o.s.s.c.a.web.builders.WebSecurity - You are asking Spring Security to ignore Deferred [Mvc [pattern='/static/**'], Ant [pattern='/static/**']]. This is not recommended -- please use permitAll via HttpSecurity#authorizeHttpRequests instead.
2025-10-30 15:45:02.270 [restartedMain] INFO  o.s.v.b.OptionalValidatorFactoryBean - Failed to set up a Bean Validation provider: jakarta.validation.NoProviderFoundException: Unable to create a Configuration, because no Jakarta Bean Validation provider could be found. Add a provider like Hibernate Validator (RI) to your classpath.
2025-10-30 15:45:02.387 [restartedMain] INFO  o.s.b.d.a.OptionalLiveReloadServer - LiveReload server is running on port 35729
2025-10-30 15:45:02.394 [restartedMain] INFO  o.a.coyote.http11.Http11NioProtocol - Starting ProtocolHandler ["http-nio-8001"]
2025-10-30 15:45:02.394 [restartedMain] INFO  o.s.b.w.e.tomcat.TomcatWebServer - Tomcat started on port 8001 (http) with context path '/'
2025-10-30 15:45:02.396 [restartedMain] INFO  com.xladmt.makify.MakifyApplication - Started MakifyApplication in 0.753 seconds (process running for 2496.177)
2025-10-30 15:45:02.397 [restartedMain] INFO  o.s.b.d.a.ConditionEvaluationDeltaLoggingListener - Condition evaluation unchanged
2025-10-30 15:48:22.105 [SpringApplicationShutdownHook] INFO  o.s.b.w.e.tomcat.GracefulShutdown - Commencing graceful shutdown. Waiting for active requests to complete
2025-10-30 15:48:22.106 [tomcat-shutdown] INFO  o.s.b.w.e.tomcat.GracefulShutdown - Graceful shutdown complete
2025-10-30 15:48:22.107 [SpringApplicationShutdownHook] INFO  o.s.o.j.LocalContainerEntityManagerFactoryBean - Closing JPA EntityManagerFactory for persistence unit 'default'
2025-10-30 15:48:22.108 [SpringApplicationShutdownHook] INFO  com.zaxxer.hikari.HikariDataSource - HikariPool-5 - Shutdown initiated...
2025-10-30 15:48:22.109 [SpringApplicationShutdownHook] INFO  com.zaxxer.hikari.HikariDataSource - HikariPool-5 - Shutdown completed.
2025-10-30 15:48:23.245 [restartedMain] INFO  com.xladmt.makify.MakifyApplication - Starting MakifyApplication using Java 17.0.14 with PID 14748 (/Users/oseungmin/Documents/workspace/makify/build/classes/java/main started by oseungmin in /Users/oseungmin/Documents/workspace/makify)
2025-10-30 15:48:23.246 [restartedMain] DEBUG com.xladmt.makify.MakifyApplication - Running with Spring Boot v3.4.1, Spring v6.2.1
2025-10-30 15:48:23.246 [restartedMain] INFO  com.xladmt.makify.MakifyApplication - No active profile set, falling back to 1 default profile: "default"
2025-10-30 15:48:23.261 [restartedMain] INFO  o.s.b.d.e.DevToolsPropertyDefaultsPostProcessor - Devtools property defaults active! Set 'spring.devtools.add-properties' to 'false' to disable
2025-10-30 15:48:23.261 [restartedMain] INFO  o.s.b.d.e.DevToolsPropertyDefaultsPostProcessor - For additional web related logging consider setting the 'logging.level.web' property to 'DEBUG'
2025-10-30 15:48:23.579 [restartedMain] INFO  o.s.d.r.c.RepositoryConfigurationDelegate - Multiple Spring Data modules found, entering strict repository configuration mode
2025-10-30 15:48:23.579 [restartedMain] INFO  o.s.d.r.c.RepositoryConfigurationDelegate - Bootstrapping Spring Data JPA repositories in DEFAULT mode.
2025-10-30 15:48:23.644 [restartedMain] INFO  o.s.d.r.c.RepositoryConfigurationDelegate - Finished Spring Data repository scanning in 60 ms. Found 5 JPA repository interfaces.
2025-10-30 15:48:23.651 [restartedMain] INFO  o.s.d.r.c.RepositoryConfigurationDelegate - Multiple Spring Data modules found, entering strict repository configuration mode
2025-10-30 15:48:23.652 [restartedMain] INFO  o.s.d.r.c.RepositoryConfigurationDelegate - Bootstrapping Spring Data Redis repositories in DEFAULT mode.
2025-10-30 15:48:23.658 [restartedMain] INFO  o.s.d.r.c.RepositoryConfigurationExtensionSupport - Spring Data Redis - Could not safely identify store assignment for repository candidate interface com.xladmt.makify.challenge.repository.ChallengeRepository; If you want this repository to be a Redis repository, consider annotating your entities with one of these annotations: org.springframework.data.redis.core.RedisHash (preferred), or consider extending one of the following types with your repository: org.springframework.data.keyvalue.repository.KeyValueRepository
2025-10-30 15:48:23.658 [restartedMain] INFO  o.s.d.r.c.RepositoryConfigurationExtensionSupport - Spring Data Redis - Could not safely identify store assignment for repository candidate interface com.xladmt.makify.challenge.repository.UserChallengeRepository; If you want this repository to be a Redis repository, consider annotating your entities with one of these annotations: org.springframework.data.redis.core.RedisHash (preferred), or consider extending one of the following types with your repository: org.springframework.data.keyvalue.repository.KeyValueRepository
2025-10-30 15:48:23.658 [restartedMain] INFO  o.s.d.r.c.RepositoryConfigurationExtensionSupport - Spring Data Redis - Could not safely identify store assignment for repository candidate interface com.xladmt.makify.challenge.repository.VerificationMethodRepository; If you want this repository to be a Redis repository, consider annotating your entities with one of these annotations: org.springframework.data.redis.core.RedisHash (preferred), or consider extending one of the following types with your repository: org.springframework.data.keyvalue.repository.KeyValueRepository
2025-10-30 15:48:23.658 [restartedMain] INFO  o.s.d.r.c.RepositoryConfigurationExtensionSupport - Spring Data Redis - Could not safely identify store assignment for repository candidate interface com.xladmt.makify.member.repository.MemberRepository; If you want this repository to be a Redis repository, consider annotating your entities with one of these annotations: org.springframework.data.redis.core.RedisHash (preferred), or consider extending one of the following types with your repository: org.springframework.data.keyvalue.repository.KeyValueRepository
2025-10-30 15:48:23.658 [restartedMain] INFO  o.s.d.r.c.RepositoryConfigurationExtensionSupport - Spring Data Redis - Could not safely identify store assignment for repository candidate interface com.xladmt.makify.payment.repository.PaymentRepository; If you want this repository to be a Redis repository, consider annotating your entities with one of these annotations: org.springframework.data.redis.core.RedisHash (preferred), or consider extending one of the following types with your repository: org.springframework.data.keyvalue.repository.KeyValueRepository
2025-10-30 15:48:23.658 [restartedMain] INFO  o.s.d.r.c.RepositoryConfigurationDelegate - Finished Spring Data repository scanning in 3 ms. Found 0 Redis repository interfaces.
2025-10-30 15:48:23.934 [restartedMain] INFO  o.s.b.w.e.tomcat.TomcatWebServer - Tomcat initialized with port 8001 (http)
2025-10-30 15:48:23.939 [restartedMain] INFO  o.a.coyote.http11.Http11NioProtocol - Initializing ProtocolHandler ["http-nio-8001"]
2025-10-30 15:48:23.939 [restartedMain] INFO  o.a.catalina.core.StandardService - Starting service [Tomcat]
2025-10-30 15:48:23.940 [restartedMain] INFO  o.a.catalina.core.StandardEngine - Starting Servlet engine: [Apache Tomcat/10.1.34]
2025-10-30 15:48:23.957 [restartedMain] INFO  o.a.c.c.C.[Tomcat].[localhost].[/] - Initializing Spring embedded WebApplicationContext
2025-10-30 15:48:23.957 [restartedMain] INFO  o.s.b.w.s.c.ServletWebServerApplicationContext - Root WebApplicationContext: initialization completed in 695 ms
2025-10-30 15:48:24.126 [restartedMain] INFO  o.h.jpa.internal.util.LogHelper - HHH000204: Processing PersistenceUnitInfo [name: default]
2025-10-30 15:48:24.149 [restartedMain] INFO  org.hibernate.Version - HHH000412: Hibernate ORM core version 6.6.4.Final
2025-10-30 15:48:24.164 [restartedMain] INFO  o.h.c.i.RegionFactoryInitiator - HHH000026: Second-level cache disabled
2025-10-30 15:48:24.267 [restartedMain] INFO  o.s.o.j.p.SpringPersistenceUnitInfo - No LoadTimeWeaver setup: ignoring JPA class transformer
2025-10-30 15:48:24.277 [restartedMain] INFO  com.zaxxer.hikari.HikariDataSource - HikariPool-1 - Starting...
2025-10-30 15:48:24.372 [restartedMain] INFO  com.zaxxer.hikari.pool.HikariPool - HikariPool-1 - Added connection com.mysql.cj.jdbc.ConnectionImpl@17e568cd
2025-10-30 15:48:24.373 [restartedMain] INFO  com.zaxxer.hikari.HikariDataSource - HikariPool-1 - Start completed.
2025-10-30 15:48:24.391 [restartedMain] WARN  org.hibernate.orm.deprecation - HHH90000025: MySQL8Dialect does not need to be specified explicitly using 'hibernate.dialect' (remove the property setting and it will be selected by default)
2025-10-30 15:48:24.391 [restartedMain] WARN  org.hibernate.orm.deprecation - HHH90000026: MySQL8Dialect has been deprecated; use org.hibernate.dialect.MySQLDialect instead
2025-10-30 15:48:24.397 [restartedMain] INFO  o.hibernate.orm.connections.pooling - HHH10001005: Database info:
	Database JDBC URL [Connecting through datasource 'HikariDataSource (HikariPool-1)']
	Database driver: undefined/unknown
	Database version: 8.0
	Autocommit mode: undefined/unknown
	Isolation level: undefined/unknown
	Minimum pool size: undefined/unknown
	Maximum pool size: undefined/unknown
2025-10-30 15:48:24.761 [restartedMain] INFO  o.h.e.t.j.p.i.JtaPlatformInitiator - HHH000489: No JTA platform available (set 'hibernate.transaction.jta.platform' to enable JTA platform integration)
2025-10-30 15:48:24.845 [restartedMain] INFO  o.s.o.j.LocalContainerEntityManagerFactoryBean - Initialized JPA EntityManagerFactory for persistence unit 'default'
2025-10-30 15:48:24.994 [restartedMain] DEBUG c.x.m.c.jwt.JwtAuthenticationFilter - Filter 'jwtAuthenticationFilter' configured for use
2025-10-30 15:48:25.012 [restartedMain] INFO  o.s.d.j.r.query.QueryEnhancerFactory - Hibernate is in classpath; If applicable, HQL parser will be used.
2025-10-30 15:48:25.757 [restartedMain] WARN  o.s.b.a.o.j.JpaBaseConfiguration$JpaWebConfiguration - spring.jpa.open-in-view is enabled by default. Therefore, database queries may be performed during view rendering. Explicitly configure spring.jpa.open-in-view to disable this warning
2025-10-30 15:48:25.772 [restartedMain] INFO  o.s.s.c.a.a.c.InitializeUserDetailsBeanManagerConfigurer$InitializeUserDetailsManagerConfigurer - Global AuthenticationManager configured with UserDetailsService bean with name memberDetailsService
2025-10-30 15:48:25.942 [restartedMain] WARN  o.s.s.c.a.web.builders.WebSecurity - You are asking Spring Security to ignore Deferred [Mvc [pattern='/css/**'], Ant [pattern='/css/**']]. This is not recommended -- please use permitAll via HttpSecurity#authorizeHttpRequests instead.
2025-10-30 15:48:25.942 [restartedMain] WARN  o.s.s.c.a.web.builders.WebSecurity - You are asking Spring Security to ignore Deferred [Mvc [pattern='/js/**'], Ant [pattern='/js/**']]. This is not recommended -- please use permitAll via HttpSecurity#authorizeHttpRequests instead.
2025-10-30 15:48:25.942 [restartedMain] WARN  o.s.s.c.a.web.builders.WebSecurity - You are asking Spring Security to ignore Deferred [Mvc [pattern='/images/**'], Ant [pattern='/images/**']]. This is not recommended -- please use permitAll via HttpSecurity#authorizeHttpRequests instead.
2025-10-30 15:48:25.942 [restartedMain] WARN  o.s.s.c.a.web.builders.WebSecurity - You are asking Spring Security to ignore Deferred [Mvc [pattern='/videos/**'], Ant [pattern='/videos/**']]. This is not recommended -- please use permitAll via HttpSecurity#authorizeHttpRequests instead.
2025-10-30 15:48:25.942 [restartedMain] WARN  o.s.s.c.a.web.builders.WebSecurity - You are asking Spring Security to ignore Deferred [Mvc [pattern='/favicon.ico'], Ant [pattern='/favicon.ico']]. This is not recommended -- please use permitAll via HttpSecurity#authorizeHttpRequests instead.
2025-10-30 15:48:25.942 [restartedMain] WARN  o.s.s.c.a.web.builders.WebSecurity - You are asking Spring Security to ignore Deferred [Mvc [pattern='/webjars/**'], Ant [pattern='/webjars/**']]. This is not recommended -- please use permitAll via HttpSecurity#authorizeHttpRequests instead.
2025-10-30 15:48:25.942 [restartedMain] WARN  o.s.s.c.a.web.builders.WebSecurity - You are asking Spring Security to ignore Deferred [Mvc [pattern='/static/**'], Ant [pattern='/static/**']]. This is not recommended -- please use permitAll via HttpSecurity#authorizeHttpRequests instead.
2025-10-30 15:48:25.962 [restartedMain] INFO  o.s.v.b.OptionalValidatorFactoryBean - Failed to set up a Bean Validation provider: jakarta.validation.NoProviderFoundException: Unable to create a Configuration, because no Jakarta Bean Validation provider could be found. Add a provider like Hibernate Validator (RI) to your classpath.
2025-10-30 15:48:26.173 [restartedMain] INFO  o.s.b.d.a.OptionalLiveReloadServer - LiveReload server is running on port 35729
2025-10-30 15:48:26.187 [restartedMain] INFO  o.a.coyote.http11.Http11NioProtocol - Starting ProtocolHandler ["http-nio-8001"]
2025-10-30 15:48:26.194 [restartedMain] INFO  o.s.b.w.e.tomcat.TomcatWebServer - Tomcat started on port 8001 (http) with context path '/'
2025-10-30 15:48:26.199 [restartedMain] INFO  com.xladmt.makify.MakifyApplication - Started MakifyApplication in 3.138 seconds (process running for 3.328)
2025-10-30 15:49:48.371 [http-nio-8001-exec-1] INFO  o.a.c.c.C.[Tomcat].[localhost].[/] - Initializing Spring DispatcherServlet 'dispatcherServlet'
2025-10-30 15:49:48.372 [http-nio-8001-exec-1] INFO  o.s.web.servlet.DispatcherServlet - Initializing Servlet 'dispatcherServlet'
2025-10-30 15:49:48.374 [http-nio-8001-exec-1] INFO  o.s.web.servlet.DispatcherServlet - Completed initialization in 2 ms
2025-10-30 15:50:09.140 [http-nio-8001-exec-3] INFO  c.x.m.c.aop.ControllerLoggingAspect - ═══════════════════════════════════════════════════════════════
2025-10-30 15:50:09.141 [http-nio-8001-exec-3] INFO  c.x.m.c.aop.ControllerLoggingAspect - [REQUEST] 2025-10-30 15:50:09.141
2025-10-30 15:50:09.141 [http-nio-8001-exec-3] INFO  c.x.m.c.aop.ControllerLoggingAspect -   Method: GET | URI: /
2025-10-30 15:50:09.141 [http-nio-8001-exec-3] INFO  c.x.m.c.aop.ControllerLoggingAspect -   Client IP: 0:0:0:0:0:0:0:1 | User ID: ANONYMOUS
2025-10-30 15:50:09.141 [http-nio-8001-exec-3] INFO  c.x.m.c.aop.ControllerLoggingAspect - [RESPONSE] Status: 200 | Time: 0ms
2025-10-30 15:50:09.152 [http-nio-8001-exec-3] INFO  c.x.m.c.aop.ControllerLoggingAspect -   Response Body: "home"
2025-10-30 15:50:09.153 [http-nio-8001-exec-3] INFO  c.x.m.c.aop.ControllerLoggingAspect - ═══════════════════════════════════════════════════════════════
2025-10-30 15:50:09.241 [http-nio-8001-exec-3] WARN  o.t.s.p.AbstractStandardFragmentInsertionTagProcessor - [THYMELEAF][http-nio-8001-exec-3][home] Deprecated unwrapped fragment expression "fragments/navbar :: navbar" found in template home, line 18, col 8. Please use the complete syntax of fragment expressions instead ("~{fragments/navbar :: navbar}"). The old, unwrapped syntax for fragment expressions will be removed in future versions of Thymeleaf.
2025-10-30 15:50:09.252 [http-nio-8001-exec-3] WARN  o.t.s.p.AbstractStandardFragmentInsertionTagProcessor - [THYMELEAF][http-nio-8001-exec-3][home] Deprecated unwrapped fragment expression "fragments/footer :: footer" found in template home, line 222, col 8. Please use the complete syntax of fragment expressions instead ("~{fragments/footer :: footer}"). The old, unwrapped syntax for fragment expressions will be removed in future versions of Thymeleaf.
2025-10-30 15:50:10.438 [http-nio-8001-exec-8] INFO  c.x.m.c.aop.ControllerLoggingAspect - ═══════════════════════════════════════════════════════════════
2025-10-30 15:50:10.439 [http-nio-8001-exec-8] INFO  c.x.m.c.aop.ControllerLoggingAspect - [REQUEST] 2025-10-30 15:50:10.438
2025-10-30 15:50:10.439 [http-nio-8001-exec-8] INFO  c.x.m.c.aop.ControllerLoggingAspect -   Method: GET | URI: /login
2025-10-30 15:50:10.439 [http-nio-8001-exec-8] INFO  c.x.m.c.aop.ControllerLoggingAspect -   Client IP: 0:0:0:0:0:0:0:1 | User ID: ANONYMOUS
2025-10-30 15:50:10.439 [http-nio-8001-exec-8] INFO  c.x.m.c.aop.ControllerLoggingAspect - [RESPONSE] Status: 200 | Time: 0ms
2025-10-30 15:50:10.439 [http-nio-8001-exec-8] INFO  c.x.m.c.aop.ControllerLoggingAspect -   Response Body: "member/login"
2025-10-30 15:50:10.439 [http-nio-8001-exec-8] INFO  c.x.m.c.aop.ControllerLoggingAspect - ═══════════════════════════════════════════════════════════════
2025-10-30 15:50:14.815 [http-nio-8001-exec-10] INFO  c.x.makify.common.jwt.JwtLoginFilter - 로그인 필터 들어옴
2025-10-30 15:50:14.815 [http-nio-8001-exec-1] INFO  c.x.makify.common.jwt.JwtLoginFilter - 로그인 필터 들어옴
2025-10-30 15:50:14.816 [http-nio-8001-exec-1] INFO  c.x.makify.common.jwt.JwtLoginFilter - 🚨 [RAW BODY] {"loginId":"user1","password":"1234"}
2025-10-30 15:50:14.816 [http-nio-8001-exec-10] INFO  c.x.makify.common.jwt.JwtLoginFilter - 🚨 [RAW BODY] {"loginId":"user1","password":"1234"}
2025-10-30 15:50:14.817 [http-nio-8001-exec-1] INFO  c.x.makify.common.jwt.JwtLoginFilter - Content-Type: application/json
2025-10-30 15:50:14.817 [http-nio-8001-exec-10] INFO  c.x.makify.common.jwt.JwtLoginFilter - Content-Type: application/json
2025-10-30 15:50:14.851 [http-nio-8001-exec-1] INFO  c.x.m.c.c.s.MemberDetailsService - 🔍 로그인 시도 ID: user1
2025-10-30 15:50:14.851 [http-nio-8001-exec-10] INFO  c.x.m.c.c.s.MemberDetailsService - 🔍 로그인 시도 ID: user1
2025-10-30 15:50:15.026 [http-nio-8001-exec-10] INFO  c.x.makify.common.jwt.JwtLoginFilter - 토큰 발급: userId=1, accessToken expires=15m, refreshToken expires=30d
2025-10-30 15:50:15.026 [http-nio-8001-exec-1] INFO  c.x.makify.common.jwt.JwtLoginFilter - 토큰 발급: userId=1, accessToken expires=15m, refreshToken expires=30d
2025-10-30 15:50:15.050 [http-nio-8001-exec-2] INFO  c.x.m.c.c.s.MemberDetailsService - 🔍 로그인 시도 ID: 1
2025-10-30 15:50:15.052 [http-nio-8001-exec-2] ERROR o.a.c.c.C.[.[.[.[dispatcherServlet] - Servlet.service() for servlet [dispatcherServlet] in context with path [] threw exception
org.springframework.security.core.userdetails.UsernameNotFoundException: 회원을 찾을 수 없습니다.
	at com.xladmt.makify.common.config.security.MemberDetailsService.lambda$loadUserByUsername$0(MemberDetailsService.java:23)
	at java.base/java.util.Optional.orElseThrow(Optional.java:403)
	at com.xladmt.makify.common.config.security.MemberDetailsService.loadUserByUsername(MemberDetailsService.java:23)
	at com.xladmt.makify.common.jwt.JwtAuthenticationFilter.doFilterInternal(JwtAuthenticationFilter.java:46)
	at org.springframework.web.filter.OncePerRequestFilter.doFilter(OncePerRequestFilter.java:116)
	at org.springframework.security.web.FilterChainProxy$VirtualFilterChain.doFilter(FilterChainProxy.java:374)
	at org.springframework.security.web.authentication.logout.LogoutFilter.doFilter(LogoutFilter.java:107)
	at org.springframework.security.web.authentication.logout.LogoutFilter.doFilter(LogoutFilter.java:93)
	at org.springframework.security.web.FilterChainProxy$VirtualFilterChain.doFilter(FilterChainProxy.java:374)
	at org.springframework.web.filter.CorsFilter.doFilterInternal(CorsFilter.java:91)
	at org.springframework.web.filter.OncePerRequestFilter.doFilter(OncePerRequestFilter.java:116)
	at org.springframework.security.web.FilterChainProxy$VirtualFilterChain.doFilter(FilterChainProxy.java:374)
	at org.springframework.security.web.header.HeaderWriterFilter.doHeadersAfter(HeaderWriterFilter.java:90)
	at org.springframework.security.web.header.HeaderWriterFilter.doFilterInternal(HeaderWriterFilter.java:75)
	at org.springframework.web.filter.OncePerRequestFilter.doFilter(OncePerRequestFilter.java:116)
	at org.springframework.security.web.FilterChainProxy$VirtualFilterChain.doFilter(FilterChainProxy.java:374)
	at org.springframework.security.web.context.SecurityContextHolderFilter.doFilter(SecurityContextHolderFilter.java:82)
	at org.springframework.security.web.context.SecurityContextHolderFilter.doFilter(SecurityContextHolderFilter.java:69)
	at org.springframework.security.web.FilterChainProxy$VirtualFilterChain.doFilter(FilterChainProxy.java:374)
	at org.springframework.security.web.context.request.async.WebAsyncManagerIntegrationFilter.doFilterInternal(WebAsyncManagerIntegrationFilter.java:62)
	at org.springframework.web.filter.OncePerRequestFilter.doFilter(OncePerRequestFilter.java:116)
	at org.springframework.security.web.FilterChainProxy$VirtualFilterChain.doFilter(FilterChainProxy.java:374)
	at org.springframework.security.web.session.DisableEncodeUrlFilter.doFilterInternal(DisableEncodeUrlFilter.java:42)
	at org.springframework.web.filter.OncePerRequestFilter.doFilter(OncePerRequestFilter.java:116)
	at org.springframework.security.web.FilterChainProxy$VirtualFilterChain.doFilter(FilterChainProxy.java:374)
	at org.springframework.security.web.FilterChainProxy.doFilterInternal(FilterChainProxy.java:233)
	at org.springframework.security.web.FilterChainProxy.doFilter(FilterChainProxy.java:191)
	at org.springframework.web.filter.CompositeFilter$VirtualFilterChain.doFilter(CompositeFilter.java:113)
	at org.springframework.web.servlet.handler.HandlerMappingIntrospector.lambda$createCacheFilter$3(HandlerMappingIntrospector.java:243)
	at org.springframework.web.filter.CompositeFilter$VirtualFilterChain.doFilter(CompositeFilter.java:113)
	at org.springframework.web.filter.CompositeFilter.doFilter(CompositeFilter.java:74)
	at org.springframework.security.config.annotation.web.configuration.WebMvcSecurityConfiguration$CompositeFilterChainProxy.doFilter(WebMvcSecurityConfiguration.java:238)
	at org.springframework.web.filter.DelegatingFilterProxy.invokeDelegate(DelegatingFilterProxy.java:362)
	at org.springframework.web.filter.DelegatingFilterProxy.doFilter(DelegatingFilterProxy.java:278)
	at org.apache.catalina.core.ApplicationFilterChain.internalDoFilter(ApplicationFilterChain.java:164)
	at org.apache.catalina.core.ApplicationFilterChain.doFilter(ApplicationFilterChain.java:140)
	at org.springframework.web.filter.RequestContextFilter.doFilterInternal(RequestContextFilter.java:100)
	at org.springframework.web.filter.OncePerRequestFilter.doFilter(OncePerRequestFilter.java:116)
	at org.apache.catalina.core.ApplicationFilterChain.internalDoFilter(ApplicationFilterChain.java:164)
	at org.apache.catalina.core.ApplicationFilterChain.doFilter(ApplicationFilterChain.java:140)
	at org.springframework.web.filter.FormContentFilter.doFilterInternal(FormContentFilter.java:93)
	at org.springframework.web.filter.OncePerRequestFilter.doFilter(OncePerRequestFilter.java:116)
	at org.apache.catalina.core.ApplicationFilterChain.internalDoFilter(ApplicationFilterChain.java:164)
	at org.apache.catalina.core.ApplicationFilterChain.doFilter(ApplicationFilterChain.java:140)
	at org.springframework.web.filter.CharacterEncodingFilter.doFilterInternal(CharacterEncodingFilter.java:201)
	at org.springframework.web.filter.OncePerRequestFilter.doFilter(OncePerRequestFilter.java:116)
	at org.apache.catalina.core.ApplicationFilterChain.internalDoFilter(ApplicationFilterChain.java:164)
	at org.apache.catalina.core.ApplicationFilterChain.doFilter(ApplicationFilterChain.java:140)
	at org.apache.catalina.core.StandardWrapperValve.invoke(StandardWrapperValve.java:167)
	at org.apache.catalina.core.StandardContextValve.invoke(StandardContextValve.java:90)
	at org.apache.catalina.authenticator.AuthenticatorBase.invoke(AuthenticatorBase.java:483)
	at org.apache.catalina.core.StandardHostValve.invoke(StandardHostValve.java:115)
	at org.apache.catalina.valves.ErrorReportValve.invoke(ErrorReportValve.java:93)
	at org.apache.catalina.core.StandardEngineValve.invoke(StandardEngineValve.java:74)
	at org.apache.catalina.connector.CoyoteAdapter.service(CoyoteAdapter.java:344)
	at org.apache.coyote.http11.Http11Processor.service(Http11Processor.java:397)
	at org.apache.coyote.AbstractProcessorLight.process(AbstractProcessorLight.java:63)
	at org.apache.coyote.AbstractProtocol$ConnectionHandler.process(AbstractProtocol.java:905)
	at org.apache.tomcat.util.net.NioEndpoint$SocketProcessor.doRun(NioEndpoint.java:1741)
	at org.apache.tomcat.util.net.SocketProcessorBase.run(SocketProcessorBase.java:52)
	at org.apache.tomcat.util.threads.ThreadPoolExecutor.runWorker(ThreadPoolExecutor.java:1190)
	at org.apache.tomcat.util.threads.ThreadPoolExecutor$Worker.run(ThreadPoolExecutor.java:659)
	at org.apache.tomcat.util.threads.TaskThread$WrappingRunnable.run(TaskThread.java:63)
	at java.base/java.lang.Thread.run(Thread.java:842)
2025-10-30 15:53:58.499 [SpringApplicationShutdownHook] INFO  o.s.b.w.e.tomcat.GracefulShutdown - Commencing graceful shutdown. Waiting for active requests to complete
2025-10-30 15:53:58.501 [tomcat-shutdown] INFO  o.s.b.w.e.tomcat.GracefulShutdown - Graceful shutdown complete
2025-10-30 15:53:58.507 [SpringApplicationShutdownHook] INFO  o.s.o.j.LocalContainerEntityManagerFactoryBean - Closing JPA EntityManagerFactory for persistence unit 'default'
2025-10-30 15:53:58.509 [SpringApplicationShutdownHook] INFO  com.zaxxer.hikari.HikariDataSource - HikariPool-1 - Shutdown initiated...
2025-10-30 15:53:58.512 [SpringApplicationShutdownHook] INFO  com.zaxxer.hikari.HikariDataSource - HikariPool-1 - Shutdown completed.
2025-10-30 15:53:59.798 [restartedMain] INFO  com.xladmt.makify.MakifyApplication - Starting MakifyApplication using Java 17.0.14 with PID 14937 (/Users/oseungmin/Documents/workspace/makify/build/classes/java/main started by oseungmin in /Users/oseungmin/Documents/workspace/makify)
2025-10-30 15:53:59.798 [restartedMain] DEBUG com.xladmt.makify.MakifyApplication - Running with Spring Boot v3.4.1, Spring v6.2.1
2025-10-30 15:53:59.799 [restartedMain] INFO  com.xladmt.makify.MakifyApplication - No active profile set, falling back to 1 default profile: "default"
2025-10-30 15:53:59.813 [restartedMain] INFO  o.s.b.d.e.DevToolsPropertyDefaultsPostProcessor - Devtools property defaults active! Set 'spring.devtools.add-properties' to 'false' to disable
2025-10-30 15:53:59.813 [restartedMain] INFO  o.s.b.d.e.DevToolsPropertyDefaultsPostProcessor - For additional web related logging consider setting the 'logging.level.web' property to 'DEBUG'
2025-10-30 15:54:00.145 [restartedMain] INFO  o.s.d.r.c.RepositoryConfigurationDelegate - Multiple Spring Data modules found, entering strict repository configuration mode
2025-10-30 15:54:00.145 [restartedMain] INFO  o.s.d.r.c.RepositoryConfigurationDelegate - Bootstrapping Spring Data JPA repositories in DEFAULT mode.
2025-10-30 15:54:00.208 [restartedMain] INFO  o.s.d.r.c.RepositoryConfigurationDelegate - Finished Spring Data repository scanning in 58 ms. Found 5 JPA repository interfaces.
2025-10-30 15:54:00.215 [restartedMain] INFO  o.s.d.r.c.RepositoryConfigurationDelegate - Multiple Spring Data modules found, entering strict repository configuration mode
2025-10-30 15:54:00.216 [restartedMain] INFO  o.s.d.r.c.RepositoryConfigurationDelegate - Bootstrapping Spring Data Redis repositories in DEFAULT mode.
2025-10-30 15:54:00.222 [restartedMain] INFO  o.s.d.r.c.RepositoryConfigurationExtensionSupport - Spring Data Redis - Could not safely identify store assignment for repository candidate interface com.xladmt.makify.challenge.repository.ChallengeRepository; If you want this repository to be a Redis repository, consider annotating your entities with one of these annotations: org.springframework.data.redis.core.RedisHash (preferred), or consider extending one of the following types with your repository: org.springframework.data.keyvalue.repository.KeyValueRepository
2025-10-30 15:54:00.222 [restartedMain] INFO  o.s.d.r.c.RepositoryConfigurationExtensionSupport - Spring Data Redis - Could not safely identify store assignment for repository candidate interface com.xladmt.makify.challenge.repository.UserChallengeRepository; If you want this repository to be a Redis repository, consider annotating your entities with one of these annotations: org.springframework.data.redis.core.RedisHash (preferred), or consider extending one of the following types with your repository: org.springframework.data.keyvalue.repository.KeyValueRepository
2025-10-30 15:54:00.222 [restartedMain] INFO  o.s.d.r.c.RepositoryConfigurationExtensionSupport - Spring Data Redis - Could not safely identify store assignment for repository candidate interface com.xladmt.makify.challenge.repository.VerificationMethodRepository; If you want this repository to be a Redis repository, consider annotating your entities with one of these annotations: org.springframework.data.redis.core.RedisHash (preferred), or consider extending one of the following types with your repository: org.springframework.data.keyvalue.repository.KeyValueRepository
2025-10-30 15:54:00.222 [restartedMain] INFO  o.s.d.r.c.RepositoryConfigurationExtensionSupport - Spring Data Redis - Could not safely identify store assignment for repository candidate interface com.xladmt.makify.member.repository.MemberRepository; If you want this repository to be a Redis repository, consider annotating your entities with one of these annotations: org.springframework.data.redis.core.RedisHash (preferred), or consider extending one of the following types with your repository: org.springframework.data.keyvalue.repository.KeyValueRepository
2025-10-30 15:54:00.222 [restartedMain] INFO  o.s.d.r.c.RepositoryConfigurationExtensionSupport - Spring Data Redis - Could not safely identify store assignment for repository candidate interface com.xladmt.makify.payment.repository.PaymentRepository; If you want this repository to be a Redis repository, consider annotating your entities with one of these annotations: org.springframework.data.redis.core.RedisHash (preferred), or consider extending one of the following types with your repository: org.springframework.data.keyvalue.repository.KeyValueRepository
2025-10-30 15:54:00.222 [restartedMain] INFO  o.s.d.r.c.RepositoryConfigurationDelegate - Finished Spring Data repository scanning in 3 ms. Found 0 Redis repository interfaces.
2025-10-30 15:54:00.496 [restartedMain] INFO  o.s.b.w.e.tomcat.TomcatWebServer - Tomcat initialized with port 8001 (http)
2025-10-30 15:54:00.500 [restartedMain] INFO  o.a.coyote.http11.Http11NioProtocol - Initializing ProtocolHandler ["http-nio-8001"]
2025-10-30 15:54:00.501 [restartedMain] INFO  o.a.catalina.core.StandardService - Starting service [Tomcat]
2025-10-30 15:54:00.501 [restartedMain] INFO  o.a.catalina.core.StandardEngine - Starting Servlet engine: [Apache Tomcat/10.1.34]
2025-10-30 15:54:00.517 [restartedMain] INFO  o.a.c.c.C.[Tomcat].[localhost].[/] - Initializing Spring embedded WebApplicationContext
2025-10-30 15:54:00.517 [restartedMain] INFO  o.s.b.w.s.c.ServletWebServerApplicationContext - Root WebApplicationContext: initialization completed in 704 ms
2025-10-30 15:54:00.681 [restartedMain] INFO  o.h.jpa.internal.util.LogHelper - HHH000204: Processing PersistenceUnitInfo [name: default]
2025-10-30 15:54:00.702 [restartedMain] INFO  org.hibernate.Version - HHH000412: Hibernate ORM core version 6.6.4.Final
2025-10-30 15:54:00.717 [restartedMain] INFO  o.h.c.i.RegionFactoryInitiator - HHH000026: Second-level cache disabled
2025-10-30 15:54:00.812 [restartedMain] INFO  o.s.o.j.p.SpringPersistenceUnitInfo - No LoadTimeWeaver setup: ignoring JPA class transformer
2025-10-30 15:54:00.822 [restartedMain] INFO  com.zaxxer.hikari.HikariDataSource - HikariPool-1 - Starting...
2025-10-30 15:54:00.917 [restartedMain] INFO  com.zaxxer.hikari.pool.HikariPool - HikariPool-1 - Added connection com.mysql.cj.jdbc.ConnectionImpl@590599cc
2025-10-30 15:54:00.917 [restartedMain] INFO  com.zaxxer.hikari.HikariDataSource - HikariPool-1 - Start completed.
2025-10-30 15:54:00.938 [restartedMain] WARN  org.hibernate.orm.deprecation - HHH90000025: MySQL8Dialect does not need to be specified explicitly using 'hibernate.dialect' (remove the property setting and it will be selected by default)
2025-10-30 15:54:00.938 [restartedMain] WARN  org.hibernate.orm.deprecation - HHH90000026: MySQL8Dialect has been deprecated; use org.hibernate.dialect.MySQLDialect instead
2025-10-30 15:54:00.944 [restartedMain] INFO  o.hibernate.orm.connections.pooling - HHH10001005: Database info:
	Database JDBC URL [Connecting through datasource 'HikariDataSource (HikariPool-1)']
	Database driver: undefined/unknown
	Database version: 8.0
	Autocommit mode: undefined/unknown
	Isolation level: undefined/unknown
	Minimum pool size: undefined/unknown
	Maximum pool size: undefined/unknown
2025-10-30 15:54:01.316 [restartedMain] INFO  o.h.e.t.j.p.i.JtaPlatformInitiator - HHH000489: No JTA platform available (set 'hibernate.transaction.jta.platform' to enable JTA platform integration)
2025-10-30 15:54:01.404 [restartedMain] INFO  o.s.o.j.LocalContainerEntityManagerFactoryBean - Initialized JPA EntityManagerFactory for persistence unit 'default'
2025-10-30 15:54:01.553 [restartedMain] DEBUG c.x.m.c.jwt.JwtAuthenticationFilter - Filter 'jwtAuthenticationFilter' configured for use
2025-10-30 15:54:01.570 [restartedMain] INFO  o.s.d.j.r.query.QueryEnhancerFactory - Hibernate is in classpath; If applicable, HQL parser will be used.
2025-10-30 15:54:02.304 [restartedMain] WARN  o.s.b.a.o.j.JpaBaseConfiguration$JpaWebConfiguration - spring.jpa.open-in-view is enabled by default. Therefore, database queries may be performed during view rendering. Explicitly configure spring.jpa.open-in-view to disable this warning
2025-10-30 15:54:02.322 [restartedMain] INFO  o.s.s.c.a.a.c.InitializeUserDetailsBeanManagerConfigurer$InitializeUserDetailsManagerConfigurer - Global AuthenticationManager configured with UserDetailsService bean with name memberDetailsService
2025-10-30 15:54:02.484 [restartedMain] WARN  o.s.s.c.a.web.builders.WebSecurity - You are asking Spring Security to ignore Deferred [Mvc [pattern='/css/**'], Ant [pattern='/css/**']]. This is not recommended -- please use permitAll via HttpSecurity#authorizeHttpRequests instead.
2025-10-30 15:54:02.485 [restartedMain] WARN  o.s.s.c.a.web.builders.WebSecurity - You are asking Spring Security to ignore Deferred [Mvc [pattern='/js/**'], Ant [pattern='/js/**']]. This is not recommended -- please use permitAll via HttpSecurity#authorizeHttpRequests instead.
2025-10-30 15:54:02.485 [restartedMain] WARN  o.s.s.c.a.web.builders.WebSecurity - You are asking Spring Security to ignore Deferred [Mvc [pattern='/images/**'], Ant [pattern='/images/**']]. This is not recommended -- please use permitAll via HttpSecurity#authorizeHttpRequests instead.
2025-10-30 15:54:02.485 [restartedMain] WARN  o.s.s.c.a.web.builders.WebSecurity - You are asking Spring Security to ignore Deferred [Mvc [pattern='/videos/**'], Ant [pattern='/videos/**']]. This is not recommended -- please use permitAll via HttpSecurity#authorizeHttpRequests instead.
2025-10-30 15:54:02.485 [restartedMain] WARN  o.s.s.c.a.web.builders.WebSecurity - You are asking Spring Security to ignore Deferred [Mvc [pattern='/favicon.ico'], Ant [pattern='/favicon.ico']]. This is not recommended -- please use permitAll via HttpSecurity#authorizeHttpRequests instead.
2025-10-30 15:54:02.485 [restartedMain] WARN  o.s.s.c.a.web.builders.WebSecurity - You are asking Spring Security to ignore Deferred [Mvc [pattern='/webjars/**'], Ant [pattern='/webjars/**']]. This is not recommended -- please use permitAll via HttpSecurity#authorizeHttpRequests instead.
2025-10-30 15:54:02.485 [restartedMain] WARN  o.s.s.c.a.web.builders.WebSecurity - You are asking Spring Security to ignore Deferred [Mvc [pattern='/static/**'], Ant [pattern='/static/**']]. This is not recommended -- please use permitAll via HttpSecurity#authorizeHttpRequests instead.
2025-10-30 15:54:02.505 [restartedMain] INFO  o.s.v.b.OptionalValidatorFactoryBean - Failed to set up a Bean Validation provider: jakarta.validation.NoProviderFoundException: Unable to create a Configuration, because no Jakarta Bean Validation provider could be found. Add a provider like Hibernate Validator (RI) to your classpath.
2025-10-30 15:54:02.706 [restartedMain] INFO  o.s.b.d.a.OptionalLiveReloadServer - LiveReload server is running on port 35729
2025-10-30 15:54:02.717 [restartedMain] INFO  o.a.coyote.http11.Http11NioProtocol - Starting ProtocolHandler ["http-nio-8001"]
2025-10-30 15:54:02.724 [restartedMain] INFO  o.s.b.w.e.tomcat.TomcatWebServer - Tomcat started on port 8001 (http) with context path '/'
2025-10-30 15:54:02.729 [restartedMain] INFO  com.xladmt.makify.MakifyApplication - Started MakifyApplication in 3.101 seconds (process running for 3.307)
2025-10-30 15:54:05.460 [http-nio-8001-exec-1] INFO  o.a.c.c.C.[Tomcat].[localhost].[/] - Initializing Spring DispatcherServlet 'dispatcherServlet'
2025-10-30 15:54:05.461 [http-nio-8001-exec-1] INFO  o.s.web.servlet.DispatcherServlet - Initializing Servlet 'dispatcherServlet'
2025-10-30 15:54:05.461 [http-nio-8001-exec-1] INFO  o.s.web.servlet.DispatcherServlet - Completed initialization in 0 ms
2025-10-30 15:54:05.615 [http-nio-8001-exec-1] INFO  c.x.m.c.c.s.MemberDetailsService - 🔍 로그인 시도 ID: 1
2025-10-30 15:54:05.659 [http-nio-8001-exec-1] ERROR o.a.c.c.C.[.[.[.[dispatcherServlet] - Servlet.service() for servlet [dispatcherServlet] in context with path [] threw exception
org.springframework.security.core.userdetails.UsernameNotFoundException: 회원을 찾을 수 없습니다.
	at com.xladmt.makify.common.config.security.MemberDetailsService.lambda$loadUserByUsername$0(MemberDetailsService.java:23)
	at java.base/java.util.Optional.orElseThrow(Optional.java:403)
	at com.xladmt.makify.common.config.security.MemberDetailsService.loadUserByUsername(MemberDetailsService.java:23)
	at com.xladmt.makify.common.jwt.JwtAuthenticationFilter.doFilterInternal(JwtAuthenticationFilter.java:46)
	at org.springframework.web.filter.OncePerRequestFilter.doFilter(OncePerRequestFilter.java:116)
	at org.springframework.security.web.FilterChainProxy$VirtualFilterChain.doFilter(FilterChainProxy.java:374)
	at org.springframework.security.web.authentication.logout.LogoutFilter.doFilter(LogoutFilter.java:107)
	at org.springframework.security.web.authentication.logout.LogoutFilter.doFilter(LogoutFilter.java:93)
	at org.springframework.security.web.FilterChainProxy$VirtualFilterChain.doFilter(FilterChainProxy.java:374)
	at org.springframework.web.filter.CorsFilter.doFilterInternal(CorsFilter.java:91)
	at org.springframework.web.filter.OncePerRequestFilter.doFilter(OncePerRequestFilter.java:116)
	at org.springframework.security.web.FilterChainProxy$VirtualFilterChain.doFilter(FilterChainProxy.java:374)
	at org.springframework.security.web.header.HeaderWriterFilter.doHeadersAfter(HeaderWriterFilter.java:90)
	at org.springframework.security.web.header.HeaderWriterFilter.doFilterInternal(HeaderWriterFilter.java:75)
	at org.springframework.web.filter.OncePerRequestFilter.doFilter(OncePerRequestFilter.java:116)
	at org.springframework.security.web.FilterChainProxy$VirtualFilterChain.doFilter(FilterChainProxy.java:374)
	at org.springframework.security.web.context.SecurityContextHolderFilter.doFilter(SecurityContextHolderFilter.java:82)
	at org.springframework.security.web.context.SecurityContextHolderFilter.doFilter(SecurityContextHolderFilter.java:69)
	at org.springframework.security.web.FilterChainProxy$VirtualFilterChain.doFilter(FilterChainProxy.java:374)
	at org.springframework.security.web.context.request.async.WebAsyncManagerIntegrationFilter.doFilterInternal(WebAsyncManagerIntegrationFilter.java:62)
	at org.springframework.web.filter.OncePerRequestFilter.doFilter(OncePerRequestFilter.java:116)
	at org.springframework.security.web.FilterChainProxy$VirtualFilterChain.doFilter(FilterChainProxy.java:374)
	at org.springframework.security.web.session.DisableEncodeUrlFilter.doFilterInternal(DisableEncodeUrlFilter.java:42)
	at org.springframework.web.filter.OncePerRequestFilter.doFilter(OncePerRequestFilter.java:116)
	at org.springframework.security.web.FilterChainProxy$VirtualFilterChain.doFilter(FilterChainProxy.java:374)
	at org.springframework.security.web.FilterChainProxy.doFilterInternal(FilterChainProxy.java:233)
	at org.springframework.security.web.FilterChainProxy.doFilter(FilterChainProxy.java:191)
	at org.springframework.web.filter.CompositeFilter$VirtualFilterChain.doFilter(CompositeFilter.java:113)
	at org.springframework.web.servlet.handler.HandlerMappingIntrospector.lambda$createCacheFilter$3(HandlerMappingIntrospector.java:243)
	at org.springframework.web.filter.CompositeFilter$VirtualFilterChain.doFilter(CompositeFilter.java:113)
	at org.springframework.web.filter.CompositeFilter.doFilter(CompositeFilter.java:74)
	at org.springframework.security.config.annotation.web.configuration.WebMvcSecurityConfiguration$CompositeFilterChainProxy.doFilter(WebMvcSecurityConfiguration.java:238)
	at org.springframework.web.filter.DelegatingFilterProxy.invokeDelegate(DelegatingFilterProxy.java:362)
	at org.springframework.web.filter.DelegatingFilterProxy.doFilter(DelegatingFilterProxy.java:278)
	at org.apache.catalina.core.ApplicationFilterChain.internalDoFilter(ApplicationFilterChain.java:164)
	at org.apache.catalina.core.ApplicationFilterChain.doFilter(ApplicationFilterChain.java:140)
	at org.springframework.web.filter.RequestContextFilter.doFilterInternal(RequestContextFilter.java:100)
	at org.springframework.web.filter.OncePerRequestFilter.doFilter(OncePerRequestFilter.java:116)
	at org.apache.catalina.core.ApplicationFilterChain.internalDoFilter(ApplicationFilterChain.java:164)
	at org.apache.catalina.core.ApplicationFilterChain.doFilter(ApplicationFilterChain.java:140)
	at org.springframework.web.filter.FormContentFilter.doFilterInternal(FormContentFilter.java:93)
	at org.springframework.web.filter.OncePerRequestFilter.doFilter(OncePerRequestFilter.java:116)
	at org.apache.catalina.core.ApplicationFilterChain.internalDoFilter(ApplicationFilterChain.java:164)
	at org.apache.catalina.core.ApplicationFilterChain.doFilter(ApplicationFilterChain.java:140)
	at org.springframework.web.filter.CharacterEncodingFilter.doFilterInternal(CharacterEncodingFilter.java:201)
	at org.springframework.web.filter.OncePerRequestFilter.doFilter(OncePerRequestFilter.java:116)
	at org.apache.catalina.core.ApplicationFilterChain.internalDoFilter(ApplicationFilterChain.java:164)
	at org.apache.catalina.core.ApplicationFilterChain.doFilter(ApplicationFilterChain.java:140)
	at org.apache.catalina.core.StandardWrapperValve.invoke(StandardWrapperValve.java:167)
	at org.apache.catalina.core.StandardContextValve.invoke(StandardContextValve.java:90)
	at org.apache.catalina.authenticator.AuthenticatorBase.invoke(AuthenticatorBase.java:483)
	at org.apache.catalina.core.StandardHostValve.invoke(StandardHostValve.java:115)
	at org.apache.catalina.valves.ErrorReportValve.invoke(ErrorReportValve.java:93)
	at org.apache.catalina.core.StandardEngineValve.invoke(StandardEngineValve.java:74)
	at org.apache.catalina.connector.CoyoteAdapter.service(CoyoteAdapter.java:344)
	at org.apache.coyote.http11.Http11Processor.service(Http11Processor.java:397)
	at org.apache.coyote.AbstractProcessorLight.process(AbstractProcessorLight.java:63)
	at org.apache.coyote.AbstractProtocol$ConnectionHandler.process(AbstractProtocol.java:905)
	at org.apache.tomcat.util.net.NioEndpoint$SocketProcessor.doRun(NioEndpoint.java:1741)
	at org.apache.tomcat.util.net.SocketProcessorBase.run(SocketProcessorBase.java:52)
	at org.apache.tomcat.util.threads.ThreadPoolExecutor.runWorker(ThreadPoolExecutor.java:1190)
	at org.apache.tomcat.util.threads.ThreadPoolExecutor$Worker.run(ThreadPoolExecutor.java:659)
	at org.apache.tomcat.util.threads.TaskThread$WrappingRunnable.run(TaskThread.java:63)
	at java.base/java.lang.Thread.run(Thread.java:842)
2025-10-30 15:54:07.999 [http-nio-8001-exec-2] INFO  c.x.m.c.c.s.MemberDetailsService - 🔍 로그인 시도 ID: 1
2025-10-30 15:54:08.003 [http-nio-8001-exec-2] ERROR o.a.c.c.C.[.[.[.[dispatcherServlet] - Servlet.service() for servlet [dispatcherServlet] in context with path [] threw exception
org.springframework.security.core.userdetails.UsernameNotFoundException: 회원을 찾을 수 없습니다.
	at com.xladmt.makify.common.config.security.MemberDetailsService.lambda$loadUserByUsername$0(MemberDetailsService.java:23)
	at java.base/java.util.Optional.orElseThrow(Optional.java:403)
	at com.xladmt.makify.common.config.security.MemberDetailsService.loadUserByUsername(MemberDetailsService.java:23)
	at com.xladmt.makify.common.jwt.JwtAuthenticationFilter.doFilterInternal(JwtAuthenticationFilter.java:46)
	at org.springframework.web.filter.OncePerRequestFilter.doFilter(OncePerRequestFilter.java:116)
	at org.springframework.security.web.FilterChainProxy$VirtualFilterChain.doFilter(FilterChainProxy.java:374)
	at org.springframework.security.web.authentication.logout.LogoutFilter.doFilter(LogoutFilter.java:107)
	at org.springframework.security.web.authentication.logout.LogoutFilter.doFilter(LogoutFilter.java:93)
	at org.springframework.security.web.FilterChainProxy$VirtualFilterChain.doFilter(FilterChainProxy.java:374)
	at org.springframework.web.filter.CorsFilter.doFilterInternal(CorsFilter.java:91)
	at org.springframework.web.filter.OncePerRequestFilter.doFilter(OncePerRequestFilter.java:116)
	at org.springframework.security.web.FilterChainProxy$VirtualFilterChain.doFilter(FilterChainProxy.java:374)
	at org.springframework.security.web.header.HeaderWriterFilter.doHeadersAfter(HeaderWriterFilter.java:90)
	at org.springframework.security.web.header.HeaderWriterFilter.doFilterInternal(HeaderWriterFilter.java:75)
	at org.springframework.web.filter.OncePerRequestFilter.doFilter(OncePerRequestFilter.java:116)
	at org.springframework.security.web.FilterChainProxy$VirtualFilterChain.doFilter(FilterChainProxy.java:374)
	at org.springframework.security.web.context.SecurityContextHolderFilter.doFilter(SecurityContextHolderFilter.java:82)
	at org.springframework.security.web.context.SecurityContextHolderFilter.doFilter(SecurityContextHolderFilter.java:69)
	at org.springframework.security.web.FilterChainProxy$VirtualFilterChain.doFilter(FilterChainProxy.java:374)
	at org.springframework.security.web.context.request.async.WebAsyncManagerIntegrationFilter.doFilterInternal(WebAsyncManagerIntegrationFilter.java:62)
	at org.springframework.web.filter.OncePerRequestFilter.doFilter(OncePerRequestFilter.java:116)
	at org.springframework.security.web.FilterChainProxy$VirtualFilterChain.doFilter(FilterChainProxy.java:374)
	at org.springframework.security.web.session.DisableEncodeUrlFilter.doFilterInternal(DisableEncodeUrlFilter.java:42)
	at org.springframework.web.filter.OncePerRequestFilter.doFilter(OncePerRequestFilter.java:116)
	at org.springframework.security.web.FilterChainProxy$VirtualFilterChain.doFilter(FilterChainProxy.java:374)
	at org.springframework.security.web.FilterChainProxy.doFilterInternal(FilterChainProxy.java:233)
	at org.springframework.security.web.FilterChainProxy.doFilter(FilterChainProxy.java:191)
	at org.springframework.web.filter.CompositeFilter$VirtualFilterChain.doFilter(CompositeFilter.java:113)
	at org.springframework.web.servlet.handler.HandlerMappingIntrospector.lambda$createCacheFilter$3(HandlerMappingIntrospector.java:243)
	at org.springframework.web.filter.CompositeFilter$VirtualFilterChain.doFilter(CompositeFilter.java:113)
	at org.springframework.web.filter.CompositeFilter.doFilter(CompositeFilter.java:74)
	at org.springframework.security.config.annotation.web.configuration.WebMvcSecurityConfiguration$CompositeFilterChainProxy.doFilter(WebMvcSecurityConfiguration.java:238)
	at org.springframework.web.filter.DelegatingFilterProxy.invokeDelegate(DelegatingFilterProxy.java:362)
	at org.springframework.web.filter.DelegatingFilterProxy.doFilter(DelegatingFilterProxy.java:278)
	at org.apache.catalina.core.ApplicationFilterChain.internalDoFilter(ApplicationFilterChain.java:164)
	at org.apache.catalina.core.ApplicationFilterChain.doFilter(ApplicationFilterChain.java:140)
	at org.springframework.web.filter.RequestContextFilter.doFilterInternal(RequestContextFilter.java:100)
	at org.springframework.web.filter.OncePerRequestFilter.doFilter(OncePerRequestFilter.java:116)
	at org.apache.catalina.core.ApplicationFilterChain.internalDoFilter(ApplicationFilterChain.java:164)
	at org.apache.catalina.core.ApplicationFilterChain.doFilter(ApplicationFilterChain.java:140)
	at org.springframework.web.filter.FormContentFilter.doFilterInternal(FormContentFilter.java:93)
	at org.springframework.web.filter.OncePerRequestFilter.doFilter(OncePerRequestFilter.java:116)
	at org.apache.catalina.core.ApplicationFilterChain.internalDoFilter(ApplicationFilterChain.java:164)
	at org.apache.catalina.core.ApplicationFilterChain.doFilter(ApplicationFilterChain.java:140)
	at org.springframework.web.filter.CharacterEncodingFilter.doFilterInternal(CharacterEncodingFilter.java:201)
	at org.springframework.web.filter.OncePerRequestFilter.doFilter(OncePerRequestFilter.java:116)
	at org.apache.catalina.core.ApplicationFilterChain.internalDoFilter(ApplicationFilterChain.java:164)
	at org.apache.catalina.core.ApplicationFilterChain.doFilter(ApplicationFilterChain.java:140)
	at org.apache.catalina.core.StandardWrapperValve.invoke(StandardWrapperValve.java:167)
	at org.apache.catalina.core.StandardContextValve.invoke(StandardContextValve.java:90)
	at org.apache.catalina.authenticator.AuthenticatorBase.invoke(AuthenticatorBase.java:483)
	at org.apache.catalina.core.StandardHostValve.invoke(StandardHostValve.java:115)
	at org.apache.catalina.valves.ErrorReportValve.invoke(ErrorReportValve.java:93)
	at org.apache.catalina.core.StandardEngineValve.invoke(StandardEngineValve.java:74)
	at org.apache.catalina.connector.CoyoteAdapter.service(CoyoteAdapter.java:344)
	at org.apache.coyote.http11.Http11Processor.service(Http11Processor.java:397)
	at org.apache.coyote.AbstractProcessorLight.process(AbstractProcessorLight.java:63)
	at org.apache.coyote.AbstractProtocol$ConnectionHandler.process(AbstractProtocol.java:905)
	at org.apache.tomcat.util.net.NioEndpoint$SocketProcessor.doRun(NioEndpoint.java:1741)
	at org.apache.tomcat.util.net.SocketProcessorBase.run(SocketProcessorBase.java:52)
	at org.apache.tomcat.util.threads.ThreadPoolExecutor.runWorker(ThreadPoolExecutor.java:1190)
	at org.apache.tomcat.util.threads.ThreadPoolExecutor$Worker.run(ThreadPoolExecutor.java:659)
	at org.apache.tomcat.util.threads.TaskThread$WrappingRunnable.run(TaskThread.java:63)
	at java.base/java.lang.Thread.run(Thread.java:842)
2025-10-30 15:54:09.273 [http-nio-8001-exec-3] INFO  c.x.m.c.c.s.MemberDetailsService - 🔍 로그인 시도 ID: 1
2025-10-30 15:54:09.277 [http-nio-8001-exec-3] ERROR o.a.c.c.C.[.[.[.[dispatcherServlet] - Servlet.service() for servlet [dispatcherServlet] in context with path [] threw exception
org.springframework.security.core.userdetails.UsernameNotFoundException: 회원을 찾을 수 없습니다.
	at com.xladmt.makify.common.config.security.MemberDetailsService.lambda$loadUserByUsername$0(MemberDetailsService.java:23)
	at java.base/java.util.Optional.orElseThrow(Optional.java:403)
	at com.xladmt.makify.common.config.security.MemberDetailsService.loadUserByUsername(MemberDetailsService.java:23)
	at com.xladmt.makify.common.jwt.JwtAuthenticationFilter.doFilterInternal(JwtAuthenticationFilter.java:46)
	at org.springframework.web.filter.OncePerRequestFilter.doFilter(OncePerRequestFilter.java:116)
	at org.springframework.security.web.FilterChainProxy$VirtualFilterChain.doFilter(FilterChainProxy.java:374)
	at org.springframework.security.web.authentication.logout.LogoutFilter.doFilter(LogoutFilter.java:107)
	at org.springframework.security.web.authentication.logout.LogoutFilter.doFilter(LogoutFilter.java:93)
	at org.springframework.security.web.FilterChainProxy$VirtualFilterChain.doFilter(FilterChainProxy.java:374)
	at org.springframework.web.filter.CorsFilter.doFilterInternal(CorsFilter.java:91)
	at org.springframework.web.filter.OncePerRequestFilter.doFilter(OncePerRequestFilter.java:116)
	at org.springframework.security.web.FilterChainProxy$VirtualFilterChain.doFilter(FilterChainProxy.java:374)
	at org.springframework.security.web.header.HeaderWriterFilter.doHeadersAfter(HeaderWriterFilter.java:90)
	at org.springframework.security.web.header.HeaderWriterFilter.doFilterInternal(HeaderWriterFilter.java:75)
	at org.springframework.web.filter.OncePerRequestFilter.doFilter(OncePerRequestFilter.java:116)
	at org.springframework.security.web.FilterChainProxy$VirtualFilterChain.doFilter(FilterChainProxy.java:374)
	at org.springframework.security.web.context.SecurityContextHolderFilter.doFilter(SecurityContextHolderFilter.java:82)
	at org.springframework.security.web.context.SecurityContextHolderFilter.doFilter(SecurityContextHolderFilter.java:69)
	at org.springframework.security.web.FilterChainProxy$VirtualFilterChain.doFilter(FilterChainProxy.java:374)
	at org.springframework.security.web.context.request.async.WebAsyncManagerIntegrationFilter.doFilterInternal(WebAsyncManagerIntegrationFilter.java:62)
	at org.springframework.web.filter.OncePerRequestFilter.doFilter(OncePerRequestFilter.java:116)
	at org.springframework.security.web.FilterChainProxy$VirtualFilterChain.doFilter(FilterChainProxy.java:374)
	at org.springframework.security.web.session.DisableEncodeUrlFilter.doFilterInternal(DisableEncodeUrlFilter.java:42)
	at org.springframework.web.filter.OncePerRequestFilter.doFilter(OncePerRequestFilter.java:116)
	at org.springframework.security.web.FilterChainProxy$VirtualFilterChain.doFilter(FilterChainProxy.java:374)
	at org.springframework.security.web.FilterChainProxy.doFilterInternal(FilterChainProxy.java:233)
	at org.springframework.security.web.FilterChainProxy.doFilter(FilterChainProxy.java:191)
	at org.springframework.web.filter.CompositeFilter$VirtualFilterChain.doFilter(CompositeFilter.java:113)
	at org.springframework.web.servlet.handler.HandlerMappingIntrospector.lambda$createCacheFilter$3(HandlerMappingIntrospector.java:243)
	at org.springframework.web.filter.CompositeFilter$VirtualFilterChain.doFilter(CompositeFilter.java:113)
	at org.springframework.web.filter.CompositeFilter.doFilter(CompositeFilter.java:74)
	at org.springframework.security.config.annotation.web.configuration.WebMvcSecurityConfiguration$CompositeFilterChainProxy.doFilter(WebMvcSecurityConfiguration.java:238)
	at org.springframework.web.filter.DelegatingFilterProxy.invokeDelegate(DelegatingFilterProxy.java:362)
	at org.springframework.web.filter.DelegatingFilterProxy.doFilter(DelegatingFilterProxy.java:278)
	at org.apache.catalina.core.ApplicationFilterChain.internalDoFilter(ApplicationFilterChain.java:164)
	at org.apache.catalina.core.ApplicationFilterChain.doFilter(ApplicationFilterChain.java:140)
	at org.springframework.web.filter.RequestContextFilter.doFilterInternal(RequestContextFilter.java:100)
	at org.springframework.web.filter.OncePerRequestFilter.doFilter(OncePerRequestFilter.java:116)
	at org.apache.catalina.core.ApplicationFilterChain.internalDoFilter(ApplicationFilterChain.java:164)
	at org.apache.catalina.core.ApplicationFilterChain.doFilter(ApplicationFilterChain.java:140)
	at org.springframework.web.filter.FormContentFilter.doFilterInternal(FormContentFilter.java:93)
	at org.springframework.web.filter.OncePerRequestFilter.doFilter(OncePerRequestFilter.java:116)
	at org.apache.catalina.core.ApplicationFilterChain.internalDoFilter(ApplicationFilterChain.java:164)
	at org.apache.catalina.core.ApplicationFilterChain.doFilter(ApplicationFilterChain.java:140)
	at org.springframework.web.filter.CharacterEncodingFilter.doFilterInternal(CharacterEncodingFilter.java:201)
	at org.springframework.web.filter.OncePerRequestFilter.doFilter(OncePerRequestFilter.java:116)
	at org.apache.catalina.core.ApplicationFilterChain.internalDoFilter(ApplicationFilterChain.java:164)
	at org.apache.catalina.core.ApplicationFilterChain.doFilter(ApplicationFilterChain.java:140)
	at org.apache.catalina.core.StandardWrapperValve.invoke(StandardWrapperValve.java:167)
	at org.apache.catalina.core.StandardContextValve.invoke(StandardContextValve.java:90)
	at org.apache.catalina.authenticator.AuthenticatorBase.invoke(AuthenticatorBase.java:483)
	at org.apache.catalina.core.StandardHostValve.invoke(StandardHostValve.java:115)
	at org.apache.catalina.valves.ErrorReportValve.invoke(ErrorReportValve.java:93)
	at org.apache.catalina.core.StandardEngineValve.invoke(StandardEngineValve.java:74)
	at org.apache.catalina.connector.CoyoteAdapter.service(CoyoteAdapter.java:344)
	at org.apache.coyote.http11.Http11Processor.service(Http11Processor.java:397)
	at org.apache.coyote.AbstractProcessorLight.process(AbstractProcessorLight.java:63)
	at org.apache.coyote.AbstractProtocol$ConnectionHandler.process(AbstractProtocol.java:905)
	at org.apache.tomcat.util.net.NioEndpoint$SocketProcessor.doRun(NioEndpoint.java:1741)
	at org.apache.tomcat.util.net.SocketProcessorBase.run(SocketProcessorBase.java:52)
	at org.apache.tomcat.util.threads.ThreadPoolExecutor.runWorker(ThreadPoolExecutor.java:1190)
	at org.apache.tomcat.util.threads.ThreadPoolExecutor$Worker.run(ThreadPoolExecutor.java:659)
	at org.apache.tomcat.util.threads.TaskThread$WrappingRunnable.run(TaskThread.java:63)
	at java.base/java.lang.Thread.run(Thread.java:842)
2025-10-30 15:54:52.894 [SpringApplicationShutdownHook] INFO  o.s.b.w.e.tomcat.GracefulShutdown - Commencing graceful shutdown. Waiting for active requests to complete
2025-10-30 15:54:52.895 [tomcat-shutdown] INFO  o.s.b.w.e.tomcat.GracefulShutdown - Graceful shutdown complete
2025-10-30 15:54:52.901 [SpringApplicationShutdownHook] INFO  o.s.o.j.LocalContainerEntityManagerFactoryBean - Closing JPA EntityManagerFactory for persistence unit 'default'
2025-10-30 15:54:52.903 [SpringApplicationShutdownHook] INFO  com.zaxxer.hikari.HikariDataSource - HikariPool-1 - Shutdown initiated...
2025-10-30 15:54:52.905 [SpringApplicationShutdownHook] INFO  com.zaxxer.hikari.HikariDataSource - HikariPool-1 - Shutdown completed.
2025-10-30 15:54:54.010 [restartedMain] INFO  com.xladmt.makify.MakifyApplication - Starting MakifyApplication using Java 17.0.14 with PID 15000 (/Users/oseungmin/Documents/workspace/makify/build/classes/java/main started by oseungmin in /Users/oseungmin/Documents/workspace/makify)
2025-10-30 15:54:54.011 [restartedMain] DEBUG com.xladmt.makify.MakifyApplication - Running with Spring Boot v3.4.1, Spring v6.2.1
2025-10-30 15:54:54.011 [restartedMain] INFO  com.xladmt.makify.MakifyApplication - No active profile set, falling back to 1 default profile: "default"
2025-10-30 15:54:54.025 [restartedMain] INFO  o.s.b.d.e.DevToolsPropertyDefaultsPostProcessor - Devtools property defaults active! Set 'spring.devtools.add-properties' to 'false' to disable
2025-10-30 15:54:54.025 [restartedMain] INFO  o.s.b.d.e.DevToolsPropertyDefaultsPostProcessor - For additional web related logging consider setting the 'logging.level.web' property to 'DEBUG'
2025-10-30 15:54:54.319 [restartedMain] INFO  o.s.d.r.c.RepositoryConfigurationDelegate - Multiple Spring Data modules found, entering strict repository configuration mode
2025-10-30 15:54:54.320 [restartedMain] INFO  o.s.d.r.c.RepositoryConfigurationDelegate - Bootstrapping Spring Data JPA repositories in DEFAULT mode.
2025-10-30 15:54:54.376 [restartedMain] INFO  o.s.d.r.c.RepositoryConfigurationDelegate - Finished Spring Data repository scanning in 53 ms. Found 5 JPA repository interfaces.
2025-10-30 15:54:54.383 [restartedMain] INFO  o.s.d.r.c.RepositoryConfigurationDelegate - Multiple Spring Data modules found, entering strict repository configuration mode
2025-10-30 15:54:54.385 [restartedMain] INFO  o.s.d.r.c.RepositoryConfigurationDelegate - Bootstrapping Spring Data Redis repositories in DEFAULT mode.
2025-10-30 15:54:54.395 [restartedMain] INFO  o.s.d.r.c.RepositoryConfigurationExtensionSupport - Spring Data Redis - Could not safely identify store assignment for repository candidate interface com.xladmt.makify.challenge.repository.ChallengeRepository; If you want this repository to be a Redis repository, consider annotating your entities with one of these annotations: org.springframework.data.redis.core.RedisHash (preferred), or consider extending one of the following types with your repository: org.springframework.data.keyvalue.repository.KeyValueRepository
2025-10-30 15:54:54.395 [restartedMain] INFO  o.s.d.r.c.RepositoryConfigurationExtensionSupport - Spring Data Redis - Could not safely identify store assignment for repository candidate interface com.xladmt.makify.challenge.repository.UserChallengeRepository; If you want this repository to be a Redis repository, consider annotating your entities with one of these annotations: org.springframework.data.redis.core.RedisHash (preferred), or consider extending one of the following types with your repository: org.springframework.data.keyvalue.repository.KeyValueRepository
2025-10-30 15:54:54.395 [restartedMain] INFO  o.s.d.r.c.RepositoryConfigurationExtensionSupport - Spring Data Redis - Could not safely identify store assignment for repository candidate interface com.xladmt.makify.challenge.repository.VerificationMethodRepository; If you want this repository to be a Redis repository, consider annotating your entities with one of these annotations: org.springframework.data.redis.core.RedisHash (preferred), or consider extending one of the following types with your repository: org.springframework.data.keyvalue.repository.KeyValueRepository
2025-10-30 15:54:54.395 [restartedMain] INFO  o.s.d.r.c.RepositoryConfigurationExtensionSupport - Spring Data Redis - Could not safely identify store assignment for repository candidate interface com.xladmt.makify.member.repository.MemberRepository; If you want this repository to be a Redis repository, consider annotating your entities with one of these annotations: org.springframework.data.redis.core.RedisHash (preferred), or consider extending one of the following types with your repository: org.springframework.data.keyvalue.repository.KeyValueRepository
2025-10-30 15:54:54.395 [restartedMain] INFO  o.s.d.r.c.RepositoryConfigurationExtensionSupport - Spring Data Redis - Could not safely identify store assignment for repository candidate interface com.xladmt.makify.payment.repository.PaymentRepository; If you want this repository to be a Redis repository, consider annotating your entities with one of these annotations: org.springframework.data.redis.core.RedisHash (preferred), or consider extending one of the following types with your repository: org.springframework.data.keyvalue.repository.KeyValueRepository
2025-10-30 15:54:54.395 [restartedMain] INFO  o.s.d.r.c.RepositoryConfigurationDelegate - Finished Spring Data repository scanning in 4 ms. Found 0 Redis repository interfaces.
2025-10-30 15:54:54.650 [restartedMain] INFO  o.s.b.w.e.tomcat.TomcatWebServer - Tomcat initialized with port 8001 (http)
2025-10-30 15:54:54.654 [restartedMain] INFO  o.a.coyote.http11.Http11NioProtocol - Initializing ProtocolHandler ["http-nio-8001"]
2025-10-30 15:54:54.655 [restartedMain] INFO  o.a.catalina.core.StandardService - Starting service [Tomcat]
2025-10-30 15:54:54.655 [restartedMain] INFO  o.a.catalina.core.StandardEngine - Starting Servlet engine: [Apache Tomcat/10.1.34]
2025-10-30 15:54:54.670 [restartedMain] INFO  o.a.c.c.C.[Tomcat].[localhost].[/] - Initializing Spring embedded WebApplicationContext
2025-10-30 15:54:54.670 [restartedMain] INFO  o.s.b.w.s.c.ServletWebServerApplicationContext - Root WebApplicationContext: initialization completed in 645 ms
2025-10-30 15:54:54.822 [restartedMain] INFO  o.h.jpa.internal.util.LogHelper - HHH000204: Processing PersistenceUnitInfo [name: default]
2025-10-30 15:54:54.838 [restartedMain] INFO  org.hibernate.Version - HHH000412: Hibernate ORM core version 6.6.4.Final
2025-10-30 15:54:54.850 [restartedMain] INFO  o.h.c.i.RegionFactoryInitiator - HHH000026: Second-level cache disabled
2025-10-30 15:54:54.931 [restartedMain] INFO  o.s.o.j.p.SpringPersistenceUnitInfo - No LoadTimeWeaver setup: ignoring JPA class transformer
2025-10-30 15:54:54.941 [restartedMain] INFO  com.zaxxer.hikari.HikariDataSource - HikariPool-1 - Starting...
2025-10-30 15:54:55.031 [restartedMain] INFO  com.zaxxer.hikari.pool.HikariPool - HikariPool-1 - Added connection com.mysql.cj.jdbc.ConnectionImpl@662c6e4c
2025-10-30 15:54:55.031 [restartedMain] INFO  com.zaxxer.hikari.HikariDataSource - HikariPool-1 - Start completed.
2025-10-30 15:54:55.047 [restartedMain] WARN  org.hibernate.orm.deprecation - HHH90000025: MySQL8Dialect does not need to be specified explicitly using 'hibernate.dialect' (remove the property setting and it will be selected by default)
2025-10-30 15:54:55.047 [restartedMain] WARN  org.hibernate.orm.deprecation - HHH90000026: MySQL8Dialect has been deprecated; use org.hibernate.dialect.MySQLDialect instead
2025-10-30 15:54:55.052 [restartedMain] INFO  o.hibernate.orm.connections.pooling - HHH10001005: Database info:
	Database JDBC URL [Connecting through datasource 'HikariDataSource (HikariPool-1)']
	Database driver: undefined/unknown
	Database version: 8.0
	Autocommit mode: undefined/unknown
	Isolation level: undefined/unknown
	Minimum pool size: undefined/unknown
	Maximum pool size: undefined/unknown
2025-10-30 15:54:55.412 [restartedMain] INFO  o.h.e.t.j.p.i.JtaPlatformInitiator - HHH000489: No JTA platform available (set 'hibernate.transaction.jta.platform' to enable JTA platform integration)
2025-10-30 15:54:55.493 [restartedMain] INFO  o.s.o.j.LocalContainerEntityManagerFactoryBean - Initialized JPA EntityManagerFactory for persistence unit 'default'
2025-10-30 15:54:55.635 [restartedMain] DEBUG c.x.m.c.jwt.JwtAuthenticationFilter - Filter 'jwtAuthenticationFilter' configured for use
2025-10-30 15:54:55.651 [restartedMain] INFO  o.s.d.j.r.query.QueryEnhancerFactory - Hibernate is in classpath; If applicable, HQL parser will be used.
2025-10-30 15:54:56.334 [restartedMain] WARN  o.s.b.a.o.j.JpaBaseConfiguration$JpaWebConfiguration - spring.jpa.open-in-view is enabled by default. Therefore, database queries may be performed during view rendering. Explicitly configure spring.jpa.open-in-view to disable this warning
2025-10-30 15:54:56.347 [restartedMain] INFO  o.s.s.c.a.a.c.InitializeUserDetailsBeanManagerConfigurer$InitializeUserDetailsManagerConfigurer - Global AuthenticationManager configured with UserDetailsService bean with name memberDetailsService
2025-10-30 15:54:56.502 [restartedMain] WARN  o.s.s.c.a.web.builders.WebSecurity - You are asking Spring Security to ignore Deferred [Mvc [pattern='/css/**'], Ant [pattern='/css/**']]. This is not recommended -- please use permitAll via HttpSecurity#authorizeHttpRequests instead.
2025-10-30 15:54:56.502 [restartedMain] WARN  o.s.s.c.a.web.builders.WebSecurity - You are asking Spring Security to ignore Deferred [Mvc [pattern='/js/**'], Ant [pattern='/js/**']]. This is not recommended -- please use permitAll via HttpSecurity#authorizeHttpRequests instead.
2025-10-30 15:54:56.502 [restartedMain] WARN  o.s.s.c.a.web.builders.WebSecurity - You are asking Spring Security to ignore Deferred [Mvc [pattern='/images/**'], Ant [pattern='/images/**']]. This is not recommended -- please use permitAll via HttpSecurity#authorizeHttpRequests instead.
2025-10-30 15:54:56.502 [restartedMain] WARN  o.s.s.c.a.web.builders.WebSecurity - You are asking Spring Security to ignore Deferred [Mvc [pattern='/videos/**'], Ant [pattern='/videos/**']]. This is not recommended -- please use permitAll via HttpSecurity#authorizeHttpRequests instead.
2025-10-30 15:54:56.502 [restartedMain] WARN  o.s.s.c.a.web.builders.WebSecurity - You are asking Spring Security to ignore Deferred [Mvc [pattern='/favicon.ico'], Ant [pattern='/favicon.ico']]. This is not recommended -- please use permitAll via HttpSecurity#authorizeHttpRequests instead.
2025-10-30 15:54:56.502 [restartedMain] WARN  o.s.s.c.a.web.builders.WebSecurity - You are asking Spring Security to ignore Deferred [Mvc [pattern='/webjars/**'], Ant [pattern='/webjars/**']]. This is not recommended -- please use permitAll via HttpSecurity#authorizeHttpRequests instead.
2025-10-30 15:54:56.502 [restartedMain] WARN  o.s.s.c.a.web.builders.WebSecurity - You are asking Spring Security to ignore Deferred [Mvc [pattern='/static/**'], Ant [pattern='/static/**']]. This is not recommended -- please use permitAll via HttpSecurity#authorizeHttpRequests instead.
2025-10-30 15:54:56.520 [restartedMain] INFO  o.s.v.b.OptionalValidatorFactoryBean - Failed to set up a Bean Validation provider: jakarta.validation.NoProviderFoundException: Unable to create a Configuration, because no Jakarta Bean Validation provider could be found. Add a provider like Hibernate Validator (RI) to your classpath.
2025-10-30 15:54:56.720 [restartedMain] INFO  o.s.b.d.a.OptionalLiveReloadServer - LiveReload server is running on port 35729
2025-10-30 15:54:56.731 [restartedMain] INFO  o.a.coyote.http11.Http11NioProtocol - Starting ProtocolHandler ["http-nio-8001"]
2025-10-30 15:54:56.738 [restartedMain] INFO  o.s.b.w.e.tomcat.TomcatWebServer - Tomcat started on port 8001 (http) with context path '/'
2025-10-30 15:54:56.743 [restartedMain] INFO  com.xladmt.makify.MakifyApplication - Started MakifyApplication in 2.886 seconds (process running for 3.068)
2025-10-30 15:54:56.816 [http-nio-8001-exec-1] INFO  o.a.c.c.C.[Tomcat].[localhost].[/] - Initializing Spring DispatcherServlet 'dispatcherServlet'
2025-10-30 15:54:56.816 [http-nio-8001-exec-1] INFO  o.s.web.servlet.DispatcherServlet - Initializing Servlet 'dispatcherServlet'
2025-10-30 15:54:56.817 [http-nio-8001-exec-1] INFO  o.s.web.servlet.DispatcherServlet - Completed initialization in 0 ms
2025-10-30 15:54:56.845 [http-nio-8001-exec-1] INFO  c.x.m.c.c.s.MemberDetailsService - 🔍 로그인 시도 ID: 1
2025-10-30 15:54:56.886 [http-nio-8001-exec-1] ERROR o.a.c.c.C.[.[.[.[dispatcherServlet] - Servlet.service() for servlet [dispatcherServlet] in context with path [] threw exception
org.springframework.security.core.userdetails.UsernameNotFoundException: 회원을 찾을 수 없습니다.
	at com.xladmt.makify.common.config.security.MemberDetailsService.lambda$loadUserByUsername$0(MemberDetailsService.java:23)
	at java.base/java.util.Optional.orElseThrow(Optional.java:403)
	at com.xladmt.makify.common.config.security.MemberDetailsService.loadUserByUsername(MemberDetailsService.java:23)
	at com.xladmt.makify.common.jwt.JwtAuthenticationFilter.doFilterInternal(JwtAuthenticationFilter.java:37)
	at org.springframework.web.filter.OncePerRequestFilter.doFilter(OncePerRequestFilter.java:116)
	at org.springframework.security.web.FilterChainProxy$VirtualFilterChain.doFilter(FilterChainProxy.java:374)
	at org.springframework.security.web.authentication.logout.LogoutFilter.doFilter(LogoutFilter.java:107)
	at org.springframework.security.web.authentication.logout.LogoutFilter.doFilter(LogoutFilter.java:93)
	at org.springframework.security.web.FilterChainProxy$VirtualFilterChain.doFilter(FilterChainProxy.java:374)
	at org.springframework.web.filter.CorsFilter.doFilterInternal(CorsFilter.java:91)
	at org.springframework.web.filter.OncePerRequestFilter.doFilter(OncePerRequestFilter.java:116)
	at org.springframework.security.web.FilterChainProxy$VirtualFilterChain.doFilter(FilterChainProxy.java:374)
	at org.springframework.security.web.header.HeaderWriterFilter.doHeadersAfter(HeaderWriterFilter.java:90)
	at org.springframework.security.web.header.HeaderWriterFilter.doFilterInternal(HeaderWriterFilter.java:75)
	at org.springframework.web.filter.OncePerRequestFilter.doFilter(OncePerRequestFilter.java:116)
	at org.springframework.security.web.FilterChainProxy$VirtualFilterChain.doFilter(FilterChainProxy.java:374)
	at org.springframework.security.web.context.SecurityContextHolderFilter.doFilter(SecurityContextHolderFilter.java:82)
	at org.springframework.security.web.context.SecurityContextHolderFilter.doFilter(SecurityContextHolderFilter.java:69)
	at org.springframework.security.web.FilterChainProxy$VirtualFilterChain.doFilter(FilterChainProxy.java:374)
	at org.springframework.security.web.context.request.async.WebAsyncManagerIntegrationFilter.doFilterInternal(WebAsyncManagerIntegrationFilter.java:62)
	at org.springframework.web.filter.OncePerRequestFilter.doFilter(OncePerRequestFilter.java:116)
	at org.springframework.security.web.FilterChainProxy$VirtualFilterChain.doFilter(FilterChainProxy.java:374)
	at org.springframework.security.web.session.DisableEncodeUrlFilter.doFilterInternal(DisableEncodeUrlFilter.java:42)
	at org.springframework.web.filter.OncePerRequestFilter.doFilter(OncePerRequestFilter.java:116)
	at org.springframework.security.web.FilterChainProxy$VirtualFilterChain.doFilter(FilterChainProxy.java:374)
	at org.springframework.security.web.FilterChainProxy.doFilterInternal(FilterChainProxy.java:233)
	at org.springframework.security.web.FilterChainProxy.doFilter(FilterChainProxy.java:191)
	at org.springframework.web.filter.CompositeFilter$VirtualFilterChain.doFilter(CompositeFilter.java:113)
	at org.springframework.web.servlet.handler.HandlerMappingIntrospector.lambda$createCacheFilter$3(HandlerMappingIntrospector.java:243)
	at org.springframework.web.filter.CompositeFilter$VirtualFilterChain.doFilter(CompositeFilter.java:113)
	at org.springframework.web.filter.CompositeFilter.doFilter(CompositeFilter.java:74)
	at org.springframework.security.config.annotation.web.configuration.WebMvcSecurityConfiguration$CompositeFilterChainProxy.doFilter(WebMvcSecurityConfiguration.java:238)
	at org.springframework.web.filter.DelegatingFilterProxy.invokeDelegate(DelegatingFilterProxy.java:362)
	at org.springframework.web.filter.DelegatingFilterProxy.doFilter(DelegatingFilterProxy.java:278)
	at org.apache.catalina.core.ApplicationFilterChain.internalDoFilter(ApplicationFilterChain.java:164)
	at org.apache.catalina.core.ApplicationFilterChain.doFilter(ApplicationFilterChain.java:140)
	at org.springframework.web.filter.RequestContextFilter.doFilterInternal(RequestContextFilter.java:100)
	at org.springframework.web.filter.OncePerRequestFilter.doFilter(OncePerRequestFilter.java:116)
	at org.apache.catalina.core.ApplicationFilterChain.internalDoFilter(ApplicationFilterChain.java:164)
	at org.apache.catalina.core.ApplicationFilterChain.doFilter(ApplicationFilterChain.java:140)
	at org.springframework.web.filter.FormContentFilter.doFilterInternal(FormContentFilter.java:93)
	at org.springframework.web.filter.OncePerRequestFilter.doFilter(OncePerRequestFilter.java:116)
	at org.apache.catalina.core.ApplicationFilterChain.internalDoFilter(ApplicationFilterChain.java:164)
	at org.apache.catalina.core.ApplicationFilterChain.doFilter(ApplicationFilterChain.java:140)
	at org.springframework.web.filter.CharacterEncodingFilter.doFilterInternal(CharacterEncodingFilter.java:201)
	at org.springframework.web.filter.OncePerRequestFilter.doFilter(OncePerRequestFilter.java:116)
	at org.apache.catalina.core.ApplicationFilterChain.internalDoFilter(ApplicationFilterChain.java:164)
	at org.apache.catalina.core.ApplicationFilterChain.doFilter(ApplicationFilterChain.java:140)
	at org.apache.catalina.core.StandardWrapperValve.invoke(StandardWrapperValve.java:167)
	at org.apache.catalina.core.StandardContextValve.invoke(StandardContextValve.java:90)
	at org.apache.catalina.authenticator.AuthenticatorBase.invoke(AuthenticatorBase.java:483)
	at org.apache.catalina.core.StandardHostValve.invoke(StandardHostValve.java:115)
	at org.apache.catalina.valves.ErrorReportValve.invoke(ErrorReportValve.java:93)
	at org.apache.catalina.core.StandardEngineValve.invoke(StandardEngineValve.java:74)
	at org.apache.catalina.connector.CoyoteAdapter.service(CoyoteAdapter.java:344)
	at org.apache.coyote.http11.Http11Processor.service(Http11Processor.java:397)
	at org.apache.coyote.AbstractProcessorLight.process(AbstractProcessorLight.java:63)
	at org.apache.coyote.AbstractProtocol$ConnectionHandler.process(AbstractProtocol.java:905)
	at org.apache.tomcat.util.net.NioEndpoint$SocketProcessor.doRun(NioEndpoint.java:1741)
	at org.apache.tomcat.util.net.SocketProcessorBase.run(SocketProcessorBase.java:52)
	at org.apache.tomcat.util.threads.ThreadPoolExecutor.runWorker(ThreadPoolExecutor.java:1190)
	at org.apache.tomcat.util.threads.ThreadPoolExecutor$Worker.run(ThreadPoolExecutor.java:659)
	at org.apache.tomcat.util.threads.TaskThread$WrappingRunnable.run(TaskThread.java:63)
	at java.base/java.lang.Thread.run(Thread.java:842)
2025-10-30 15:56:11.790 [SpringApplicationShutdownHook] INFO  o.s.b.w.e.tomcat.GracefulShutdown - Commencing graceful shutdown. Waiting for active requests to complete
2025-10-30 15:56:11.794 [tomcat-shutdown] INFO  o.s.b.w.e.tomcat.GracefulShutdown - Graceful shutdown complete
2025-10-30 15:56:11.799 [SpringApplicationShutdownHook] INFO  o.s.o.j.LocalContainerEntityManagerFactoryBean - Closing JPA EntityManagerFactory for persistence unit 'default'
2025-10-30 15:56:11.800 [SpringApplicationShutdownHook] INFO  com.zaxxer.hikari.HikariDataSource - HikariPool-1 - Shutdown initiated...
2025-10-30 15:56:11.802 [SpringApplicationShutdownHook] INFO  com.zaxxer.hikari.HikariDataSource - HikariPool-1 - Shutdown completed.
2025-10-30 15:56:12.890 [restartedMain] INFO  com.xladmt.makify.MakifyApplication - Starting MakifyApplication using Java 17.0.14 with PID 15070 (/Users/oseungmin/Documents/workspace/makify/build/classes/java/main started by oseungmin in /Users/oseungmin/Documents/workspace/makify)
2025-10-30 15:56:12.891 [restartedMain] DEBUG com.xladmt.makify.MakifyApplication - Running with Spring Boot v3.4.1, Spring v6.2.1
2025-10-30 15:56:12.891 [restartedMain] INFO  com.xladmt.makify.MakifyApplication - No active profile set, falling back to 1 default profile: "default"
2025-10-30 15:56:12.915 [restartedMain] INFO  o.s.b.d.e.DevToolsPropertyDefaultsPostProcessor - Devtools property defaults active! Set 'spring.devtools.add-properties' to 'false' to disable
2025-10-30 15:56:12.915 [restartedMain] INFO  o.s.b.d.e.DevToolsPropertyDefaultsPostProcessor - For additional web related logging consider setting the 'logging.level.web' property to 'DEBUG'
2025-10-30 15:56:13.198 [restartedMain] INFO  o.s.d.r.c.RepositoryConfigurationDelegate - Multiple Spring Data modules found, entering strict repository configuration mode
2025-10-30 15:56:13.199 [restartedMain] INFO  o.s.d.r.c.RepositoryConfigurationDelegate - Bootstrapping Spring Data JPA repositories in DEFAULT mode.
2025-10-30 15:56:13.258 [restartedMain] INFO  o.s.d.r.c.RepositoryConfigurationDelegate - Finished Spring Data repository scanning in 55 ms. Found 5 JPA repository interfaces.
2025-10-30 15:56:13.263 [restartedMain] INFO  o.s.d.r.c.RepositoryConfigurationDelegate - Multiple Spring Data modules found, entering strict repository configuration mode
2025-10-30 15:56:13.263 [restartedMain] INFO  o.s.d.r.c.RepositoryConfigurationDelegate - Bootstrapping Spring Data Redis repositories in DEFAULT mode.
2025-10-30 15:56:13.270 [restartedMain] INFO  o.s.d.r.c.RepositoryConfigurationExtensionSupport - Spring Data Redis - Could not safely identify store assignment for repository candidate interface com.xladmt.makify.challenge.repository.ChallengeRepository; If you want this repository to be a Redis repository, consider annotating your entities with one of these annotations: org.springframework.data.redis.core.RedisHash (preferred), or consider extending one of the following types with your repository: org.springframework.data.keyvalue.repository.KeyValueRepository
2025-10-30 15:56:13.270 [restartedMain] INFO  o.s.d.r.c.RepositoryConfigurationExtensionSupport - Spring Data Redis - Could not safely identify store assignment for repository candidate interface com.xladmt.makify.challenge.repository.UserChallengeRepository; If you want this repository to be a Redis repository, consider annotating your entities with one of these annotations: org.springframework.data.redis.core.RedisHash (preferred), or consider extending one of the following types with your repository: org.springframework.data.keyvalue.repository.KeyValueRepository
2025-10-30 15:56:13.270 [restartedMain] INFO  o.s.d.r.c.RepositoryConfigurationExtensionSupport - Spring Data Redis - Could not safely identify store assignment for repository candidate interface com.xladmt.makify.challenge.repository.VerificationMethodRepository; If you want this repository to be a Redis repository, consider annotating your entities with one of these annotations: org.springframework.data.redis.core.RedisHash (preferred), or consider extending one of the following types with your repository: org.springframework.data.keyvalue.repository.KeyValueRepository
2025-10-30 15:56:13.270 [restartedMain] INFO  o.s.d.r.c.RepositoryConfigurationExtensionSupport - Spring Data Redis - Could not safely identify store assignment for repository candidate interface com.xladmt.makify.member.repository.MemberRepository; If you want this repository to be a Redis repository, consider annotating your entities with one of these annotations: org.springframework.data.redis.core.RedisHash (preferred), or consider extending one of the following types with your repository: org.springframework.data.keyvalue.repository.KeyValueRepository
2025-10-30 15:56:13.270 [restartedMain] INFO  o.s.d.r.c.RepositoryConfigurationExtensionSupport - Spring Data Redis - Could not safely identify store assignment for repository candidate interface com.xladmt.makify.payment.repository.PaymentRepository; If you want this repository to be a Redis repository, consider annotating your entities with one of these annotations: org.springframework.data.redis.core.RedisHash (preferred), or consider extending one of the following types with your repository: org.springframework.data.keyvalue.repository.KeyValueRepository
2025-10-30 15:56:13.270 [restartedMain] INFO  o.s.d.r.c.RepositoryConfigurationDelegate - Finished Spring Data repository scanning in 3 ms. Found 0 Redis repository interfaces.
2025-10-30 15:56:13.534 [restartedMain] INFO  o.s.b.w.e.tomcat.TomcatWebServer - Tomcat initialized with port 8001 (http)
2025-10-30 15:56:13.538 [restartedMain] INFO  o.a.coyote.http11.Http11NioProtocol - Initializing ProtocolHandler ["http-nio-8001"]
2025-10-30 15:56:13.538 [restartedMain] INFO  o.a.catalina.core.StandardService - Starting service [Tomcat]
2025-10-30 15:56:13.538 [restartedMain] INFO  o.a.catalina.core.StandardEngine - Starting Servlet engine: [Apache Tomcat/10.1.34]
2025-10-30 15:56:13.554 [restartedMain] INFO  o.a.c.c.C.[Tomcat].[localhost].[/] - Initializing Spring embedded WebApplicationContext
2025-10-30 15:56:13.554 [restartedMain] INFO  o.s.b.w.s.c.ServletWebServerApplicationContext - Root WebApplicationContext: initialization completed in 639 ms
2025-10-30 15:56:13.713 [restartedMain] INFO  o.h.jpa.internal.util.LogHelper - HHH000204: Processing PersistenceUnitInfo [name: default]
2025-10-30 15:56:13.729 [restartedMain] INFO  org.hibernate.Version - HHH000412: Hibernate ORM core version 6.6.4.Final
2025-10-30 15:56:13.739 [restartedMain] INFO  o.h.c.i.RegionFactoryInitiator - HHH000026: Second-level cache disabled
2025-10-30 15:56:13.822 [restartedMain] INFO  o.s.o.j.p.SpringPersistenceUnitInfo - No LoadTimeWeaver setup: ignoring JPA class transformer
2025-10-30 15:56:13.830 [restartedMain] INFO  com.zaxxer.hikari.HikariDataSource - HikariPool-1 - Starting...
2025-10-30 15:56:13.912 [restartedMain] INFO  com.zaxxer.hikari.pool.HikariPool - HikariPool-1 - Added connection com.mysql.cj.jdbc.ConnectionImpl@24f9f79b
2025-10-30 15:56:13.912 [restartedMain] INFO  com.zaxxer.hikari.HikariDataSource - HikariPool-1 - Start completed.
2025-10-30 15:56:13.926 [restartedMain] WARN  org.hibernate.orm.deprecation - HHH90000025: MySQL8Dialect does not need to be specified explicitly using 'hibernate.dialect' (remove the property setting and it will be selected by default)
2025-10-30 15:56:13.926 [restartedMain] WARN  org.hibernate.orm.deprecation - HHH90000026: MySQL8Dialect has been deprecated; use org.hibernate.dialect.MySQLDialect instead
2025-10-30 15:56:13.934 [restartedMain] INFO  o.hibernate.orm.connections.pooling - HHH10001005: Database info:
	Database JDBC URL [Connecting through datasource 'HikariDataSource (HikariPool-1)']
	Database driver: undefined/unknown
	Database version: 8.0
	Autocommit mode: undefined/unknown
	Isolation level: undefined/unknown
	Minimum pool size: undefined/unknown
	Maximum pool size: undefined/unknown
2025-10-30 15:56:14.269 [restartedMain] INFO  o.h.e.t.j.p.i.JtaPlatformInitiator - HHH000489: No JTA platform available (set 'hibernate.transaction.jta.platform' to enable JTA platform integration)
2025-10-30 15:56:14.356 [restartedMain] INFO  o.s.o.j.LocalContainerEntityManagerFactoryBean - Initialized JPA EntityManagerFactory for persistence unit 'default'
2025-10-30 15:56:14.512 [restartedMain] DEBUG c.x.m.c.jwt.JwtAuthenticationFilter - Filter 'jwtAuthenticationFilter' configured for use
2025-10-30 15:56:14.530 [restartedMain] INFO  o.s.d.j.r.query.QueryEnhancerFactory - Hibernate is in classpath; If applicable, HQL parser will be used.
2025-10-30 15:56:15.231 [restartedMain] WARN  o.s.b.a.o.j.JpaBaseConfiguration$JpaWebConfiguration - spring.jpa.open-in-view is enabled by default. Therefore, database queries may be performed during view rendering. Explicitly configure spring.jpa.open-in-view to disable this warning
2025-10-30 15:56:15.245 [restartedMain] INFO  o.s.s.c.a.a.c.InitializeUserDetailsBeanManagerConfigurer$InitializeUserDetailsManagerConfigurer - Global AuthenticationManager configured with UserDetailsService bean with name memberDetailsService
2025-10-30 15:56:15.419 [restartedMain] WARN  o.s.s.c.a.web.builders.WebSecurity - You are asking Spring Security to ignore Deferred [Mvc [pattern='/css/**'], Ant [pattern='/css/**']]. This is not recommended -- please use permitAll via HttpSecurity#authorizeHttpRequests instead.
2025-10-30 15:56:15.419 [restartedMain] WARN  o.s.s.c.a.web.builders.WebSecurity - You are asking Spring Security to ignore Deferred [Mvc [pattern='/js/**'], Ant [pattern='/js/**']]. This is not recommended -- please use permitAll via HttpSecurity#authorizeHttpRequests instead.
2025-10-30 15:56:15.419 [restartedMain] WARN  o.s.s.c.a.web.builders.WebSecurity - You are asking Spring Security to ignore Deferred [Mvc [pattern='/images/**'], Ant [pattern='/images/**']]. This is not recommended -- please use permitAll via HttpSecurity#authorizeHttpRequests instead.
2025-10-30 15:56:15.419 [restartedMain] WARN  o.s.s.c.a.web.builders.WebSecurity - You are asking Spring Security to ignore Deferred [Mvc [pattern='/videos/**'], Ant [pattern='/videos/**']]. This is not recommended -- please use permitAll via HttpSecurity#authorizeHttpRequests instead.
2025-10-30 15:56:15.419 [restartedMain] WARN  o.s.s.c.a.web.builders.WebSecurity - You are asking Spring Security to ignore Deferred [Mvc [pattern='/favicon.ico'], Ant [pattern='/favicon.ico']]. This is not recommended -- please use permitAll via HttpSecurity#authorizeHttpRequests instead.
2025-10-30 15:56:15.419 [restartedMain] WARN  o.s.s.c.a.web.builders.WebSecurity - You are asking Spring Security to ignore Deferred [Mvc [pattern='/webjars/**'], Ant [pattern='/webjars/**']]. This is not recommended -- please use permitAll via HttpSecurity#authorizeHttpRequests instead.
2025-10-30 15:56:15.419 [restartedMain] WARN  o.s.s.c.a.web.builders.WebSecurity - You are asking Spring Security to ignore Deferred [Mvc [pattern='/static/**'], Ant [pattern='/static/**']]. This is not recommended -- please use permitAll via HttpSecurity#authorizeHttpRequests instead.
2025-10-30 15:56:15.440 [restartedMain] INFO  o.s.v.b.OptionalValidatorFactoryBean - Failed to set up a Bean Validation provider: jakarta.validation.NoProviderFoundException: Unable to create a Configuration, because no Jakarta Bean Validation provider could be found. Add a provider like Hibernate Validator (RI) to your classpath.
2025-10-30 15:56:15.642 [restartedMain] INFO  o.s.b.d.a.OptionalLiveReloadServer - LiveReload server is running on port 35729
2025-10-30 15:56:15.654 [restartedMain] INFO  o.a.coyote.http11.Http11NioProtocol - Starting ProtocolHandler ["http-nio-8001"]
2025-10-30 15:56:15.660 [restartedMain] INFO  o.s.b.w.e.tomcat.TomcatWebServer - Tomcat started on port 8001 (http) with context path '/'
2025-10-30 15:56:15.665 [restartedMain] INFO  com.xladmt.makify.MakifyApplication - Started MakifyApplication in 2.936 seconds (process running for 3.114)
2025-10-30 15:56:16.439 [http-nio-8001-exec-1] INFO  o.a.c.c.C.[Tomcat].[localhost].[/] - Initializing Spring DispatcherServlet 'dispatcherServlet'
2025-10-30 15:56:16.440 [http-nio-8001-exec-1] INFO  o.s.web.servlet.DispatcherServlet - Initializing Servlet 'dispatcherServlet'
2025-10-30 15:56:16.441 [http-nio-8001-exec-1] INFO  o.s.web.servlet.DispatcherServlet - Completed initialization in 1 ms
2025-10-30 15:56:16.476 [http-nio-8001-exec-1] INFO  c.x.m.c.c.s.MemberDetailsService - 🔍 로그인 시도 ID: 1
2025-10-30 15:56:16.519 [http-nio-8001-exec-1] ERROR o.a.c.c.C.[.[.[.[dispatcherServlet] - Servlet.service() for servlet [dispatcherServlet] in context with path [] threw exception
org.springframework.security.core.userdetails.UsernameNotFoundException: 회원을 찾을 수 없습니다.
	at com.xladmt.makify.common.config.security.MemberDetailsService.lambda$loadUserByUsername$0(MemberDetailsService.java:23)
	at java.base/java.util.Optional.orElseThrow(Optional.java:403)
	at com.xladmt.makify.common.config.security.MemberDetailsService.loadUserByUsername(MemberDetailsService.java:23)
	at com.xladmt.makify.common.jwt.JwtAuthenticationFilter.doFilterInternal(JwtAuthenticationFilter.java:37)
	at org.springframework.web.filter.OncePerRequestFilter.doFilter(OncePerRequestFilter.java:116)
	at org.springframework.security.web.FilterChainProxy$VirtualFilterChain.doFilter(FilterChainProxy.java:374)
	at org.springframework.security.web.authentication.logout.LogoutFilter.doFilter(LogoutFilter.java:107)
	at org.springframework.security.web.authentication.logout.LogoutFilter.doFilter(LogoutFilter.java:93)
	at org.springframework.security.web.FilterChainProxy$VirtualFilterChain.doFilter(FilterChainProxy.java:374)
	at org.springframework.web.filter.CorsFilter.doFilterInternal(CorsFilter.java:91)
	at org.springframework.web.filter.OncePerRequestFilter.doFilter(OncePerRequestFilter.java:116)
	at org.springframework.security.web.FilterChainProxy$VirtualFilterChain.doFilter(FilterChainProxy.java:374)
	at org.springframework.security.web.header.HeaderWriterFilter.doHeadersAfter(HeaderWriterFilter.java:90)
	at org.springframework.security.web.header.HeaderWriterFilter.doFilterInternal(HeaderWriterFilter.java:75)
	at org.springframework.web.filter.OncePerRequestFilter.doFilter(OncePerRequestFilter.java:116)
	at org.springframework.security.web.FilterChainProxy$VirtualFilterChain.doFilter(FilterChainProxy.java:374)
	at org.springframework.security.web.context.SecurityContextHolderFilter.doFilter(SecurityContextHolderFilter.java:82)
	at org.springframework.security.web.context.SecurityContextHolderFilter.doFilter(SecurityContextHolderFilter.java:69)
	at org.springframework.security.web.FilterChainProxy$VirtualFilterChain.doFilter(FilterChainProxy.java:374)
	at org.springframework.security.web.context.request.async.WebAsyncManagerIntegrationFilter.doFilterInternal(WebAsyncManagerIntegrationFilter.java:62)
	at org.springframework.web.filter.OncePerRequestFilter.doFilter(OncePerRequestFilter.java:116)
	at org.springframework.security.web.FilterChainProxy$VirtualFilterChain.doFilter(FilterChainProxy.java:374)
	at org.springframework.security.web.session.DisableEncodeUrlFilter.doFilterInternal(DisableEncodeUrlFilter.java:42)
	at org.springframework.web.filter.OncePerRequestFilter.doFilter(OncePerRequestFilter.java:116)
	at org.springframework.security.web.FilterChainProxy$VirtualFilterChain.doFilter(FilterChainProxy.java:374)
	at org.springframework.security.web.FilterChainProxy.doFilterInternal(FilterChainProxy.java:233)
	at org.springframework.security.web.FilterChainProxy.doFilter(FilterChainProxy.java:191)
	at org.springframework.web.filter.CompositeFilter$VirtualFilterChain.doFilter(CompositeFilter.java:113)
	at org.springframework.web.servlet.handler.HandlerMappingIntrospector.lambda$createCacheFilter$3(HandlerMappingIntrospector.java:243)
	at org.springframework.web.filter.CompositeFilter$VirtualFilterChain.doFilter(CompositeFilter.java:113)
	at org.springframework.web.filter.CompositeFilter.doFilter(CompositeFilter.java:74)
	at org.springframework.security.config.annotation.web.configuration.WebMvcSecurityConfiguration$CompositeFilterChainProxy.doFilter(WebMvcSecurityConfiguration.java:238)
	at org.springframework.web.filter.DelegatingFilterProxy.invokeDelegate(DelegatingFilterProxy.java:362)
	at org.springframework.web.filter.DelegatingFilterProxy.doFilter(DelegatingFilterProxy.java:278)
	at org.apache.catalina.core.ApplicationFilterChain.internalDoFilter(ApplicationFilterChain.java:164)
	at org.apache.catalina.core.ApplicationFilterChain.doFilter(ApplicationFilterChain.java:140)
	at org.springframework.web.filter.RequestContextFilter.doFilterInternal(RequestContextFilter.java:100)
	at org.springframework.web.filter.OncePerRequestFilter.doFilter(OncePerRequestFilter.java:116)
	at org.apache.catalina.core.ApplicationFilterChain.internalDoFilter(ApplicationFilterChain.java:164)
	at org.apache.catalina.core.ApplicationFilterChain.doFilter(ApplicationFilterChain.java:140)
	at org.springframework.web.filter.FormContentFilter.doFilterInternal(FormContentFilter.java:93)
	at org.springframework.web.filter.OncePerRequestFilter.doFilter(OncePerRequestFilter.java:116)
	at org.apache.catalina.core.ApplicationFilterChain.internalDoFilter(ApplicationFilterChain.java:164)
	at org.apache.catalina.core.ApplicationFilterChain.doFilter(ApplicationFilterChain.java:140)
	at org.springframework.web.filter.CharacterEncodingFilter.doFilterInternal(CharacterEncodingFilter.java:201)
	at org.springframework.web.filter.OncePerRequestFilter.doFilter(OncePerRequestFilter.java:116)
	at org.apache.catalina.core.ApplicationFilterChain.internalDoFilter(ApplicationFilterChain.java:164)
	at org.apache.catalina.core.ApplicationFilterChain.doFilter(ApplicationFilterChain.java:140)
	at org.apache.catalina.core.StandardWrapperValve.invoke(StandardWrapperValve.java:167)
	at org.apache.catalina.core.StandardContextValve.invoke(StandardContextValve.java:90)
	at org.apache.catalina.authenticator.AuthenticatorBase.invoke(AuthenticatorBase.java:483)
	at org.apache.catalina.core.StandardHostValve.invoke(StandardHostValve.java:115)
	at org.apache.catalina.valves.ErrorReportValve.invoke(ErrorReportValve.java:93)
	at org.apache.catalina.core.StandardEngineValve.invoke(StandardEngineValve.java:74)
	at org.apache.catalina.connector.CoyoteAdapter.service(CoyoteAdapter.java:344)
	at org.apache.coyote.http11.Http11Processor.service(Http11Processor.java:397)
	at org.apache.coyote.AbstractProcessorLight.process(AbstractProcessorLight.java:63)
	at org.apache.coyote.AbstractProtocol$ConnectionHandler.process(AbstractProtocol.java:905)
	at org.apache.tomcat.util.net.NioEndpoint$SocketProcessor.doRun(NioEndpoint.java:1741)
	at org.apache.tomcat.util.net.SocketProcessorBase.run(SocketProcessorBase.java:52)
	at org.apache.tomcat.util.threads.ThreadPoolExecutor.runWorker(ThreadPoolExecutor.java:1190)
	at org.apache.tomcat.util.threads.ThreadPoolExecutor$Worker.run(ThreadPoolExecutor.java:659)
	at org.apache.tomcat.util.threads.TaskThread$WrappingRunnable.run(TaskThread.java:63)
	at java.base/java.lang.Thread.run(Thread.java:842)
2025-10-30 15:59:22.904 [File Watcher] INFO  o.s.b.d.a.LocalDevToolsAutoConfiguration$RestartingClassPathChangeChangedEventListener - Restarting due to 2 class path changes (0 additions, 0 deletions, 2 modifications)
2025-10-30 15:59:22.912 [Thread-5] INFO  o.s.b.w.e.tomcat.GracefulShutdown - Commencing graceful shutdown. Waiting for active requests to complete
2025-10-30 15:59:22.913 [tomcat-shutdown] INFO  o.a.coyote.http11.Http11NioProtocol - Pausing ProtocolHandler ["http-nio-8001"]
2025-10-30 15:59:22.922 [tomcat-shutdown] INFO  o.s.b.w.e.tomcat.GracefulShutdown - Graceful shutdown complete
2025-10-30 15:59:22.922 [Thread-5] INFO  o.a.coyote.http11.Http11NioProtocol - Stopping ProtocolHandler ["http-nio-8001"]
2025-10-30 15:59:22.931 [Thread-5] INFO  o.s.o.j.LocalContainerEntityManagerFactoryBean - Closing JPA EntityManagerFactory for persistence unit 'default'
2025-10-30 15:59:22.934 [Thread-5] INFO  com.zaxxer.hikari.HikariDataSource - HikariPool-1 - Shutdown initiated...
2025-10-30 15:59:22.938 [Thread-5] INFO  com.zaxxer.hikari.HikariDataSource - HikariPool-1 - Shutdown completed.
2025-10-30 15:59:22.986 [restartedMain] INFO  com.xladmt.makify.MakifyApplication - Starting MakifyApplication using Java 17.0.14 with PID 15070 (/Users/oseungmin/Documents/workspace/makify/build/classes/java/main started by oseungmin in /Users/oseungmin/Documents/workspace/makify)
2025-10-30 15:59:22.986 [restartedMain] DEBUG com.xladmt.makify.MakifyApplication - Running with Spring Boot v3.4.1, Spring v6.2.1
2025-10-30 15:59:22.986 [restartedMain] INFO  com.xladmt.makify.MakifyApplication - No active profile set, falling back to 1 default profile: "default"
2025-10-30 15:59:23.063 [restartedMain] INFO  o.s.d.r.c.RepositoryConfigurationDelegate - Multiple Spring Data modules found, entering strict repository configuration mode
2025-10-30 15:59:23.063 [restartedMain] INFO  o.s.d.r.c.RepositoryConfigurationDelegate - Bootstrapping Spring Data JPA repositories in DEFAULT mode.
2025-10-30 15:59:23.069 [restartedMain] INFO  o.s.d.r.c.RepositoryConfigurationDelegate - Finished Spring Data repository scanning in 5 ms. Found 5 JPA repository interfaces.
2025-10-30 15:59:23.071 [restartedMain] INFO  o.s.d.r.c.RepositoryConfigurationDelegate - Multiple Spring Data modules found, entering strict repository configuration mode
2025-10-30 15:59:23.071 [restartedMain] INFO  o.s.d.r.c.RepositoryConfigurationDelegate - Bootstrapping Spring Data Redis repositories in DEFAULT mode.
2025-10-30 15:59:23.072 [restartedMain] INFO  o.s.d.r.c.RepositoryConfigurationExtensionSupport - Spring Data Redis - Could not safely identify store assignment for repository candidate interface com.xladmt.makify.challenge.repository.ChallengeRepository; If you want this repository to be a Redis repository, consider annotating your entities with one of these annotations: org.springframework.data.redis.core.RedisHash (preferred), or consider extending one of the following types with your repository: org.springframework.data.keyvalue.repository.KeyValueRepository
2025-10-30 15:59:23.072 [restartedMain] INFO  o.s.d.r.c.RepositoryConfigurationExtensionSupport - Spring Data Redis - Could not safely identify store assignment for repository candidate interface com.xladmt.makify.challenge.repository.UserChallengeRepository; If you want this repository to be a Redis repository, consider annotating your entities with one of these annotations: org.springframework.data.redis.core.RedisHash (preferred), or consider extending one of the following types with your repository: org.springframework.data.keyvalue.repository.KeyValueRepository
2025-10-30 15:59:23.072 [restartedMain] INFO  o.s.d.r.c.RepositoryConfigurationExtensionSupport - Spring Data Redis - Could not safely identify store assignment for repository candidate interface com.xladmt.makify.challenge.repository.VerificationMethodRepository; If you want this repository to be a Redis repository, consider annotating your entities with one of these annotations: org.springframework.data.redis.core.RedisHash (preferred), or consider extending one of the following types with your repository: org.springframework.data.keyvalue.repository.KeyValueRepository
2025-10-30 15:59:23.072 [restartedMain] INFO  o.s.d.r.c.RepositoryConfigurationExtensionSupport - Spring Data Redis - Could not safely identify store assignment for repository candidate interface com.xladmt.makify.member.repository.MemberRepository; If you want this repository to be a Redis repository, consider annotating your entities with one of these annotations: org.springframework.data.redis.core.RedisHash (preferred), or consider extending one of the following types with your repository: org.springframework.data.keyvalue.repository.KeyValueRepository
2025-10-30 15:59:23.072 [restartedMain] INFO  o.s.d.r.c.RepositoryConfigurationExtensionSupport - Spring Data Redis - Could not safely identify store assignment for repository candidate interface com.xladmt.makify.payment.repository.PaymentRepository; If you want this repository to be a Redis repository, consider annotating your entities with one of these annotations: org.springframework.data.redis.core.RedisHash (preferred), or consider extending one of the following types with your repository: org.springframework.data.keyvalue.repository.KeyValueRepository
2025-10-30 15:59:23.072 [restartedMain] INFO  o.s.d.r.c.RepositoryConfigurationDelegate - Finished Spring Data repository scanning in 1 ms. Found 0 Redis repository interfaces.
2025-10-30 15:59:23.137 [restartedMain] INFO  o.s.b.w.e.tomcat.TomcatWebServer - Tomcat initialized with port 8001 (http)
2025-10-30 15:59:23.137 [restartedMain] INFO  o.a.coyote.http11.Http11NioProtocol - Initializing ProtocolHandler ["http-nio-8001"]
2025-10-30 15:59:23.137 [restartedMain] INFO  o.a.catalina.core.StandardService - Starting service [Tomcat]
2025-10-30 15:59:23.137 [restartedMain] INFO  o.a.catalina.core.StandardEngine - Starting Servlet engine: [Apache Tomcat/10.1.34]
2025-10-30 15:59:23.142 [restartedMain] INFO  o.a.c.c.C.[Tomcat].[localhost].[/] - Initializing Spring embedded WebApplicationContext
2025-10-30 15:59:23.142 [restartedMain] INFO  o.s.b.w.s.c.ServletWebServerApplicationContext - Root WebApplicationContext: initialization completed in 155 ms
2025-10-30 15:59:23.191 [restartedMain] INFO  o.h.jpa.internal.util.LogHelper - HHH000204: Processing PersistenceUnitInfo [name: default]
2025-10-30 15:59:23.192 [restartedMain] INFO  o.h.c.i.RegionFactoryInitiator - HHH000026: Second-level cache disabled
2025-10-30 15:59:23.196 [restartedMain] INFO  o.s.o.j.p.SpringPersistenceUnitInfo - No LoadTimeWeaver setup: ignoring JPA class transformer
2025-10-30 15:59:23.196 [restartedMain] INFO  com.zaxxer.hikari.HikariDataSource - HikariPool-2 - Starting...
2025-10-30 15:59:23.206 [restartedMain] INFO  com.zaxxer.hikari.pool.HikariPool - HikariPool-2 - Added connection com.mysql.cj.jdbc.ConnectionImpl@3546ab26
2025-10-30 15:59:23.206 [restartedMain] INFO  com.zaxxer.hikari.HikariDataSource - HikariPool-2 - Start completed.
2025-10-30 15:59:23.207 [restartedMain] WARN  org.hibernate.orm.deprecation - HHH90000025: MySQL8Dialect does not need to be specified explicitly using 'hibernate.dialect' (remove the property setting and it will be selected by default)
2025-10-30 15:59:23.207 [restartedMain] WARN  org.hibernate.orm.deprecation - HHH90000026: MySQL8Dialect has been deprecated; use org.hibernate.dialect.MySQLDialect instead
2025-10-30 15:59:23.207 [restartedMain] INFO  o.hibernate.orm.connections.pooling - HHH10001005: Database info:
	Database JDBC URL [Connecting through datasource 'HikariDataSource (HikariPool-2)']
	Database driver: undefined/unknown
	Database version: 8.0
	Autocommit mode: undefined/unknown
	Isolation level: undefined/unknown
	Minimum pool size: undefined/unknown
	Maximum pool size: undefined/unknown
2025-10-30 15:59:23.273 [restartedMain] INFO  o.h.e.t.j.p.i.JtaPlatformInitiator - HHH000489: No JTA platform available (set 'hibernate.transaction.jta.platform' to enable JTA platform integration)
2025-10-30 15:59:23.343 [restartedMain] INFO  o.s.o.j.LocalContainerEntityManagerFactoryBean - Initialized JPA EntityManagerFactory for persistence unit 'default'
2025-10-30 15:59:23.416 [restartedMain] DEBUG c.x.m.c.jwt.JwtAuthenticationFilter - Filter 'jwtAuthenticationFilter' configured for use
2025-10-30 15:59:23.529 [restartedMain] WARN  o.s.b.a.o.j.JpaBaseConfiguration$JpaWebConfiguration - spring.jpa.open-in-view is enabled by default. Therefore, database queries may be performed during view rendering. Explicitly configure spring.jpa.open-in-view to disable this warning
2025-10-30 15:59:23.538 [restartedMain] INFO  o.s.s.c.a.a.c.InitializeUserDetailsBeanManagerConfigurer$InitializeUserDetailsManagerConfigurer - Global AuthenticationManager configured with UserDetailsService bean with name memberDetailsService
2025-10-30 15:59:23.630 [restartedMain] WARN  o.s.s.c.a.web.builders.WebSecurity - You are asking Spring Security to ignore Deferred [Mvc [pattern='/css/**'], Ant [pattern='/css/**']]. This is not recommended -- please use permitAll via HttpSecurity#authorizeHttpRequests instead.
2025-10-30 15:59:23.630 [restartedMain] WARN  o.s.s.c.a.web.builders.WebSecurity - You are asking Spring Security to ignore Deferred [Mvc [pattern='/js/**'], Ant [pattern='/js/**']]. This is not recommended -- please use permitAll via HttpSecurity#authorizeHttpRequests instead.
2025-10-30 15:59:23.630 [restartedMain] WARN  o.s.s.c.a.web.builders.WebSecurity - You are asking Spring Security to ignore Deferred [Mvc [pattern='/images/**'], Ant [pattern='/images/**']]. This is not recommended -- please use permitAll via HttpSecurity#authorizeHttpRequests instead.
2025-10-30 15:59:23.630 [restartedMain] WARN  o.s.s.c.a.web.builders.WebSecurity - You are asking Spring Security to ignore Deferred [Mvc [pattern='/videos/**'], Ant [pattern='/videos/**']]. This is not recommended -- please use permitAll via HttpSecurity#authorizeHttpRequests instead.
2025-10-30 15:59:23.630 [restartedMain] WARN  o.s.s.c.a.web.builders.WebSecurity - You are asking Spring Security to ignore Deferred [Mvc [pattern='/favicon.ico'], Ant [pattern='/favicon.ico']]. This is not recommended -- please use permitAll via HttpSecurity#authorizeHttpRequests instead.
2025-10-30 15:59:23.630 [restartedMain] WARN  o.s.s.c.a.web.builders.WebSecurity - You are asking Spring Security to ignore Deferred [Mvc [pattern='/webjars/**'], Ant [pattern='/webjars/**']]. This is not recommended -- please use permitAll via HttpSecurity#authorizeHttpRequests instead.
2025-10-30 15:59:23.630 [restartedMain] WARN  o.s.s.c.a.web.builders.WebSecurity - You are asking Spring Security to ignore Deferred [Mvc [pattern='/static/**'], Ant [pattern='/static/**']]. This is not recommended -- please use permitAll via HttpSecurity#authorizeHttpRequests instead.
2025-10-30 15:59:23.640 [restartedMain] INFO  o.s.v.b.OptionalValidatorFactoryBean - Failed to set up a Bean Validation provider: jakarta.validation.NoProviderFoundException: Unable to create a Configuration, because no Jakarta Bean Validation provider could be found. Add a provider like Hibernate Validator (RI) to your classpath.
2025-10-30 15:59:23.762 [restartedMain] INFO  o.s.b.d.a.OptionalLiveReloadServer - LiveReload server is running on port 35729
2025-10-30 15:59:23.768 [restartedMain] INFO  o.a.coyote.http11.Http11NioProtocol - Starting ProtocolHandler ["http-nio-8001"]
2025-10-30 15:59:23.769 [restartedMain] INFO  o.s.b.w.e.tomcat.TomcatWebServer - Tomcat started on port 8001 (http) with context path '/'
2025-10-30 15:59:23.771 [restartedMain] INFO  com.xladmt.makify.MakifyApplication - Started MakifyApplication in 0.797 seconds (process running for 191.219)
2025-10-30 15:59:23.772 [restartedMain] INFO  o.s.b.d.a.ConditionEvaluationDeltaLoggingListener - Condition evaluation unchanged
2025-10-30 16:00:05.764 [File Watcher] INFO  o.s.b.d.a.LocalDevToolsAutoConfiguration$RestartingClassPathChangeChangedEventListener - Restarting due to 1 class path change (0 additions, 0 deletions, 1 modification)
2025-10-30 16:00:05.765 [Thread-7] INFO  o.s.b.w.e.tomcat.GracefulShutdown - Commencing graceful shutdown. Waiting for active requests to complete
2025-10-30 16:00:05.765 [tomcat-shutdown] INFO  o.a.coyote.http11.Http11NioProtocol - Pausing ProtocolHandler ["http-nio-8001"]
2025-10-30 16:00:05.767 [tomcat-shutdown] INFO  o.s.b.w.e.tomcat.GracefulShutdown - Graceful shutdown complete
2025-10-30 16:00:05.767 [Thread-7] INFO  o.a.coyote.http11.Http11NioProtocol - Stopping ProtocolHandler ["http-nio-8001"]
2025-10-30 16:00:05.770 [Thread-7] INFO  o.s.o.j.LocalContainerEntityManagerFactoryBean - Closing JPA EntityManagerFactory for persistence unit 'default'
2025-10-30 16:00:05.771 [Thread-7] INFO  com.zaxxer.hikari.HikariDataSource - HikariPool-2 - Shutdown initiated...
2025-10-30 16:00:05.776 [Thread-7] INFO  com.zaxxer.hikari.HikariDataSource - HikariPool-2 - Shutdown completed.
2025-10-30 16:00:05.828 [restartedMain] INFO  com.xladmt.makify.MakifyApplication - Starting MakifyApplication using Java 17.0.14 with PID 15070 (/Users/oseungmin/Documents/workspace/makify/build/classes/java/main started by oseungmin in /Users/oseungmin/Documents/workspace/makify)
2025-10-30 16:00:05.828 [restartedMain] DEBUG com.xladmt.makify.MakifyApplication - Running with Spring Boot v3.4.1, Spring v6.2.1
2025-10-30 16:00:05.828 [restartedMain] INFO  com.xladmt.makify.MakifyApplication - No active profile set, falling back to 1 default profile: "default"
2025-10-30 16:00:05.891 [restartedMain] INFO  o.s.d.r.c.RepositoryConfigurationDelegate - Multiple Spring Data modules found, entering strict repository configuration mode
2025-10-30 16:00:05.891 [restartedMain] INFO  o.s.d.r.c.RepositoryConfigurationDelegate - Bootstrapping Spring Data JPA repositories in DEFAULT mode.
2025-10-30 16:00:05.897 [restartedMain] INFO  o.s.d.r.c.RepositoryConfigurationDelegate - Finished Spring Data repository scanning in 6 ms. Found 5 JPA repository interfaces.
2025-10-30 16:00:05.899 [restartedMain] INFO  o.s.d.r.c.RepositoryConfigurationDelegate - Multiple Spring Data modules found, entering strict repository configuration mode
2025-10-30 16:00:05.899 [restartedMain] INFO  o.s.d.r.c.RepositoryConfigurationDelegate - Bootstrapping Spring Data Redis repositories in DEFAULT mode.
2025-10-30 16:00:05.900 [restartedMain] INFO  o.s.d.r.c.RepositoryConfigurationExtensionSupport - Spring Data Redis - Could not safely identify store assignment for repository candidate interface com.xladmt.makify.challenge.repository.ChallengeRepository; If you want this repository to be a Redis repository, consider annotating your entities with one of these annotations: org.springframework.data.redis.core.RedisHash (preferred), or consider extending one of the following types with your repository: org.springframework.data.keyvalue.repository.KeyValueRepository
2025-10-30 16:00:05.900 [restartedMain] INFO  o.s.d.r.c.RepositoryConfigurationExtensionSupport - Spring Data Redis - Could not safely identify store assignment for repository candidate interface com.xladmt.makify.challenge.repository.UserChallengeRepository; If you want this repository to be a Redis repository, consider annotating your entities with one of these annotations: org.springframework.data.redis.core.RedisHash (preferred), or consider extending one of the following types with your repository: org.springframework.data.keyvalue.repository.KeyValueRepository
2025-10-30 16:00:05.900 [restartedMain] INFO  o.s.d.r.c.RepositoryConfigurationExtensionSupport - Spring Data Redis - Could not safely identify store assignment for repository candidate interface com.xladmt.makify.challenge.repository.VerificationMethodRepository; If you want this repository to be a Redis repository, consider annotating your entities with one of these annotations: org.springframework.data.redis.core.RedisHash (preferred), or consider extending one of the following types with your repository: org.springframework.data.keyvalue.repository.KeyValueRepository
2025-10-30 16:00:05.901 [restartedMain] INFO  o.s.d.r.c.RepositoryConfigurationExtensionSupport - Spring Data Redis - Could not safely identify store assignment for repository candidate interface com.xladmt.makify.member.repository.MemberRepository; If you want this repository to be a Redis repository, consider annotating your entities with one of these annotations: org.springframework.data.redis.core.RedisHash (preferred), or consider extending one of the following types with your repository: org.springframework.data.keyvalue.repository.KeyValueRepository
2025-10-30 16:00:05.901 [restartedMain] INFO  o.s.d.r.c.RepositoryConfigurationExtensionSupport - Spring Data Redis - Could not safely identify store assignment for repository candidate interface com.xladmt.makify.payment.repository.PaymentRepository; If you want this repository to be a Redis repository, consider annotating your entities with one of these annotations: org.springframework.data.redis.core.RedisHash (preferred), or consider extending one of the following types with your repository: org.springframework.data.keyvalue.repository.KeyValueRepository
2025-10-30 16:00:05.901 [restartedMain] INFO  o.s.d.r.c.RepositoryConfigurationDelegate - Finished Spring Data repository scanning in 1 ms. Found 0 Redis repository interfaces.
2025-10-30 16:00:05.961 [restartedMain] INFO  o.s.b.w.e.tomcat.TomcatWebServer - Tomcat initialized with port 8001 (http)
2025-10-30 16:00:05.962 [restartedMain] INFO  o.a.coyote.http11.Http11NioProtocol - Initializing ProtocolHandler ["http-nio-8001"]
2025-10-30 16:00:05.962 [restartedMain] INFO  o.a.catalina.core.StandardService - Starting service [Tomcat]
2025-10-30 16:00:05.962 [restartedMain] INFO  o.a.catalina.core.StandardEngine - Starting Servlet engine: [Apache Tomcat/10.1.34]
2025-10-30 16:00:05.966 [restartedMain] INFO  o.a.c.c.C.[Tomcat].[localhost].[/] - Initializing Spring embedded WebApplicationContext
2025-10-30 16:00:05.966 [restartedMain] INFO  o.s.b.w.s.c.ServletWebServerApplicationContext - Root WebApplicationContext: initialization completed in 137 ms
2025-10-30 16:00:06.013 [restartedMain] INFO  o.h.jpa.internal.util.LogHelper - HHH000204: Processing PersistenceUnitInfo [name: default]
2025-10-30 16:00:06.014 [restartedMain] INFO  o.h.c.i.RegionFactoryInitiator - HHH000026: Second-level cache disabled
2025-10-30 16:00:06.017 [restartedMain] INFO  o.s.o.j.p.SpringPersistenceUnitInfo - No LoadTimeWeaver setup: ignoring JPA class transformer
2025-10-30 16:00:06.017 [restartedMain] INFO  com.zaxxer.hikari.HikariDataSource - HikariPool-3 - Starting...
2025-10-30 16:00:06.025 [restartedMain] INFO  com.zaxxer.hikari.pool.HikariPool - HikariPool-3 - Added connection com.mysql.cj.jdbc.ConnectionImpl@4a19b97f
2025-10-30 16:00:06.025 [restartedMain] INFO  com.zaxxer.hikari.HikariDataSource - HikariPool-3 - Start completed.
2025-10-30 16:00:06.025 [restartedMain] WARN  org.hibernate.orm.deprecation - HHH90000025: MySQL8Dialect does not need to be specified explicitly using 'hibernate.dialect' (remove the property setting and it will be selected by default)
2025-10-30 16:00:06.025 [restartedMain] WARN  org.hibernate.orm.deprecation - HHH90000026: MySQL8Dialect has been deprecated; use org.hibernate.dialect.MySQLDialect instead
2025-10-30 16:00:06.025 [restartedMain] INFO  o.hibernate.orm.connections.pooling - HHH10001005: Database info:
	Database JDBC URL [Connecting through datasource 'HikariDataSource (HikariPool-3)']
	Database driver: undefined/unknown
	Database version: 8.0
	Autocommit mode: undefined/unknown
	Isolation level: undefined/unknown
	Minimum pool size: undefined/unknown
	Maximum pool size: undefined/unknown
2025-10-30 16:00:06.091 [restartedMain] INFO  o.h.e.t.j.p.i.JtaPlatformInitiator - HHH000489: No JTA platform available (set 'hibernate.transaction.jta.platform' to enable JTA platform integration)
2025-10-30 16:00:06.151 [restartedMain] INFO  o.s.o.j.LocalContainerEntityManagerFactoryBean - Initialized JPA EntityManagerFactory for persistence unit 'default'
2025-10-30 16:00:06.223 [restartedMain] DEBUG c.x.m.c.jwt.JwtAuthenticationFilter - Filter 'jwtAuthenticationFilter' configured for use
2025-10-30 16:00:06.332 [restartedMain] WARN  o.s.b.a.o.j.JpaBaseConfiguration$JpaWebConfiguration - spring.jpa.open-in-view is enabled by default. Therefore, database queries may be performed during view rendering. Explicitly configure spring.jpa.open-in-view to disable this warning
2025-10-30 16:00:06.341 [restartedMain] INFO  o.s.s.c.a.a.c.InitializeUserDetailsBeanManagerConfigurer$InitializeUserDetailsManagerConfigurer - Global AuthenticationManager configured with UserDetailsService bean with name memberDetailsService
2025-10-30 16:00:06.429 [restartedMain] WARN  o.s.s.c.a.web.builders.WebSecurity - You are asking Spring Security to ignore Deferred [Mvc [pattern='/css/**'], Ant [pattern='/css/**']]. This is not recommended -- please use permitAll via HttpSecurity#authorizeHttpRequests instead.
2025-10-30 16:00:06.429 [restartedMain] WARN  o.s.s.c.a.web.builders.WebSecurity - You are asking Spring Security to ignore Deferred [Mvc [pattern='/js/**'], Ant [pattern='/js/**']]. This is not recommended -- please use permitAll via HttpSecurity#authorizeHttpRequests instead.
2025-10-30 16:00:06.429 [restartedMain] WARN  o.s.s.c.a.web.builders.WebSecurity - You are asking Spring Security to ignore Deferred [Mvc [pattern='/images/**'], Ant [pattern='/images/**']]. This is not recommended -- please use permitAll via HttpSecurity#authorizeHttpRequests instead.
2025-10-30 16:00:06.429 [restartedMain] WARN  o.s.s.c.a.web.builders.WebSecurity - You are asking Spring Security to ignore Deferred [Mvc [pattern='/videos/**'], Ant [pattern='/videos/**']]. This is not recommended -- please use permitAll via HttpSecurity#authorizeHttpRequests instead.
2025-10-30 16:00:06.429 [restartedMain] WARN  o.s.s.c.a.web.builders.WebSecurity - You are asking Spring Security to ignore Deferred [Mvc [pattern='/favicon.ico'], Ant [pattern='/favicon.ico']]. This is not recommended -- please use permitAll via HttpSecurity#authorizeHttpRequests instead.
2025-10-30 16:00:06.429 [restartedMain] WARN  o.s.s.c.a.web.builders.WebSecurity - You are asking Spring Security to ignore Deferred [Mvc [pattern='/webjars/**'], Ant [pattern='/webjars/**']]. This is not recommended -- please use permitAll via HttpSecurity#authorizeHttpRequests instead.
2025-10-30 16:00:06.429 [restartedMain] WARN  o.s.s.c.a.web.builders.WebSecurity - You are asking Spring Security to ignore Deferred [Mvc [pattern='/static/**'], Ant [pattern='/static/**']]. This is not recommended -- please use permitAll via HttpSecurity#authorizeHttpRequests instead.
2025-10-30 16:00:06.438 [restartedMain] INFO  o.s.v.b.OptionalValidatorFactoryBean - Failed to set up a Bean Validation provider: jakarta.validation.NoProviderFoundException: Unable to create a Configuration, because no Jakarta Bean Validation provider could be found. Add a provider like Hibernate Validator (RI) to your classpath.
2025-10-30 16:00:06.556 [restartedMain] INFO  o.s.b.d.a.OptionalLiveReloadServer - LiveReload server is running on port 35729
2025-10-30 16:00:06.562 [restartedMain] INFO  o.a.coyote.http11.Http11NioProtocol - Starting ProtocolHandler ["http-nio-8001"]
2025-10-30 16:00:06.563 [restartedMain] INFO  o.s.b.w.e.tomcat.TomcatWebServer - Tomcat started on port 8001 (http) with context path '/'
2025-10-30 16:00:06.564 [restartedMain] INFO  com.xladmt.makify.MakifyApplication - Started MakifyApplication in 0.749 seconds (process running for 234.012)
2025-10-30 16:00:06.565 [restartedMain] INFO  o.s.b.d.a.ConditionEvaluationDeltaLoggingListener - Condition evaluation unchanged
2025-10-30 16:00:09.628 [http-nio-8001-exec-1] INFO  o.a.c.c.C.[Tomcat].[localhost].[/] - Initializing Spring DispatcherServlet 'dispatcherServlet'
2025-10-30 16:00:09.628 [http-nio-8001-exec-1] INFO  o.s.web.servlet.DispatcherServlet - Initializing Servlet 'dispatcherServlet'
2025-10-30 16:00:09.630 [http-nio-8001-exec-1] INFO  o.s.web.servlet.DispatcherServlet - Completed initialization in 2 ms
2025-10-30 16:00:09.634 [http-nio-8001-exec-1] INFO  c.x.m.c.c.s.MemberDetailsService - 🔍 로그인 시도 ID: 1
2025-10-30 16:00:09.663 [http-nio-8001-exec-1] ERROR o.a.c.c.C.[.[.[.[dispatcherServlet] - Servlet.service() for servlet [dispatcherServlet] in context with path [] threw exception
org.springframework.security.core.userdetails.UsernameNotFoundException: 회원을 찾을 수 없습니다.
	at com.xladmt.makify.common.config.security.MemberDetailsService.lambda$loadUserByUsername$0(MemberDetailsService.java:23)
	at java.base/java.util.Optional.orElseThrow(Optional.java:403)
	at com.xladmt.makify.common.config.security.MemberDetailsService.loadUserByUsername(MemberDetailsService.java:23)
	at com.xladmt.makify.common.jwt.JwtAuthenticationFilter.doFilterInternal(JwtAuthenticationFilter.java:37)
	at org.springframework.web.filter.OncePerRequestFilter.doFilter(OncePerRequestFilter.java:116)
	at org.springframework.security.web.FilterChainProxy$VirtualFilterChain.doFilter(FilterChainProxy.java:374)
	at org.springframework.security.web.authentication.logout.LogoutFilter.doFilter(LogoutFilter.java:107)
	at org.springframework.security.web.authentication.logout.LogoutFilter.doFilter(LogoutFilter.java:93)
	at org.springframework.security.web.FilterChainProxy$VirtualFilterChain.doFilter(FilterChainProxy.java:374)
	at org.springframework.web.filter.CorsFilter.doFilterInternal(CorsFilter.java:91)
	at org.springframework.web.filter.OncePerRequestFilter.doFilter(OncePerRequestFilter.java:116)
	at org.springframework.security.web.FilterChainProxy$VirtualFilterChain.doFilter(FilterChainProxy.java:374)
	at org.springframework.security.web.header.HeaderWriterFilter.doHeadersAfter(HeaderWriterFilter.java:90)
	at org.springframework.security.web.header.HeaderWriterFilter.doFilterInternal(HeaderWriterFilter.java:75)
	at org.springframework.web.filter.OncePerRequestFilter.doFilter(OncePerRequestFilter.java:116)
	at org.springframework.security.web.FilterChainProxy$VirtualFilterChain.doFilter(FilterChainProxy.java:374)
	at org.springframework.security.web.context.SecurityContextHolderFilter.doFilter(SecurityContextHolderFilter.java:82)
	at org.springframework.security.web.context.SecurityContextHolderFilter.doFilter(SecurityContextHolderFilter.java:69)
	at org.springframework.security.web.FilterChainProxy$VirtualFilterChain.doFilter(FilterChainProxy.java:374)
	at org.springframework.security.web.context.request.async.WebAsyncManagerIntegrationFilter.doFilterInternal(WebAsyncManagerIntegrationFilter.java:62)
	at org.springframework.web.filter.OncePerRequestFilter.doFilter(OncePerRequestFilter.java:116)
	at org.springframework.security.web.FilterChainProxy$VirtualFilterChain.doFilter(FilterChainProxy.java:374)
	at org.springframework.security.web.session.DisableEncodeUrlFilter.doFilterInternal(DisableEncodeUrlFilter.java:42)
	at org.springframework.web.filter.OncePerRequestFilter.doFilter(OncePerRequestFilter.java:116)
	at org.springframework.security.web.FilterChainProxy$VirtualFilterChain.doFilter(FilterChainProxy.java:374)
	at org.springframework.security.web.FilterChainProxy.doFilterInternal(FilterChainProxy.java:233)
	at org.springframework.security.web.FilterChainProxy.doFilter(FilterChainProxy.java:191)
	at org.springframework.web.filter.CompositeFilter$VirtualFilterChain.doFilter(CompositeFilter.java:113)
	at org.springframework.web.servlet.handler.HandlerMappingIntrospector.lambda$createCacheFilter$3(HandlerMappingIntrospector.java:243)
	at org.springframework.web.filter.CompositeFilter$VirtualFilterChain.doFilter(CompositeFilter.java:113)
	at org.springframework.web.filter.CompositeFilter.doFilter(CompositeFilter.java:74)
	at org.springframework.security.config.annotation.web.configuration.WebMvcSecurityConfiguration$CompositeFilterChainProxy.doFilter(WebMvcSecurityConfiguration.java:238)
	at org.springframework.web.filter.DelegatingFilterProxy.invokeDelegate(DelegatingFilterProxy.java:362)
	at org.springframework.web.filter.DelegatingFilterProxy.doFilter(DelegatingFilterProxy.java:278)
	at org.apache.catalina.core.ApplicationFilterChain.internalDoFilter(ApplicationFilterChain.java:164)
	at org.apache.catalina.core.ApplicationFilterChain.doFilter(ApplicationFilterChain.java:140)
	at org.springframework.web.filter.RequestContextFilter.doFilterInternal(RequestContextFilter.java:100)
	at org.springframework.web.filter.OncePerRequestFilter.doFilter(OncePerRequestFilter.java:116)
	at org.apache.catalina.core.ApplicationFilterChain.internalDoFilter(ApplicationFilterChain.java:164)
	at org.apache.catalina.core.ApplicationFilterChain.doFilter(ApplicationFilterChain.java:140)
	at org.springframework.web.filter.FormContentFilter.doFilterInternal(FormContentFilter.java:93)
	at org.springframework.web.filter.OncePerRequestFilter.doFilter(OncePerRequestFilter.java:116)
	at org.apache.catalina.core.ApplicationFilterChain.internalDoFilter(ApplicationFilterChain.java:164)
	at org.apache.catalina.core.ApplicationFilterChain.doFilter(ApplicationFilterChain.java:140)
	at org.springframework.web.filter.CharacterEncodingFilter.doFilterInternal(CharacterEncodingFilter.java:201)
	at org.springframework.web.filter.OncePerRequestFilter.doFilter(OncePerRequestFilter.java:116)
	at org.apache.catalina.core.ApplicationFilterChain.internalDoFilter(ApplicationFilterChain.java:164)
	at org.apache.catalina.core.ApplicationFilterChain.doFilter(ApplicationFilterChain.java:140)
	at org.apache.catalina.core.StandardWrapperValve.invoke(StandardWrapperValve.java:167)
	at org.apache.catalina.core.StandardContextValve.invoke(StandardContextValve.java:90)
	at org.apache.catalina.authenticator.AuthenticatorBase.invoke(AuthenticatorBase.java:483)
	at org.apache.catalina.core.StandardHostValve.invoke(StandardHostValve.java:115)
	at org.apache.catalina.valves.ErrorReportValve.invoke(ErrorReportValve.java:93)
	at org.apache.catalina.core.StandardEngineValve.invoke(StandardEngineValve.java:74)
	at org.apache.catalina.connector.CoyoteAdapter.service(CoyoteAdapter.java:344)
	at org.apache.coyote.http11.Http11Processor.service(Http11Processor.java:397)
	at org.apache.coyote.AbstractProcessorLight.process(AbstractProcessorLight.java:63)
	at org.apache.coyote.AbstractProtocol$ConnectionHandler.process(AbstractProtocol.java:905)
	at org.apache.tomcat.util.net.NioEndpoint$SocketProcessor.doRun(NioEndpoint.java:1741)
	at org.apache.tomcat.util.net.SocketProcessorBase.run(SocketProcessorBase.java:52)
	at org.apache.tomcat.util.threads.ThreadPoolExecutor.runWorker(ThreadPoolExecutor.java:1190)
	at org.apache.tomcat.util.threads.ThreadPoolExecutor$Worker.run(ThreadPoolExecutor.java:659)
	at org.apache.tomcat.util.threads.TaskThread$WrappingRunnable.run(TaskThread.java:63)
	at java.base/java.lang.Thread.run(Thread.java:842)
2025-10-30 16:00:13.946 [http-nio-8001-exec-2] INFO  c.x.m.c.c.s.MemberDetailsService - 🔍 로그인 시도 ID: 1
2025-10-30 16:00:13.951 [http-nio-8001-exec-2] ERROR o.a.c.c.C.[.[.[.[dispatcherServlet] - Servlet.service() for servlet [dispatcherServlet] in context with path [] threw exception
org.springframework.security.core.userdetails.UsernameNotFoundException: 회원을 찾을 수 없습니다.
	at com.xladmt.makify.common.config.security.MemberDetailsService.lambda$loadUserByUsername$0(MemberDetailsService.java:23)
	at java.base/java.util.Optional.orElseThrow(Optional.java:403)
	at com.xladmt.makify.common.config.security.MemberDetailsService.loadUserByUsername(MemberDetailsService.java:23)
	at com.xladmt.makify.common.jwt.JwtAuthenticationFilter.doFilterInternal(JwtAuthenticationFilter.java:37)
	at org.springframework.web.filter.OncePerRequestFilter.doFilter(OncePerRequestFilter.java:116)
	at org.springframework.security.web.FilterChainProxy$VirtualFilterChain.doFilter(FilterChainProxy.java:374)
	at org.springframework.security.web.authentication.logout.LogoutFilter.doFilter(LogoutFilter.java:107)
	at org.springframework.security.web.authentication.logout.LogoutFilter.doFilter(LogoutFilter.java:93)
	at org.springframework.security.web.FilterChainProxy$VirtualFilterChain.doFilter(FilterChainProxy.java:374)
	at org.springframework.web.filter.CorsFilter.doFilterInternal(CorsFilter.java:91)
	at org.springframework.web.filter.OncePerRequestFilter.doFilter(OncePerRequestFilter.java:116)
	at org.springframework.security.web.FilterChainProxy$VirtualFilterChain.doFilter(FilterChainProxy.java:374)
	at org.springframework.security.web.header.HeaderWriterFilter.doHeadersAfter(HeaderWriterFilter.java:90)
	at org.springframework.security.web.header.HeaderWriterFilter.doFilterInternal(HeaderWriterFilter.java:75)
	at org.springframework.web.filter.OncePerRequestFilter.doFilter(OncePerRequestFilter.java:116)
	at org.springframework.security.web.FilterChainProxy$VirtualFilterChain.doFilter(FilterChainProxy.java:374)
	at org.springframework.security.web.context.SecurityContextHolderFilter.doFilter(SecurityContextHolderFilter.java:82)
	at org.springframework.security.web.context.SecurityContextHolderFilter.doFilter(SecurityContextHolderFilter.java:69)
	at org.springframework.security.web.FilterChainProxy$VirtualFilterChain.doFilter(FilterChainProxy.java:374)
	at org.springframework.security.web.context.request.async.WebAsyncManagerIntegrationFilter.doFilterInternal(WebAsyncManagerIntegrationFilter.java:62)
	at org.springframework.web.filter.OncePerRequestFilter.doFilter(OncePerRequestFilter.java:116)
	at org.springframework.security.web.FilterChainProxy$VirtualFilterChain.doFilter(FilterChainProxy.java:374)
	at org.springframework.security.web.session.DisableEncodeUrlFilter.doFilterInternal(DisableEncodeUrlFilter.java:42)
	at org.springframework.web.filter.OncePerRequestFilter.doFilter(OncePerRequestFilter.java:116)
	at org.springframework.security.web.FilterChainProxy$VirtualFilterChain.doFilter(FilterChainProxy.java:374)
	at org.springframework.security.web.FilterChainProxy.doFilterInternal(FilterChainProxy.java:233)
	at org.springframework.security.web.FilterChainProxy.doFilter(FilterChainProxy.java:191)
	at org.springframework.web.filter.CompositeFilter$VirtualFilterChain.doFilter(CompositeFilter.java:113)
	at org.springframework.web.servlet.handler.HandlerMappingIntrospector.lambda$createCacheFilter$3(HandlerMappingIntrospector.java:243)
	at org.springframework.web.filter.CompositeFilter$VirtualFilterChain.doFilter(CompositeFilter.java:113)
	at org.springframework.web.filter.CompositeFilter.doFilter(CompositeFilter.java:74)
	at org.springframework.security.config.annotation.web.configuration.WebMvcSecurityConfiguration$CompositeFilterChainProxy.doFilter(WebMvcSecurityConfiguration.java:238)
	at org.springframework.web.filter.DelegatingFilterProxy.invokeDelegate(DelegatingFilterProxy.java:362)
	at org.springframework.web.filter.DelegatingFilterProxy.doFilter(DelegatingFilterProxy.java:278)
	at org.apache.catalina.core.ApplicationFilterChain.internalDoFilter(ApplicationFilterChain.java:164)
	at org.apache.catalina.core.ApplicationFilterChain.doFilter(ApplicationFilterChain.java:140)
	at org.springframework.web.filter.RequestContextFilter.doFilterInternal(RequestContextFilter.java:100)
	at org.springframework.web.filter.OncePerRequestFilter.doFilter(OncePerRequestFilter.java:116)
	at org.apache.catalina.core.ApplicationFilterChain.internalDoFilter(ApplicationFilterChain.java:164)
	at org.apache.catalina.core.ApplicationFilterChain.doFilter(ApplicationFilterChain.java:140)
	at org.springframework.web.filter.FormContentFilter.doFilterInternal(FormContentFilter.java:93)
	at org.springframework.web.filter.OncePerRequestFilter.doFilter(OncePerRequestFilter.java:116)
	at org.apache.catalina.core.ApplicationFilterChain.internalDoFilter(ApplicationFilterChain.java:164)
	at org.apache.catalina.core.ApplicationFilterChain.doFilter(ApplicationFilterChain.java:140)
	at org.springframework.web.filter.CharacterEncodingFilter.doFilterInternal(CharacterEncodingFilter.java:201)
	at org.springframework.web.filter.OncePerRequestFilter.doFilter(OncePerRequestFilter.java:116)
	at org.apache.catalina.core.ApplicationFilterChain.internalDoFilter(ApplicationFilterChain.java:164)
	at org.apache.catalina.core.ApplicationFilterChain.doFilter(ApplicationFilterChain.java:140)
	at org.apache.catalina.core.StandardWrapperValve.invoke(StandardWrapperValve.java:167)
	at org.apache.catalina.core.StandardContextValve.invoke(StandardContextValve.java:90)
	at org.apache.catalina.authenticator.AuthenticatorBase.invoke(AuthenticatorBase.java:483)
	at org.apache.catalina.core.StandardHostValve.invoke(StandardHostValve.java:115)
	at org.apache.catalina.valves.ErrorReportValve.invoke(ErrorReportValve.java:93)
	at org.apache.catalina.core.StandardEngineValve.invoke(StandardEngineValve.java:74)
	at org.apache.catalina.connector.CoyoteAdapter.service(CoyoteAdapter.java:344)
	at org.apache.coyote.http11.Http11Processor.service(Http11Processor.java:397)
	at org.apache.coyote.AbstractProcessorLight.process(AbstractProcessorLight.java:63)
	at org.apache.coyote.AbstractProtocol$ConnectionHandler.process(AbstractProtocol.java:905)
	at org.apache.tomcat.util.net.NioEndpoint$SocketProcessor.doRun(NioEndpoint.java:1741)
	at org.apache.tomcat.util.net.SocketProcessorBase.run(SocketProcessorBase.java:52)
	at org.apache.tomcat.util.threads.ThreadPoolExecutor.runWorker(ThreadPoolExecutor.java:1190)
	at org.apache.tomcat.util.threads.ThreadPoolExecutor$Worker.run(ThreadPoolExecutor.java:659)
	at org.apache.tomcat.util.threads.TaskThread$WrappingRunnable.run(TaskThread.java:63)
	at java.base/java.lang.Thread.run(Thread.java:842)
2025-10-30 16:00:26.114 [SpringApplicationShutdownHook] INFO  o.s.b.w.e.tomcat.GracefulShutdown - Commencing graceful shutdown. Waiting for active requests to complete
2025-10-30 16:00:26.115 [tomcat-shutdown] INFO  o.s.b.w.e.tomcat.GracefulShutdown - Graceful shutdown complete
2025-10-30 16:00:26.116 [SpringApplicationShutdownHook] INFO  o.s.o.j.LocalContainerEntityManagerFactoryBean - Closing JPA EntityManagerFactory for persistence unit 'default'
2025-10-30 16:00:26.116 [SpringApplicationShutdownHook] INFO  com.zaxxer.hikari.HikariDataSource - HikariPool-3 - Shutdown initiated...
2025-10-30 16:00:26.118 [SpringApplicationShutdownHook] INFO  com.zaxxer.hikari.HikariDataSource - HikariPool-3 - Shutdown completed.
2025-10-30 16:00:27.042 [restartedMain] INFO  com.xladmt.makify.MakifyApplication - Starting MakifyApplication using Java 17.0.14 with PID 15227 (/Users/oseungmin/Documents/workspace/makify/build/classes/java/main started by oseungmin in /Users/oseungmin/Documents/workspace/makify)
2025-10-30 16:00:27.043 [restartedMain] DEBUG com.xladmt.makify.MakifyApplication - Running with Spring Boot v3.4.1, Spring v6.2.1
2025-10-30 16:00:27.043 [restartedMain] INFO  com.xladmt.makify.MakifyApplication - No active profile set, falling back to 1 default profile: "default"
2025-10-30 16:00:27.055 [restartedMain] INFO  o.s.b.d.e.DevToolsPropertyDefaultsPostProcessor - Devtools property defaults active! Set 'spring.devtools.add-properties' to 'false' to disable
2025-10-30 16:00:27.055 [restartedMain] INFO  o.s.b.d.e.DevToolsPropertyDefaultsPostProcessor - For additional web related logging consider setting the 'logging.level.web' property to 'DEBUG'
2025-10-30 16:00:27.351 [restartedMain] INFO  o.s.d.r.c.RepositoryConfigurationDelegate - Multiple Spring Data modules found, entering strict repository configuration mode
2025-10-30 16:00:27.352 [restartedMain] INFO  o.s.d.r.c.RepositoryConfigurationDelegate - Bootstrapping Spring Data JPA repositories in DEFAULT mode.
2025-10-30 16:00:27.437 [restartedMain] INFO  o.s.d.r.c.RepositoryConfigurationDelegate - Finished Spring Data repository scanning in 81 ms. Found 5 JPA repository interfaces.
2025-10-30 16:00:27.445 [restartedMain] INFO  o.s.d.r.c.RepositoryConfigurationDelegate - Multiple Spring Data modules found, entering strict repository configuration mode
2025-10-30 16:00:27.445 [restartedMain] INFO  o.s.d.r.c.RepositoryConfigurationDelegate - Bootstrapping Spring Data Redis repositories in DEFAULT mode.
2025-10-30 16:00:27.452 [restartedMain] INFO  o.s.d.r.c.RepositoryConfigurationExtensionSupport - Spring Data Redis - Could not safely identify store assignment for repository candidate interface com.xladmt.makify.challenge.repository.ChallengeRepository; If you want this repository to be a Redis repository, consider annotating your entities with one of these annotations: org.springframework.data.redis.core.RedisHash (preferred), or consider extending one of the following types with your repository: org.springframework.data.keyvalue.repository.KeyValueRepository
2025-10-30 16:00:27.452 [restartedMain] INFO  o.s.d.r.c.RepositoryConfigurationExtensionSupport - Spring Data Redis - Could not safely identify store assignment for repository candidate interface com.xladmt.makify.challenge.repository.UserChallengeRepository; If you want this repository to be a Redis repository, consider annotating your entities with one of these annotations: org.springframework.data.redis.core.RedisHash (preferred), or consider extending one of the following types with your repository: org.springframework.data.keyvalue.repository.KeyValueRepository
2025-10-30 16:00:27.452 [restartedMain] INFO  o.s.d.r.c.RepositoryConfigurationExtensionSupport - Spring Data Redis - Could not safely identify store assignment for repository candidate interface com.xladmt.makify.challenge.repository.VerificationMethodRepository; If you want this repository to be a Redis repository, consider annotating your entities with one of these annotations: org.springframework.data.redis.core.RedisHash (preferred), or consider extending one of the following types with your repository: org.springframework.data.keyvalue.repository.KeyValueRepository
2025-10-30 16:00:27.452 [restartedMain] INFO  o.s.d.r.c.RepositoryConfigurationExtensionSupport - Spring Data Redis - Could not safely identify store assignment for repository candidate interface com.xladmt.makify.member.repository.MemberRepository; If you want this repository to be a Redis repository, consider annotating your entities with one of these annotations: org.springframework.data.redis.core.RedisHash (preferred), or consider extending one of the following types with your repository: org.springframework.data.keyvalue.repository.KeyValueRepository
2025-10-30 16:00:27.452 [restartedMain] INFO  o.s.d.r.c.RepositoryConfigurationExtensionSupport - Spring Data Redis - Could not safely identify store assignment for repository candidate interface com.xladmt.makify.payment.repository.PaymentRepository; If you want this repository to be a Redis repository, consider annotating your entities with one of these annotations: org.springframework.data.redis.core.RedisHash (preferred), or consider extending one of the following types with your repository: org.springframework.data.keyvalue.repository.KeyValueRepository
2025-10-30 16:00:27.452 [restartedMain] INFO  o.s.d.r.c.RepositoryConfigurationDelegate - Finished Spring Data repository scanning in 3 ms. Found 0 Redis repository interfaces.
2025-10-30 16:00:27.696 [restartedMain] INFO  o.s.b.w.e.tomcat.TomcatWebServer - Tomcat initialized with port 8001 (http)
2025-10-30 16:00:27.699 [restartedMain] INFO  o.a.coyote.http11.Http11NioProtocol - Initializing ProtocolHandler ["http-nio-8001"]
2025-10-30 16:00:27.700 [restartedMain] INFO  o.a.catalina.core.StandardService - Starting service [Tomcat]
2025-10-30 16:00:27.700 [restartedMain] INFO  o.a.catalina.core.StandardEngine - Starting Servlet engine: [Apache Tomcat/10.1.34]
2025-10-30 16:00:27.714 [restartedMain] INFO  o.a.c.c.C.[Tomcat].[localhost].[/] - Initializing Spring embedded WebApplicationContext
2025-10-30 16:00:27.714 [restartedMain] INFO  o.s.b.w.s.c.ServletWebServerApplicationContext - Root WebApplicationContext: initialization completed in 659 ms
2025-10-30 16:00:27.879 [restartedMain] INFO  o.h.jpa.internal.util.LogHelper - HHH000204: Processing PersistenceUnitInfo [name: default]
2025-10-30 16:00:27.897 [restartedMain] INFO  org.hibernate.Version - HHH000412: Hibernate ORM core version 6.6.4.Final
2025-10-30 16:00:27.907 [restartedMain] INFO  o.h.c.i.RegionFactoryInitiator - HHH000026: Second-level cache disabled
2025-10-30 16:00:27.996 [restartedMain] INFO  o.s.o.j.p.SpringPersistenceUnitInfo - No LoadTimeWeaver setup: ignoring JPA class transformer
2025-10-30 16:00:28.006 [restartedMain] INFO  com.zaxxer.hikari.HikariDataSource - HikariPool-1 - Starting...
2025-10-30 16:00:28.096 [restartedMain] INFO  com.zaxxer.hikari.pool.HikariPool - HikariPool-1 - Added connection com.mysql.cj.jdbc.ConnectionImpl@2110dd8b
2025-10-30 16:00:28.097 [restartedMain] INFO  com.zaxxer.hikari.HikariDataSource - HikariPool-1 - Start completed.
2025-10-30 16:00:28.113 [restartedMain] WARN  org.hibernate.orm.deprecation - HHH90000025: MySQL8Dialect does not need to be specified explicitly using 'hibernate.dialect' (remove the property setting and it will be selected by default)
2025-10-30 16:00:28.114 [restartedMain] WARN  org.hibernate.orm.deprecation - HHH90000026: MySQL8Dialect has been deprecated; use org.hibernate.dialect.MySQLDialect instead
2025-10-30 16:00:28.119 [restartedMain] INFO  o.hibernate.orm.connections.pooling - HHH10001005: Database info:
	Database JDBC URL [Connecting through datasource 'HikariDataSource (HikariPool-1)']
	Database driver: undefined/unknown
	Database version: 8.0
	Autocommit mode: undefined/unknown
	Isolation level: undefined/unknown
	Minimum pool size: undefined/unknown
	Maximum pool size: undefined/unknown
2025-10-30 16:00:28.470 [restartedMain] INFO  o.h.e.t.j.p.i.JtaPlatformInitiator - HHH000489: No JTA platform available (set 'hibernate.transaction.jta.platform' to enable JTA platform integration)
2025-10-30 16:00:28.564 [restartedMain] INFO  o.s.o.j.LocalContainerEntityManagerFactoryBean - Initialized JPA EntityManagerFactory for persistence unit 'default'
2025-10-30 16:00:28.716 [restartedMain] DEBUG c.x.m.c.jwt.JwtAuthenticationFilter - Filter 'jwtAuthenticationFilter' configured for use
2025-10-30 16:00:28.735 [restartedMain] INFO  o.s.d.j.r.query.QueryEnhancerFactory - Hibernate is in classpath; If applicable, HQL parser will be used.
2025-10-30 16:00:29.393 [restartedMain] WARN  o.s.b.a.o.j.JpaBaseConfiguration$JpaWebConfiguration - spring.jpa.open-in-view is enabled by default. Therefore, database queries may be performed during view rendering. Explicitly configure spring.jpa.open-in-view to disable this warning
2025-10-30 16:00:29.409 [restartedMain] INFO  o.s.s.c.a.a.c.InitializeUserDetailsBeanManagerConfigurer$InitializeUserDetailsManagerConfigurer - Global AuthenticationManager configured with UserDetailsService bean with name memberDetailsService
2025-10-30 16:00:29.557 [restartedMain] WARN  o.s.s.c.a.web.builders.WebSecurity - You are asking Spring Security to ignore Deferred [Mvc [pattern='/css/**'], Ant [pattern='/css/**']]. This is not recommended -- please use permitAll via HttpSecurity#authorizeHttpRequests instead.
2025-10-30 16:00:29.557 [restartedMain] WARN  o.s.s.c.a.web.builders.WebSecurity - You are asking Spring Security to ignore Deferred [Mvc [pattern='/js/**'], Ant [pattern='/js/**']]. This is not recommended -- please use permitAll via HttpSecurity#authorizeHttpRequests instead.
2025-10-30 16:00:29.557 [restartedMain] WARN  o.s.s.c.a.web.builders.WebSecurity - You are asking Spring Security to ignore Deferred [Mvc [pattern='/images/**'], Ant [pattern='/images/**']]. This is not recommended -- please use permitAll via HttpSecurity#authorizeHttpRequests instead.
2025-10-30 16:00:29.557 [restartedMain] WARN  o.s.s.c.a.web.builders.WebSecurity - You are asking Spring Security to ignore Deferred [Mvc [pattern='/videos/**'], Ant [pattern='/videos/**']]. This is not recommended -- please use permitAll via HttpSecurity#authorizeHttpRequests instead.
2025-10-30 16:00:29.557 [restartedMain] WARN  o.s.s.c.a.web.builders.WebSecurity - You are asking Spring Security to ignore Deferred [Mvc [pattern='/favicon.ico'], Ant [pattern='/favicon.ico']]. This is not recommended -- please use permitAll via HttpSecurity#authorizeHttpRequests instead.
2025-10-30 16:00:29.557 [restartedMain] WARN  o.s.s.c.a.web.builders.WebSecurity - You are asking Spring Security to ignore Deferred [Mvc [pattern='/webjars/**'], Ant [pattern='/webjars/**']]. This is not recommended -- please use permitAll via HttpSecurity#authorizeHttpRequests instead.
2025-10-30 16:00:29.557 [restartedMain] WARN  o.s.s.c.a.web.builders.WebSecurity - You are asking Spring Security to ignore Deferred [Mvc [pattern='/static/**'], Ant [pattern='/static/**']]. This is not recommended -- please use permitAll via HttpSecurity#authorizeHttpRequests instead.
2025-10-30 16:00:29.573 [restartedMain] INFO  o.s.v.b.OptionalValidatorFactoryBean - Failed to set up a Bean Validation provider: jakarta.validation.NoProviderFoundException: Unable to create a Configuration, because no Jakarta Bean Validation provider could be found. Add a provider like Hibernate Validator (RI) to your classpath.
2025-10-30 16:00:29.762 [restartedMain] INFO  o.s.b.d.a.OptionalLiveReloadServer - LiveReload server is running on port 35729
2025-10-30 16:00:29.773 [restartedMain] INFO  o.a.coyote.http11.Http11NioProtocol - Starting ProtocolHandler ["http-nio-8001"]
2025-10-30 16:00:29.779 [restartedMain] INFO  o.s.b.w.e.tomcat.TomcatWebServer - Tomcat started on port 8001 (http) with context path '/'
2025-10-30 16:00:29.784 [restartedMain] INFO  com.xladmt.makify.MakifyApplication - Started MakifyApplication in 2.88 seconds (process running for 3.086)
2025-10-30 16:00:33.199 [http-nio-8001-exec-1] INFO  o.a.c.c.C.[Tomcat].[localhost].[/] - Initializing Spring DispatcherServlet 'dispatcherServlet'
2025-10-30 16:00:33.199 [http-nio-8001-exec-1] INFO  o.s.web.servlet.DispatcherServlet - Initializing Servlet 'dispatcherServlet'
2025-10-30 16:00:33.200 [http-nio-8001-exec-1] INFO  o.s.web.servlet.DispatcherServlet - Completed initialization in 1 ms
2025-10-30 16:00:33.233 [http-nio-8001-exec-1] INFO  c.x.m.c.c.s.MemberDetailsService - 🔍 로그인 시도 ID: 1
2025-10-30 16:00:33.273 [http-nio-8001-exec-1] ERROR o.a.c.c.C.[.[.[.[dispatcherServlet] - Servlet.service() for servlet [dispatcherServlet] in context with path [] threw exception
org.springframework.security.core.userdetails.UsernameNotFoundException: 회원을 찾을 수 없습니다.
	at com.xladmt.makify.common.config.security.MemberDetailsService.lambda$loadUserByUsername$0(MemberDetailsService.java:23)
	at java.base/java.util.Optional.orElseThrow(Optional.java:403)
	at com.xladmt.makify.common.config.security.MemberDetailsService.loadUserByUsername(MemberDetailsService.java:23)
	at com.xladmt.makify.common.jwt.JwtAuthenticationFilter.doFilterInternal(JwtAuthenticationFilter.java:37)
	at org.springframework.web.filter.OncePerRequestFilter.doFilter(OncePerRequestFilter.java:116)
	at org.springframework.security.web.FilterChainProxy$VirtualFilterChain.doFilter(FilterChainProxy.java:374)
	at org.springframework.security.web.authentication.logout.LogoutFilter.doFilter(LogoutFilter.java:107)
	at org.springframework.security.web.authentication.logout.LogoutFilter.doFilter(LogoutFilter.java:93)
	at org.springframework.security.web.FilterChainProxy$VirtualFilterChain.doFilter(FilterChainProxy.java:374)
	at org.springframework.web.filter.CorsFilter.doFilterInternal(CorsFilter.java:91)
	at org.springframework.web.filter.OncePerRequestFilter.doFilter(OncePerRequestFilter.java:116)
	at org.springframework.security.web.FilterChainProxy$VirtualFilterChain.doFilter(FilterChainProxy.java:374)
	at org.springframework.security.web.header.HeaderWriterFilter.doHeadersAfter(HeaderWriterFilter.java:90)
	at org.springframework.security.web.header.HeaderWriterFilter.doFilterInternal(HeaderWriterFilter.java:75)
	at org.springframework.web.filter.OncePerRequestFilter.doFilter(OncePerRequestFilter.java:116)
	at org.springframework.security.web.FilterChainProxy$VirtualFilterChain.doFilter(FilterChainProxy.java:374)
	at org.springframework.security.web.context.SecurityContextHolderFilter.doFilter(SecurityContextHolderFilter.java:82)
	at org.springframework.security.web.context.SecurityContextHolderFilter.doFilter(SecurityContextHolderFilter.java:69)
	at org.springframework.security.web.FilterChainProxy$VirtualFilterChain.doFilter(FilterChainProxy.java:374)
	at org.springframework.security.web.context.request.async.WebAsyncManagerIntegrationFilter.doFilterInternal(WebAsyncManagerIntegrationFilter.java:62)
	at org.springframework.web.filter.OncePerRequestFilter.doFilter(OncePerRequestFilter.java:116)
	at org.springframework.security.web.FilterChainProxy$VirtualFilterChain.doFilter(FilterChainProxy.java:374)
	at org.springframework.security.web.session.DisableEncodeUrlFilter.doFilterInternal(DisableEncodeUrlFilter.java:42)
	at org.springframework.web.filter.OncePerRequestFilter.doFilter(OncePerRequestFilter.java:116)
	at org.springframework.security.web.FilterChainProxy$VirtualFilterChain.doFilter(FilterChainProxy.java:374)
	at org.springframework.security.web.FilterChainProxy.doFilterInternal(FilterChainProxy.java:233)
	at org.springframework.security.web.FilterChainProxy.doFilter(FilterChainProxy.java:191)
	at org.springframework.web.filter.CompositeFilter$VirtualFilterChain.doFilter(CompositeFilter.java:113)
	at org.springframework.web.servlet.handler.HandlerMappingIntrospector.lambda$createCacheFilter$3(HandlerMappingIntrospector.java:243)
	at org.springframework.web.filter.CompositeFilter$VirtualFilterChain.doFilter(CompositeFilter.java:113)
	at org.springframework.web.filter.CompositeFilter.doFilter(CompositeFilter.java:74)
	at org.springframework.security.config.annotation.web.configuration.WebMvcSecurityConfiguration$CompositeFilterChainProxy.doFilter(WebMvcSecurityConfiguration.java:238)
	at org.springframework.web.filter.DelegatingFilterProxy.invokeDelegate(DelegatingFilterProxy.java:362)
	at org.springframework.web.filter.DelegatingFilterProxy.doFilter(DelegatingFilterProxy.java:278)
	at org.apache.catalina.core.ApplicationFilterChain.internalDoFilter(ApplicationFilterChain.java:164)
	at org.apache.catalina.core.ApplicationFilterChain.doFilter(ApplicationFilterChain.java:140)
	at org.springframework.web.filter.RequestContextFilter.doFilterInternal(RequestContextFilter.java:100)
	at org.springframework.web.filter.OncePerRequestFilter.doFilter(OncePerRequestFilter.java:116)
	at org.apache.catalina.core.ApplicationFilterChain.internalDoFilter(ApplicationFilterChain.java:164)
	at org.apache.catalina.core.ApplicationFilterChain.doFilter(ApplicationFilterChain.java:140)
	at org.springframework.web.filter.FormContentFilter.doFilterInternal(FormContentFilter.java:93)
	at org.springframework.web.filter.OncePerRequestFilter.doFilter(OncePerRequestFilter.java:116)
	at org.apache.catalina.core.ApplicationFilterChain.internalDoFilter(ApplicationFilterChain.java:164)
	at org.apache.catalina.core.ApplicationFilterChain.doFilter(ApplicationFilterChain.java:140)
	at org.springframework.web.filter.CharacterEncodingFilter.doFilterInternal(CharacterEncodingFilter.java:201)
	at org.springframework.web.filter.OncePerRequestFilter.doFilter(OncePerRequestFilter.java:116)
	at org.apache.catalina.core.ApplicationFilterChain.internalDoFilter(ApplicationFilterChain.java:164)
	at org.apache.catalina.core.ApplicationFilterChain.doFilter(ApplicationFilterChain.java:140)
	at org.apache.catalina.core.StandardWrapperValve.invoke(StandardWrapperValve.java:167)
	at org.apache.catalina.core.StandardContextValve.invoke(StandardContextValve.java:90)
	at org.apache.catalina.authenticator.AuthenticatorBase.invoke(AuthenticatorBase.java:483)
	at org.apache.catalina.core.StandardHostValve.invoke(StandardHostValve.java:115)
	at org.apache.catalina.valves.ErrorReportValve.invoke(ErrorReportValve.java:93)
	at org.apache.catalina.core.StandardEngineValve.invoke(StandardEngineValve.java:74)
	at org.apache.catalina.connector.CoyoteAdapter.service(CoyoteAdapter.java:344)
	at org.apache.coyote.http11.Http11Processor.service(Http11Processor.java:397)
	at org.apache.coyote.AbstractProcessorLight.process(AbstractProcessorLight.java:63)
	at org.apache.coyote.AbstractProtocol$ConnectionHandler.process(AbstractProtocol.java:905)
	at org.apache.tomcat.util.net.NioEndpoint$SocketProcessor.doRun(NioEndpoint.java:1741)
	at org.apache.tomcat.util.net.SocketProcessorBase.run(SocketProcessorBase.java:52)
	at org.apache.tomcat.util.threads.ThreadPoolExecutor.runWorker(ThreadPoolExecutor.java:1190)
	at org.apache.tomcat.util.threads.ThreadPoolExecutor$Worker.run(ThreadPoolExecutor.java:659)
	at org.apache.tomcat.util.threads.TaskThread$WrappingRunnable.run(TaskThread.java:63)
	at java.base/java.lang.Thread.run(Thread.java:842)
2025-10-30 16:00:42.308 [http-nio-8001-exec-2] INFO  c.x.m.c.c.s.MemberDetailsService - 🔍 로그인 시도 ID: 1
2025-10-30 16:00:42.312 [http-nio-8001-exec-2] ERROR o.a.c.c.C.[.[.[.[dispatcherServlet] - Servlet.service() for servlet [dispatcherServlet] in context with path [] threw exception
org.springframework.security.core.userdetails.UsernameNotFoundException: 회원을 찾을 수 없습니다.
	at com.xladmt.makify.common.config.security.MemberDetailsService.lambda$loadUserByUsername$0(MemberDetailsService.java:23)
	at java.base/java.util.Optional.orElseThrow(Optional.java:403)
	at com.xladmt.makify.common.config.security.MemberDetailsService.loadUserByUsername(MemberDetailsService.java:23)
	at com.xladmt.makify.common.jwt.JwtAuthenticationFilter.doFilterInternal(JwtAuthenticationFilter.java:37)
	at org.springframework.web.filter.OncePerRequestFilter.doFilter(OncePerRequestFilter.java:116)
	at org.springframework.security.web.FilterChainProxy$VirtualFilterChain.doFilter(FilterChainProxy.java:374)
	at org.springframework.security.web.authentication.logout.LogoutFilter.doFilter(LogoutFilter.java:107)
	at org.springframework.security.web.authentication.logout.LogoutFilter.doFilter(LogoutFilter.java:93)
	at org.springframework.security.web.FilterChainProxy$VirtualFilterChain.doFilter(FilterChainProxy.java:374)
	at org.springframework.web.filter.CorsFilter.doFilterInternal(CorsFilter.java:91)
	at org.springframework.web.filter.OncePerRequestFilter.doFilter(OncePerRequestFilter.java:116)
	at org.springframework.security.web.FilterChainProxy$VirtualFilterChain.doFilter(FilterChainProxy.java:374)
	at org.springframework.security.web.header.HeaderWriterFilter.doHeadersAfter(HeaderWriterFilter.java:90)
	at org.springframework.security.web.header.HeaderWriterFilter.doFilterInternal(HeaderWriterFilter.java:75)
	at org.springframework.web.filter.OncePerRequestFilter.doFilter(OncePerRequestFilter.java:116)
	at org.springframework.security.web.FilterChainProxy$VirtualFilterChain.doFilter(FilterChainProxy.java:374)
	at org.springframework.security.web.context.SecurityContextHolderFilter.doFilter(SecurityContextHolderFilter.java:82)
	at org.springframework.security.web.context.SecurityContextHolderFilter.doFilter(SecurityContextHolderFilter.java:69)
	at org.springframework.security.web.FilterChainProxy$VirtualFilterChain.doFilter(FilterChainProxy.java:374)
	at org.springframework.security.web.context.request.async.WebAsyncManagerIntegrationFilter.doFilterInternal(WebAsyncManagerIntegrationFilter.java:62)
	at org.springframework.web.filter.OncePerRequestFilter.doFilter(OncePerRequestFilter.java:116)
	at org.springframework.security.web.FilterChainProxy$VirtualFilterChain.doFilter(FilterChainProxy.java:374)
	at org.springframework.security.web.session.DisableEncodeUrlFilter.doFilterInternal(DisableEncodeUrlFilter.java:42)
	at org.springframework.web.filter.OncePerRequestFilter.doFilter(OncePerRequestFilter.java:116)
	at org.springframework.security.web.FilterChainProxy$VirtualFilterChain.doFilter(FilterChainProxy.java:374)
	at org.springframework.security.web.FilterChainProxy.doFilterInternal(FilterChainProxy.java:233)
	at org.springframework.security.web.FilterChainProxy.doFilter(FilterChainProxy.java:191)
	at org.springframework.web.filter.CompositeFilter$VirtualFilterChain.doFilter(CompositeFilter.java:113)
	at org.springframework.web.servlet.handler.HandlerMappingIntrospector.lambda$createCacheFilter$3(HandlerMappingIntrospector.java:243)
	at org.springframework.web.filter.CompositeFilter$VirtualFilterChain.doFilter(CompositeFilter.java:113)
	at org.springframework.web.filter.CompositeFilter.doFilter(CompositeFilter.java:74)
	at org.springframework.security.config.annotation.web.configuration.WebMvcSecurityConfiguration$CompositeFilterChainProxy.doFilter(WebMvcSecurityConfiguration.java:238)
	at org.springframework.web.filter.DelegatingFilterProxy.invokeDelegate(DelegatingFilterProxy.java:362)
	at org.springframework.web.filter.DelegatingFilterProxy.doFilter(DelegatingFilterProxy.java:278)
	at org.apache.catalina.core.ApplicationFilterChain.internalDoFilter(ApplicationFilterChain.java:164)
	at org.apache.catalina.core.ApplicationFilterChain.doFilter(ApplicationFilterChain.java:140)
	at org.springframework.web.filter.RequestContextFilter.doFilterInternal(RequestContextFilter.java:100)
	at org.springframework.web.filter.OncePerRequestFilter.doFilter(OncePerRequestFilter.java:116)
	at org.apache.catalina.core.ApplicationFilterChain.internalDoFilter(ApplicationFilterChain.java:164)
	at org.apache.catalina.core.ApplicationFilterChain.doFilter(ApplicationFilterChain.java:140)
	at org.springframework.web.filter.FormContentFilter.doFilterInternal(FormContentFilter.java:93)
	at org.springframework.web.filter.OncePerRequestFilter.doFilter(OncePerRequestFilter.java:116)
	at org.apache.catalina.core.ApplicationFilterChain.internalDoFilter(ApplicationFilterChain.java:164)
	at org.apache.catalina.core.ApplicationFilterChain.doFilter(ApplicationFilterChain.java:140)
	at org.springframework.web.filter.CharacterEncodingFilter.doFilterInternal(CharacterEncodingFilter.java:201)
	at org.springframework.web.filter.OncePerRequestFilter.doFilter(OncePerRequestFilter.java:116)
	at org.apache.catalina.core.ApplicationFilterChain.internalDoFilter(ApplicationFilterChain.java:164)
	at org.apache.catalina.core.ApplicationFilterChain.doFilter(ApplicationFilterChain.java:140)
	at org.apache.catalina.core.StandardWrapperValve.invoke(StandardWrapperValve.java:167)
	at org.apache.catalina.core.StandardContextValve.invoke(StandardContextValve.java:90)
	at org.apache.catalina.authenticator.AuthenticatorBase.invoke(AuthenticatorBase.java:483)
	at org.apache.catalina.core.StandardHostValve.invoke(StandardHostValve.java:115)
	at org.apache.catalina.valves.ErrorReportValve.invoke(ErrorReportValve.java:93)
	at org.apache.catalina.core.StandardEngineValve.invoke(StandardEngineValve.java:74)
	at org.apache.catalina.connector.CoyoteAdapter.service(CoyoteAdapter.java:344)
	at org.apache.coyote.http11.Http11Processor.service(Http11Processor.java:397)
	at org.apache.coyote.AbstractProcessorLight.process(AbstractProcessorLight.java:63)
	at org.apache.coyote.AbstractProtocol$ConnectionHandler.process(AbstractProtocol.java:905)
	at org.apache.tomcat.util.net.NioEndpoint$SocketProcessor.doRun(NioEndpoint.java:1741)
	at org.apache.tomcat.util.net.SocketProcessorBase.run(SocketProcessorBase.java:52)
	at org.apache.tomcat.util.threads.ThreadPoolExecutor.runWorker(ThreadPoolExecutor.java:1190)
	at org.apache.tomcat.util.threads.ThreadPoolExecutor$Worker.run(ThreadPoolExecutor.java:659)
	at org.apache.tomcat.util.threads.TaskThread$WrappingRunnable.run(TaskThread.java:63)
	at java.base/java.lang.Thread.run(Thread.java:842)
2025-10-30 16:01:14.889 [http-nio-8001-exec-3] INFO  c.x.m.c.aop.ControllerLoggingAspect - ═══════════════════════════════════════════════════════════════
2025-10-30 16:01:14.889 [http-nio-8001-exec-3] INFO  c.x.m.c.aop.ControllerLoggingAspect - [REQUEST] 2025-10-30 16:01:14.889
2025-10-30 16:01:14.889 [http-nio-8001-exec-3] INFO  c.x.m.c.aop.ControllerLoggingAspect -   Method: GET | URI: /
2025-10-30 16:01:14.889 [http-nio-8001-exec-3] INFO  c.x.m.c.aop.ControllerLoggingAspect -   Client IP: 0:0:0:0:0:0:0:1 | User ID: ANONYMOUS
2025-10-30 16:01:14.890 [http-nio-8001-exec-3] INFO  c.x.m.c.aop.ControllerLoggingAspect - [RESPONSE] Status: 200 | Time: 1ms
2025-10-30 16:01:14.899 [http-nio-8001-exec-3] INFO  c.x.m.c.aop.ControllerLoggingAspect -   Response Body: "home"
2025-10-30 16:01:14.899 [http-nio-8001-exec-3] INFO  c.x.m.c.aop.ControllerLoggingAspect - ═══════════════════════════════════════════════════════════════
2025-10-30 16:01:14.999 [http-nio-8001-exec-3] WARN  o.t.s.p.AbstractStandardFragmentInsertionTagProcessor - [THYMELEAF][http-nio-8001-exec-3][home] Deprecated unwrapped fragment expression "fragments/navbar :: navbar" found in template home, line 18, col 8. Please use the complete syntax of fragment expressions instead ("~{fragments/navbar :: navbar}"). The old, unwrapped syntax for fragment expressions will be removed in future versions of Thymeleaf.
2025-10-30 16:01:15.011 [http-nio-8001-exec-3] WARN  o.t.s.p.AbstractStandardFragmentInsertionTagProcessor - [THYMELEAF][http-nio-8001-exec-3][home] Deprecated unwrapped fragment expression "fragments/footer :: footer" found in template home, line 222, col 8. Please use the complete syntax of fragment expressions instead ("~{fragments/footer :: footer}"). The old, unwrapped syntax for fragment expressions will be removed in future versions of Thymeleaf.
2025-10-30 16:01:19.596 [http-nio-8001-exec-10] INFO  c.x.m.c.aop.ControllerLoggingAspect - ═══════════════════════════════════════════════════════════════
2025-10-30 16:01:19.597 [http-nio-8001-exec-10] INFO  c.x.m.c.aop.ControllerLoggingAspect - [REQUEST] 2025-10-30 16:01:19.597
2025-10-30 16:01:19.597 [http-nio-8001-exec-10] INFO  c.x.m.c.aop.ControllerLoggingAspect -   Method: GET | URI: /challenges
2025-10-30 16:01:19.597 [http-nio-8001-exec-10] INFO  c.x.m.c.aop.ControllerLoggingAspect -   Client IP: 0:0:0:0:0:0:0:1 | User ID: ANONYMOUS
2025-10-30 16:01:19.606 [http-nio-8001-exec-10] INFO  c.x.m.c.aop.ServiceLoggingAspect - ───────────────────────────────────────────────────────────────
2025-10-30 16:01:19.606 [http-nio-8001-exec-10] INFO  c.x.m.c.aop.ServiceLoggingAspect - [SERVICE START] ChallengeServiceImpl.getAllVisibleChallenges
2025-10-30 16:01:19.829 [http-nio-8001-exec-10] INFO  c.x.m.c.aop.ServiceLoggingAspect - [SERVICE END] ChallengeServiceImpl.getAllVisibleChallenges
2025-10-30 16:01:19.829 [http-nio-8001-exec-10] INFO  c.x.m.c.aop.ServiceLoggingAspect -   Return Value: [Collection of 19024 items]
2025-10-30 16:01:19.829 [http-nio-8001-exec-10] INFO  c.x.m.c.aop.ServiceLoggingAspect -   Execution Time: 223ms
2025-10-30 16:01:19.829 [http-nio-8001-exec-10] INFO  c.x.m.c.aop.ServiceLoggingAspect - ───────────────────────────────────────────────────────────────
2025-10-30 16:01:19.832 [http-nio-8001-exec-10] INFO  c.x.m.c.aop.ControllerLoggingAspect - [RESPONSE] Status: 200 | Time: 235ms
2025-10-30 16:01:19.832 [http-nio-8001-exec-10] INFO  c.x.m.c.aop.ControllerLoggingAspect -   Response Body: "challenge/challenges"
2025-10-30 16:01:19.832 [http-nio-8001-exec-10] INFO  c.x.m.c.aop.ControllerLoggingAspect - ═══════════════════════════════════════════════════════════════
2025-10-30 16:01:19.834 [http-nio-8001-exec-10] WARN  o.t.s.p.AbstractStandardFragmentInsertionTagProcessor - [THYMELEAF][http-nio-8001-exec-10][challenge/challenges] Deprecated unwrapped fragment expression "fragments/navbar :: navbar" found in template challenge/challenges, line 16, col 6. Please use the complete syntax of fragment expressions instead ("~{fragments/navbar :: navbar}"). The old, unwrapped syntax for fragment expressions will be removed in future versions of Thymeleaf.
2025-10-30 16:01:19.845 [http-nio-8001-exec-10] WARN  o.t.s.p.AbstractStandardFragmentInsertionTagProcessor - [THYMELEAF][http-nio-8001-exec-10][challenge/challenges] Deprecated unwrapped fragment expression "fragments/footer :: footer" found in template challenge/challenges, line 136, col 6. Please use the complete syntax of fragment expressions instead ("~{fragments/footer :: footer}"). The old, unwrapped syntax for fragment expressions will be removed in future versions of Thymeleaf.
2025-10-30 16:01:20.424 [http-nio-8001-exec-7] INFO  c.x.m.c.aop.ControllerLoggingAspect - ═══════════════════════════════════════════════════════════════
2025-10-30 16:01:20.425 [http-nio-8001-exec-7] INFO  c.x.m.c.aop.ControllerLoggingAspect - [REQUEST] 2025-10-30 16:01:20.425
2025-10-30 16:01:20.425 [http-nio-8001-exec-7] INFO  c.x.m.c.aop.ControllerLoggingAspect -   Method: GET | URI: /login
2025-10-30 16:01:20.425 [http-nio-8001-exec-7] INFO  c.x.m.c.aop.ControllerLoggingAspect -   Client IP: 0:0:0:0:0:0:0:1 | User ID: ANONYMOUS
2025-10-30 16:01:20.425 [http-nio-8001-exec-7] INFO  c.x.m.c.aop.ControllerLoggingAspect - [RESPONSE] Status: 200 | Time: 0ms
2025-10-30 16:01:20.426 [http-nio-8001-exec-7] INFO  c.x.m.c.aop.ControllerLoggingAspect -   Response Body: "member/login"
2025-10-30 16:01:20.426 [http-nio-8001-exec-7] INFO  c.x.m.c.aop.ControllerLoggingAspect - ═══════════════════════════════════════════════════════════════
2025-10-30 16:01:25.096 [http-nio-8001-exec-10] INFO  c.x.makify.common.jwt.JwtLoginFilter - 로그인 필터 들어옴
2025-10-30 16:01:25.097 [http-nio-8001-exec-10] INFO  c.x.makify.common.jwt.JwtLoginFilter - 🚨 [RAW BODY] {"loginId":"user1","password":"1234"}
2025-10-30 16:01:25.098 [http-nio-8001-exec-10] INFO  c.x.makify.common.jwt.JwtLoginFilter - Content-Type: application/json
2025-10-30 16:01:25.128 [http-nio-8001-exec-10] INFO  c.x.m.c.c.s.MemberDetailsService - 🔍 로그인 시도 ID: user1
2025-10-30 16:01:25.285 [http-nio-8001-exec-10] INFO  c.x.makify.common.jwt.JwtLoginFilter - 토큰 발급: loginId=user1
2025-10-30 16:01:25.298 [http-nio-8001-exec-2] INFO  c.x.m.c.c.s.MemberDetailsService - 🔍 로그인 시도 ID: user1
2025-10-30 16:01:25.300 [http-nio-8001-exec-2] INFO  c.x.m.c.aop.ControllerLoggingAspect - ═══════════════════════════════════════════════════════════════
2025-10-30 16:01:25.300 [http-nio-8001-exec-2] INFO  c.x.m.c.aop.ControllerLoggingAspect - [REQUEST] 2025-10-30 16:01:25.300
2025-10-30 16:01:25.300 [http-nio-8001-exec-2] INFO  c.x.m.c.aop.ControllerLoggingAspect -   Method: GET | URI: /
2025-10-30 16:01:25.301 [http-nio-8001-exec-2] INFO  c.x.m.c.aop.ControllerLoggingAspect -   Client IP: 0:0:0:0:0:0:0:1 | User ID: ANONYMOUS
2025-10-30 16:01:25.301 [http-nio-8001-exec-2] INFO  c.x.m.c.aop.ControllerLoggingAspect - [RESPONSE] Status: 200 | Time: 0ms
2025-10-30 16:01:25.301 [http-nio-8001-exec-2] INFO  c.x.m.c.aop.ControllerLoggingAspect -   Response Body: "home"
2025-10-30 16:01:25.301 [http-nio-8001-exec-2] INFO  c.x.m.c.aop.ControllerLoggingAspect - ═══════════════════════════════════════════════════════════════
2025-10-30 16:01:25.302 [http-nio-8001-exec-2] WARN  o.t.s.p.AbstractStandardFragmentInsertionTagProcessor - [THYMELEAF][http-nio-8001-exec-2][home] Deprecated unwrapped fragment expression "fragments/navbar :: navbar" found in template home, line 18, col 8. Please use the complete syntax of fragment expressions instead ("~{fragments/navbar :: navbar}"). The old, unwrapped syntax for fragment expressions will be removed in future versions of Thymeleaf.
2025-10-30 16:01:25.303 [http-nio-8001-exec-2] WARN  o.t.s.p.AbstractStandardFragmentInsertionTagProcessor - [THYMELEAF][http-nio-8001-exec-2][home] Deprecated unwrapped fragment expression "fragments/footer :: footer" found in template home, line 222, col 8. Please use the complete syntax of fragment expressions instead ("~{fragments/footer :: footer}"). The old, unwrapped syntax for fragment expressions will be removed in future versions of Thymeleaf.
2025-10-30 16:01:25.311 [http-nio-8001-exec-3] INFO  c.x.m.c.c.s.MemberDetailsService - 🔍 로그인 시도 ID: user1
2025-10-30 16:01:25.311 [http-nio-8001-exec-5] INFO  c.x.m.c.c.s.MemberDetailsService - 🔍 로그인 시도 ID: user1
2025-10-30 16:01:25.311 [http-nio-8001-exec-1] INFO  c.x.m.c.c.s.MemberDetailsService - 🔍 로그인 시도 ID: user1
2025-10-30 16:01:25.312 [http-nio-8001-exec-8] INFO  c.x.m.c.c.s.MemberDetailsService - 🔍 로그인 시도 ID: user1
2025-10-30 16:01:25.317 [http-nio-8001-exec-6] INFO  c.x.m.c.c.s.MemberDetailsService - 🔍 로그인 시도 ID: user1
2025-10-30 16:01:25.326 [http-nio-8001-exec-6] WARN  o.s.w.s.m.m.a.ExceptionHandlerExceptionResolver - Resolved [org.springframework.web.servlet.resource.NoResourceFoundException: No static resource .well-known/appspecific/com.chrome.devtools.json.]
2025-10-30 16:01:55.379 [http-nio-8001-exec-7] INFO  c.x.m.c.c.s.MemberDetailsService - 🔍 로그인 시도 ID: user1
2025-10-30 16:01:55.385 [http-nio-8001-exec-7] INFO  c.x.m.c.aop.ControllerLoggingAspect - ═══════════════════════════════════════════════════════════════
2025-10-30 16:01:55.386 [http-nio-8001-exec-7] INFO  c.x.m.c.aop.ControllerLoggingAspect - [REQUEST] 2025-10-30 16:01:55.386
2025-10-30 16:01:55.386 [http-nio-8001-exec-7] INFO  c.x.m.c.aop.ControllerLoggingAspect -   Method: GET | URI: /challenges
2025-10-30 16:01:55.386 [http-nio-8001-exec-7] INFO  c.x.m.c.aop.ControllerLoggingAspect -   Client IP: 0:0:0:0:0:0:0:1 | User ID: ANONYMOUS
2025-10-30 16:01:55.388 [http-nio-8001-exec-7] INFO  c.x.m.c.aop.ServiceLoggingAspect - ───────────────────────────────────────────────────────────────
2025-10-30 16:01:55.388 [http-nio-8001-exec-7] INFO  c.x.m.c.aop.ServiceLoggingAspect - [SERVICE START] ChallengeServiceImpl.getAllVisibleChallenges
2025-10-30 16:01:55.590 [http-nio-8001-exec-7] INFO  c.x.m.c.aop.ServiceLoggingAspect - [SERVICE END] ChallengeServiceImpl.getAllVisibleChallenges
2025-10-30 16:01:55.590 [http-nio-8001-exec-7] INFO  c.x.m.c.aop.ServiceLoggingAspect -   Return Value: [Collection of 19024 items]
2025-10-30 16:01:55.591 [http-nio-8001-exec-7] INFO  c.x.m.c.aop.ServiceLoggingAspect -   Execution Time: 202ms
2025-10-30 16:01:55.591 [http-nio-8001-exec-7] INFO  c.x.m.c.aop.ServiceLoggingAspect - ───────────────────────────────────────────────────────────────
2025-10-30 16:01:55.596 [http-nio-8001-exec-7] INFO  c.x.m.c.aop.ControllerLoggingAspect - [RESPONSE] Status: 200 | Time: 210ms
2025-10-30 16:01:55.596 [http-nio-8001-exec-7] INFO  c.x.m.c.aop.ControllerLoggingAspect -   Response Body: "challenge/challenges"
2025-10-30 16:01:55.596 [http-nio-8001-exec-7] INFO  c.x.m.c.aop.ControllerLoggingAspect - ═══════════════════════════════════════════════════════════════
2025-10-30 16:01:55.597 [http-nio-8001-exec-7] WARN  o.t.s.p.AbstractStandardFragmentInsertionTagProcessor - [THYMELEAF][http-nio-8001-exec-7][challenge/challenges] Deprecated unwrapped fragment expression "fragments/navbar :: navbar" found in template challenge/challenges, line 16, col 6. Please use the complete syntax of fragment expressions instead ("~{fragments/navbar :: navbar}"). The old, unwrapped syntax for fragment expressions will be removed in future versions of Thymeleaf.
2025-10-30 16:01:55.602 [http-nio-8001-exec-7] WARN  o.t.s.p.AbstractStandardFragmentInsertionTagProcessor - [THYMELEAF][http-nio-8001-exec-7][challenge/challenges] Deprecated unwrapped fragment expression "fragments/footer :: footer" found in template challenge/challenges, line 136, col 6. Please use the complete syntax of fragment expressions instead ("~{fragments/footer :: footer}"). The old, unwrapped syntax for fragment expressions will be removed in future versions of Thymeleaf.
2025-10-30 16:01:55.610 [http-nio-8001-exec-4] INFO  c.x.m.c.c.s.MemberDetailsService - 🔍 로그인 시도 ID: user1
2025-10-30 16:01:55.610 [http-nio-8001-exec-10] INFO  c.x.m.c.c.s.MemberDetailsService - 🔍 로그인 시도 ID: user1
2025-10-30 16:01:55.611 [http-nio-8001-exec-9] INFO  c.x.m.c.c.s.MemberDetailsService - 🔍 로그인 시도 ID: user1
2025-10-30 16:01:55.612 [http-nio-8001-exec-1] INFO  c.x.m.c.c.s.MemberDetailsService - 🔍 로그인 시도 ID: user1
2025-10-30 16:01:55.613 [http-nio-8001-exec-2] INFO  c.x.m.c.c.s.MemberDetailsService - 🔍 로그인 시도 ID: user1
2025-10-30 16:01:55.613 [http-nio-8001-exec-7] INFO  c.x.m.c.c.s.MemberDetailsService - 🔍 로그인 시도 ID: user1
2025-10-30 16:01:55.618 [http-nio-8001-exec-7] WARN  o.s.w.s.m.m.a.ExceptionHandlerExceptionResolver - Resolved [org.springframework.web.servlet.resource.NoResourceFoundException: No static resource .well-known/appspecific/com.chrome.devtools.json.]
2025-10-30 16:02:01.735 [http-nio-8001-exec-5] INFO  c.x.m.c.c.s.MemberDetailsService - 🔍 로그인 시도 ID: user1
2025-10-30 16:02:01.742 [http-nio-8001-exec-5] INFO  c.x.m.c.aop.ControllerLoggingAspect - ═══════════════════════════════════════════════════════════════
2025-10-30 16:02:01.742 [http-nio-8001-exec-5] INFO  c.x.m.c.aop.ControllerLoggingAspect - [REQUEST] 2025-10-30 16:02:01.742
2025-10-30 16:02:01.742 [http-nio-8001-exec-5] INFO  c.x.m.c.aop.ControllerLoggingAspect -   Method: GET | URI: /api/challenges/search
2025-10-30 16:02:01.742 [http-nio-8001-exec-5] INFO  c.x.m.c.aop.ControllerLoggingAspect -   Query: keyword=%EC%B1%8C%EB%A6%B0%EC%A7%80&sortBy=latest&page=0&size=12
2025-10-30 16:02:01.742 [http-nio-8001-exec-5] INFO  c.x.m.c.aop.ControllerLoggingAspect -   Client IP: 0:0:0:0:0:0:0:1 | User ID: ANONYMOUS
2025-10-30 16:02:01.743 [http-nio-8001-exec-5] INFO  c.x.m.c.aop.ServiceLoggingAspect - ───────────────────────────────────────────────────────────────
2025-10-30 16:02:01.743 [http-nio-8001-exec-5] INFO  c.x.m.c.aop.ServiceLoggingAspect - [SERVICE START] SearchKeywordServiceImpl.countKeyword
2025-10-30 16:02:01.743 [http-nio-8001-exec-5] INFO  c.x.m.c.aop.ServiceLoggingAspect -   Parameters: [챌린지]
2025-10-30 16:02:01.759 [http-nio-8001-exec-5] DEBUG c.x.m.s.s.SearchKeywordServiceImpl - [SEARCH COUNT] keyword=챌린지, date=2025-10-30
2025-10-30 16:02:01.759 [http-nio-8001-exec-5] INFO  c.x.m.c.aop.ServiceLoggingAspect - [SERVICE END] SearchKeywordServiceImpl.countKeyword
2025-10-30 16:02:01.759 [http-nio-8001-exec-5] INFO  c.x.m.c.aop.ServiceLoggingAspect -   Return Value: null
2025-10-30 16:02:01.759 [http-nio-8001-exec-5] INFO  c.x.m.c.aop.ServiceLoggingAspect -   Execution Time: 16ms
2025-10-30 16:02:01.759 [http-nio-8001-exec-5] INFO  c.x.m.c.aop.ServiceLoggingAspect - ───────────────────────────────────────────────────────────────
2025-10-30 16:02:01.759 [http-nio-8001-exec-5] INFO  c.x.m.c.c.ChallengeController - 검색 API 호출: keyword=챌린지, category=null, status=null, sortBy=latest
2025-10-30 16:02:01.760 [http-nio-8001-exec-5] INFO  c.x.m.c.aop.ServiceLoggingAspect - ───────────────────────────────────────────────────────────────
2025-10-30 16:02:01.760 [http-nio-8001-exec-5] INFO  c.x.m.c.aop.ServiceLoggingAspect - [SERVICE START] ChallengeServiceImpl.getAllVisibleChallenges
2025-10-30 16:02:01.953 [http-nio-8001-exec-5] INFO  c.x.m.c.aop.ServiceLoggingAspect - [SERVICE END] ChallengeServiceImpl.getAllVisibleChallenges
2025-10-30 16:02:01.954 [http-nio-8001-exec-5] INFO  c.x.m.c.aop.ServiceLoggingAspect -   Return Value: [Collection of 19024 items]
2025-10-30 16:02:01.954 [http-nio-8001-exec-5] INFO  c.x.m.c.aop.ServiceLoggingAspect -   Execution Time: 193ms
2025-10-30 16:02:01.954 [http-nio-8001-exec-5] INFO  c.x.m.c.aop.ServiceLoggingAspect - ───────────────────────────────────────────────────────────────
2025-10-30 16:02:01.957 [http-nio-8001-exec-5] INFO  c.x.m.c.c.ChallengeController - 전체 챌린지 개수: 19024
2025-10-30 16:02:01.966 [http-nio-8001-exec-5] INFO  c.x.m.c.c.ChallengeController - 필터링 결과: 전체 19019개, 현재 페이지 12개
2025-10-30 16:02:01.966 [http-nio-8001-exec-5] INFO  c.x.m.c.c.ChallengeController - 검색 결과: 12개 챌린지 반환 (전체: 19019)
2025-10-30 16:02:01.968 [http-nio-8001-exec-5] INFO  c.x.m.c.aop.ControllerLoggingAspect - [RESPONSE] Status: 200 | Time: 226ms
2025-10-30 16:02:01.976 [http-nio-8001-exec-5] INFO  c.x.m.c.aop.ControllerLoggingAspect -   Response Body: {"headers":{},"body":{"success":true,"totalPages":1585,"hasPrevious":false,"hasNext":true,"currentPage":0,"content":[{"endDate":"2026-01-06","statusDisplayName":"모집중","categoryDisplayName":"식습관","currentParticipants":0,"description":"설명 2204","id":12229,"title":"챌린지 #2204","category":"EATING_HABITS","startDate":"2025-11-23","maxParticipants":20,"status":"NOT_STARTED"},{"endDate":"2026-01-14","statusDisplayName":"모집중","categoryDisplayName":"취미","currentParticipants":0,"description":"설명 2205","id":12230,"title":"챌린지 #2205","category":"HOBBY","startDate":"2025-11-12","maxParticipants":24,"status":"NOT_STARTED"},{"endDate":"2026-01-15","statusDisplayName":"모집중","categoryDisplayName":"운동","currentParticipants":0,"description":"설명 2206","id":12231,"title":"챌린지 #2206","category":"EXERCISE","startDate":"2025-11-26","maxParticipants":34,"status":"NOT_STARTED"},{"endDate":"2026-01-21","statusDisplayName":"모집중","categoryDisplayName":"취미","currentParticipants":0,"description":"설명 2207","id":12232,"title":"챌린지 #2207","category":"HOBBY","startDate":"2025-11-20","maxParticipants":11,"status":"NOT_STARTED"},{"endDate":"2025-12-25","statusDisplayName":"모집중","categoryDisplayName":"규칙적인 생활","currentParticipants":0,"description":"설명 2208","id":12233,"title":"챌린지 #2208","category":"ROUTINE","startDate":"2025-11-12","maxParticipants":89,"status":"NOT_STARTED"},{"endDate":"2026-01-14","statusDisplayName":"모집중","categoryDisplayName":"공부","currentParticipants":0,"description":"설명 2209","id":12234,"title":"챌린지 #2209","category":"STUDY","startDate":"2025-11-21","maxParticipants":69,"status":"NOT_STARTED"},{"endDate":"2025-12-30","statusDisplayName":"모집중","categoryDisplayName":"취미","currentParticipants":0,"description":"설명 2210","id":12235,"title":"챌린지 #2210","category":"HOBBY","startDate":"2025-11-10","maxParticipants":13,"status":"NOT_STARTED"},{"endDate":"2025-12-03","statusDisplayName":"모집중","categoryDisplayName":"규칙적인 생활","currentParticipants":0,"description":"설명 2211","id":12236,"title":"챌린지 #2211","category":"ROUTINE","startDate":"2025-11-24","maxParticipants":34,"status":"NOT_STARTED"},{"endDate":"2026-01-16","statusDisplayName":"모집중","categoryDisplayName":"규칙적인 생활","currentParticipants":0,"description":"설명 2212","id":12237,"title":"챌린지 #2212","category":"ROUTINE","startDate":"2025-11-22","maxParticipants":62,"status":"NOT_STARTED"},{"endDate":"2026-01-12","statusDisplayName":"모집중","categoryDisplayName":"공부","currentParticipants":0,"description":"설명 2213","id":12238,"title":"챌린지 #2213","category":"STUDY","startDate":"2025-11-21","maxParticipants":89,"status":"NOT_STARTED"},{"endDate":"2026-01-03","statusDisplayName":"모집중","categoryDisplayName":"운동","currentParticipants":0,"description":"설명 2214","id":12239,"title":"챌린지 #2214","category":"EXERCISE","startDate":"2025-11-23","maxParticipants":16,"status":"NOT_STARTED"},{"endDate":"2026-01-21","statusDisplayName":"모집중","categoryDisplayName":"공부","currentParticipants":0,"description":"설명 2215","id":12240,"title":"챌린지 #2215","category":"STUDY","startDate":"2025-11-17","maxParticipants":24,"status":"NOT_STARTED"}],"totalElements":19019},"statusCode":"OK","statusCodeValue":200}
2025-10-30 16:02:01.976 [http-nio-8001-exec-5] INFO  c.x.m.c.aop.ControllerLoggingAspect - ═══════════════════════════════════════════════════════════════
2025-10-30 16:02:01.991 [http-nio-8001-exec-8] INFO  c.x.m.c.c.s.MemberDetailsService - 🔍 로그인 시도 ID: user1
2025-10-30 16:02:45.382 [http-nio-8001-exec-3] INFO  c.x.m.c.c.s.MemberDetailsService - 🔍 로그인 시도 ID: user1
2025-10-30 16:02:45.389 [http-nio-8001-exec-3] INFO  c.x.m.c.aop.ControllerLoggingAspect - ═══════════════════════════════════════════════════════════════
2025-10-30 16:02:45.390 [http-nio-8001-exec-3] INFO  c.x.m.c.aop.ControllerLoggingAspect - [REQUEST] 2025-10-30 16:02:45.390
2025-10-30 16:02:45.390 [http-nio-8001-exec-3] INFO  c.x.m.c.aop.ControllerLoggingAspect -   Method: GET | URI: /api/challenges/search
2025-10-30 16:02:45.390 [http-nio-8001-exec-3] INFO  c.x.m.c.aop.ControllerLoggingAspect -   Query: keyword=%EC%98%81%EC%96%91%EC%A0%9C&sortBy=latest&page=0&size=12
2025-10-30 16:02:45.390 [http-nio-8001-exec-3] INFO  c.x.m.c.aop.ControllerLoggingAspect -   Client IP: 0:0:0:0:0:0:0:1 | User ID: ANONYMOUS
2025-10-30 16:02:45.390 [http-nio-8001-exec-3] INFO  c.x.m.c.aop.ServiceLoggingAspect - ───────────────────────────────────────────────────────────────
2025-10-30 16:02:45.390 [http-nio-8001-exec-3] INFO  c.x.m.c.aop.ServiceLoggingAspect - [SERVICE START] SearchKeywordServiceImpl.countKeyword
2025-10-30 16:02:45.390 [http-nio-8001-exec-3] INFO  c.x.m.c.aop.ServiceLoggingAspect -   Parameters: [영양제]
2025-10-30 16:02:45.401 [http-nio-8001-exec-3] DEBUG c.x.m.s.s.SearchKeywordServiceImpl - [SEARCH COUNT] keyword=영양제, date=2025-10-30
2025-10-30 16:02:45.402 [http-nio-8001-exec-3] INFO  c.x.m.c.aop.ServiceLoggingAspect - [SERVICE END] SearchKeywordServiceImpl.countKeyword
2025-10-30 16:02:45.402 [http-nio-8001-exec-3] INFO  c.x.m.c.aop.ServiceLoggingAspect -   Return Value: null
2025-10-30 16:02:45.402 [http-nio-8001-exec-3] INFO  c.x.m.c.aop.ServiceLoggingAspect -   Execution Time: 12ms
2025-10-30 16:02:45.402 [http-nio-8001-exec-3] INFO  c.x.m.c.aop.ServiceLoggingAspect - ───────────────────────────────────────────────────────────────
2025-10-30 16:02:45.402 [http-nio-8001-exec-3] INFO  c.x.m.c.c.ChallengeController - 검색 API 호출: keyword=영양제, category=null, status=null, sortBy=latest
2025-10-30 16:02:45.403 [http-nio-8001-exec-3] INFO  c.x.m.c.aop.ServiceLoggingAspect - ───────────────────────────────────────────────────────────────
2025-10-30 16:02:45.404 [http-nio-8001-exec-3] INFO  c.x.m.c.aop.ServiceLoggingAspect - [SERVICE START] ChallengeServiceImpl.getAllVisibleChallenges
2025-10-30 16:02:45.619 [http-nio-8001-exec-3] INFO  c.x.m.c.aop.ServiceLoggingAspect - [SERVICE END] ChallengeServiceImpl.getAllVisibleChallenges
2025-10-30 16:02:45.620 [http-nio-8001-exec-3] INFO  c.x.m.c.aop.ServiceLoggingAspect -   Return Value: [Collection of 19024 items]
2025-10-30 16:02:45.620 [http-nio-8001-exec-3] INFO  c.x.m.c.aop.ServiceLoggingAspect -   Execution Time: 215ms
2025-10-30 16:02:45.620 [http-nio-8001-exec-3] INFO  c.x.m.c.aop.ServiceLoggingAspect - ───────────────────────────────────────────────────────────────
2025-10-30 16:02:45.621 [http-nio-8001-exec-3] INFO  c.x.m.c.c.ChallengeController - 전체 챌린지 개수: 19024
2025-10-30 16:02:45.628 [http-nio-8001-exec-3] INFO  c.x.m.c.c.ChallengeController - 필터링 결과: 전체 1개, 현재 페이지 1개
2025-10-30 16:02:45.628 [http-nio-8001-exec-3] INFO  c.x.m.c.c.ChallengeController - 검색 결과: 1개 챌린지 반환 (전체: 1)
2025-10-30 16:02:45.628 [http-nio-8001-exec-3] INFO  c.x.m.c.aop.ControllerLoggingAspect - [RESPONSE] Status: 200 | Time: 238ms
2025-10-30 16:02:45.628 [http-nio-8001-exec-3] INFO  c.x.m.c.aop.ControllerLoggingAspect -   Response Body: {"headers":{},"body":{"success":true,"totalPages":1,"hasPrevious":false,"hasNext":false,"currentPage":0,"content":[{"endDate":"2025-09-30","statusDisplayName":"완료","categoryDisplayName":"규칙적인 생활","currentParticipants":0,"description":"매일 영양제를 챙겨먹고 인증합니다. (오늘 날짜가 보여야 함.)","id":17,"title":"영양제 챙겨먹기","category":"ROUTINE","startDate":"2025-09-01","maxParticipants":30,"status":"COMPLETED"}],"totalElements":1},"statusCode":"OK","statusCodeValue":200}
2025-10-30 16:02:45.628 [http-nio-8001-exec-3] INFO  c.x.m.c.aop.ControllerLoggingAspect - ═══════════════════════════════════════════════════════════════
2025-10-30 16:02:45.639 [http-nio-8001-exec-6] INFO  c.x.m.c.c.s.MemberDetailsService - 🔍 로그인 시도 ID: user1
2025-10-30 16:02:52.658 [http-nio-8001-exec-10] INFO  c.x.m.c.c.s.MemberDetailsService - 🔍 로그인 시도 ID: user1
2025-10-30 16:02:52.665 [http-nio-8001-exec-10] INFO  c.x.m.c.aop.ControllerLoggingAspect - ═══════════════════════════════════════════════════════════════
2025-10-30 16:02:52.666 [http-nio-8001-exec-10] INFO  c.x.m.c.aop.ControllerLoggingAspect - [REQUEST] 2025-10-30 16:02:52.666
2025-10-30 16:02:52.666 [http-nio-8001-exec-10] INFO  c.x.m.c.aop.ControllerLoggingAspect -   Method: GET | URI: /api/challenges/search
2025-10-30 16:02:52.666 [http-nio-8001-exec-10] INFO  c.x.m.c.aop.ControllerLoggingAspect -   Query: keyword=%EB%A7%A4%EC%9D%BC&sortBy=latest&page=0&size=12
2025-10-30 16:02:52.666 [http-nio-8001-exec-10] INFO  c.x.m.c.aop.ControllerLoggingAspect -   Client IP: 0:0:0:0:0:0:0:1 | User ID: ANONYMOUS
2025-10-30 16:02:52.666 [http-nio-8001-exec-10] INFO  c.x.m.c.aop.ServiceLoggingAspect - ───────────────────────────────────────────────────────────────
2025-10-30 16:02:52.666 [http-nio-8001-exec-10] INFO  c.x.m.c.aop.ServiceLoggingAspect - [SERVICE START] SearchKeywordServiceImpl.countKeyword
2025-10-30 16:02:52.666 [http-nio-8001-exec-10] INFO  c.x.m.c.aop.ServiceLoggingAspect -   Parameters: [매일]
2025-10-30 16:02:52.678 [http-nio-8001-exec-10] DEBUG c.x.m.s.s.SearchKeywordServiceImpl - [SEARCH COUNT] keyword=매일, date=2025-10-30
2025-10-30 16:02:52.679 [http-nio-8001-exec-10] INFO  c.x.m.c.aop.ServiceLoggingAspect - [SERVICE END] SearchKeywordServiceImpl.countKeyword
2025-10-30 16:02:52.679 [http-nio-8001-exec-10] INFO  c.x.m.c.aop.ServiceLoggingAspect -   Return Value: null
2025-10-30 16:02:52.679 [http-nio-8001-exec-10] INFO  c.x.m.c.aop.ServiceLoggingAspect -   Execution Time: 13ms
2025-10-30 16:02:52.679 [http-nio-8001-exec-10] INFO  c.x.m.c.aop.ServiceLoggingAspect - ───────────────────────────────────────────────────────────────
2025-10-30 16:02:52.679 [http-nio-8001-exec-10] INFO  c.x.m.c.c.ChallengeController - 검색 API 호출: keyword=매일, category=null, status=null, sortBy=latest
2025-10-30 16:02:52.680 [http-nio-8001-exec-10] INFO  c.x.m.c.aop.ServiceLoggingAspect - ───────────────────────────────────────────────────────────────
2025-10-30 16:02:52.680 [http-nio-8001-exec-10] INFO  c.x.m.c.aop.ServiceLoggingAspect - [SERVICE START] ChallengeServiceImpl.getAllVisibleChallenges
2025-10-30 16:02:52.877 [http-nio-8001-exec-10] INFO  c.x.m.c.aop.ServiceLoggingAspect - [SERVICE END] ChallengeServiceImpl.getAllVisibleChallenges
2025-10-30 16:02:52.877 [http-nio-8001-exec-10] INFO  c.x.m.c.aop.ServiceLoggingAspect -   Return Value: [Collection of 19024 items]
2025-10-30 16:02:52.877 [http-nio-8001-exec-10] INFO  c.x.m.c.aop.ServiceLoggingAspect -   Execution Time: 196ms
2025-10-30 16:02:52.877 [http-nio-8001-exec-10] INFO  c.x.m.c.aop.ServiceLoggingAspect - ───────────────────────────────────────────────────────────────
2025-10-30 16:02:52.880 [http-nio-8001-exec-10] INFO  c.x.m.c.c.ChallengeController - 전체 챌린지 개수: 19024
2025-10-30 16:02:52.885 [http-nio-8001-exec-10] INFO  c.x.m.c.c.ChallengeController - 필터링 결과: 전체 6개, 현재 페이지 6개
2025-10-30 16:02:52.885 [http-nio-8001-exec-10] INFO  c.x.m.c.c.ChallengeController - 검색 결과: 6개 챌린지 반환 (전체: 6)
2025-10-30 16:02:52.885 [http-nio-8001-exec-10] INFO  c.x.m.c.aop.ControllerLoggingAspect - [RESPONSE] Status: 200 | Time: 219ms
2025-10-30 16:02:52.886 [http-nio-8001-exec-10] INFO  c.x.m.c.aop.ControllerLoggingAspect -   Response Body: {"headers":{},"body":{"success":true,"totalPages":1,"hasPrevious":false,"hasNext":false,"currentPage":0,"content":[{"endDate":"2025-09-30","statusDisplayName":"완료","categoryDisplayName":"규칙적인 생활","currentParticipants":0,"description":"매일 영양제를 챙겨먹고 인증합니다. (오늘 날짜가 보여야 함.)","id":17,"title":"영양제 챙겨먹기","category":"ROUTINE","startDate":"2025-09-01","maxParticipants":30,"status":"COMPLETED"},{"endDate":"2025-10-20","statusDisplayName":"완료","categoryDisplayName":"식습관","currentParticipants":0,"description":"매일 정해진 시간에 음식을 먹습니다. (1일 3끼 인증)","id":19,"title":"규칙적인 식사 챌린지","category":"EATING_HABITS","startDate":"2025-09-10","maxParticipants":30,"status":"COMPLETED"},{"endDate":"2025-10-20","statusDisplayName":"완료","categoryDisplayName":"식습관","currentParticipants":0,"description":"매일 정해진 시간에 음식을 먹습니다. (1일 2끼 인증)","id":15,"title":"규칙적인 식사 챌린지","category":"EATING_HABITS","startDate":"2025-09-10","maxParticipants":30,"status":"COMPLETED"},{"endDate":"2025-08-30","statusDisplayName":"완료","categoryDisplayName":"규칙적인 생활","currentParticipants":0,"description":"매일 10시 전에 자는 것을 인증합니다. 불꺼진 조명으로 인증합니다.","id":9,"title":"10시 취침 챌린지","category":"ROUTINE","startDate":"2025-07-30","maxParticipants":30,"status":"COMPLETED"},{"endDate":"2025-10-30","statusDisplayName":"진행중","categoryDisplayName":"마음챙김","currentParticipants":0,"description":"매일 1개의 좋은 문구 혹은 글귀를 필사하여 인증합니다.","id":6,"title":"글귀 필사 챌린지","category":"MINDSET","startDate":"2025-09-30","maxParticipants":20,"status":"IN_PROGRESS"},{"endDate":"2025-08-05","statusDisplayName":"완료","categoryDisplayName":"규칙적인 생활","currentParticipants":0,"description":"매일 아침 6시에 기상 인증","id":1,"title":"기상 챌린지","category":"ROUTINE","startDate":"2025-07-10","maxParticipants":10,"status":"COMPLETED"}],"totalElements":6},"statusCode":"OK","statusCodeValue":200}
2025-10-30 16:02:52.886 [http-nio-8001-exec-10] INFO  c.x.m.c.aop.ControllerLoggingAspect - ═══════════════════════════════════════════════════════════════
2025-10-30 16:02:52.894 [http-nio-8001-exec-4] INFO  c.x.m.c.c.s.MemberDetailsService - 🔍 로그인 시도 ID: user1
2025-10-30 16:03:04.749 [http-nio-8001-exec-5] INFO  c.x.m.c.c.s.MemberDetailsService - 🔍 로그인 시도 ID: user1
2025-10-30 16:03:04.757 [http-nio-8001-exec-5] INFO  c.x.m.c.aop.ControllerLoggingAspect - ═══════════════════════════════════════════════════════════════
2025-10-30 16:03:04.758 [http-nio-8001-exec-5] INFO  c.x.m.c.aop.ControllerLoggingAspect - [REQUEST] 2025-10-30 16:03:04.757
2025-10-30 16:03:04.758 [http-nio-8001-exec-5] INFO  c.x.m.c.aop.ControllerLoggingAspect -   Method: GET | URI: /api/challenges/search
2025-10-30 16:03:04.758 [http-nio-8001-exec-5] INFO  c.x.m.c.aop.ControllerLoggingAspect -   Query: keyword=%EC%B7%A8%EC%B9%A8+%EC%B1%8C%EB%A6%B0%EC%A7%80&sortBy=latest&page=0&size=12
2025-10-30 16:03:04.758 [http-nio-8001-exec-5] INFO  c.x.m.c.aop.ControllerLoggingAspect -   Client IP: 0:0:0:0:0:0:0:1 | User ID: ANONYMOUS
2025-10-30 16:03:04.758 [http-nio-8001-exec-5] INFO  c.x.m.c.aop.ServiceLoggingAspect - ───────────────────────────────────────────────────────────────
2025-10-30 16:03:04.758 [http-nio-8001-exec-5] INFO  c.x.m.c.aop.ServiceLoggingAspect - [SERVICE START] SearchKeywordServiceImpl.countKeyword
2025-10-30 16:03:04.758 [http-nio-8001-exec-5] INFO  c.x.m.c.aop.ServiceLoggingAspect -   Parameters: [취침 챌린지]
2025-10-30 16:03:04.767 [http-nio-8001-exec-5] DEBUG c.x.m.s.s.SearchKeywordServiceImpl - [SEARCH COUNT] keyword=취침 챌린지, date=2025-10-30
2025-10-30 16:03:04.768 [http-nio-8001-exec-5] INFO  c.x.m.c.aop.ServiceLoggingAspect - [SERVICE END] SearchKeywordServiceImpl.countKeyword
2025-10-30 16:03:04.768 [http-nio-8001-exec-5] INFO  c.x.m.c.aop.ServiceLoggingAspect -   Return Value: null
2025-10-30 16:03:04.768 [http-nio-8001-exec-5] INFO  c.x.m.c.aop.ServiceLoggingAspect -   Execution Time: 10ms
2025-10-30 16:03:04.768 [http-nio-8001-exec-5] INFO  c.x.m.c.aop.ServiceLoggingAspect - ───────────────────────────────────────────────────────────────
2025-10-30 16:03:04.768 [http-nio-8001-exec-5] INFO  c.x.m.c.c.ChallengeController - 검색 API 호출: keyword=취침 챌린지, category=null, status=null, sortBy=latest
2025-10-30 16:03:04.769 [http-nio-8001-exec-5] INFO  c.x.m.c.aop.ServiceLoggingAspect - ───────────────────────────────────────────────────────────────
2025-10-30 16:03:04.769 [http-nio-8001-exec-5] INFO  c.x.m.c.aop.ServiceLoggingAspect - [SERVICE START] ChallengeServiceImpl.getAllVisibleChallenges
2025-10-30 16:03:04.959 [http-nio-8001-exec-5] INFO  c.x.m.c.aop.ServiceLoggingAspect - [SERVICE END] ChallengeServiceImpl.getAllVisibleChallenges
2025-10-30 16:03:04.959 [http-nio-8001-exec-5] INFO  c.x.m.c.aop.ServiceLoggingAspect -   Return Value: [Collection of 19024 items]
2025-10-30 16:03:04.959 [http-nio-8001-exec-5] INFO  c.x.m.c.aop.ServiceLoggingAspect -   Execution Time: 190ms
2025-10-30 16:03:04.959 [http-nio-8001-exec-5] INFO  c.x.m.c.aop.ServiceLoggingAspect - ───────────────────────────────────────────────────────────────
2025-10-30 16:03:04.960 [http-nio-8001-exec-5] INFO  c.x.m.c.c.ChallengeController - 전체 챌린지 개수: 19024
2025-10-30 16:03:04.965 [http-nio-8001-exec-5] INFO  c.x.m.c.c.ChallengeController - 필터링 결과: 전체 1개, 현재 페이지 1개
2025-10-30 16:03:04.966 [http-nio-8001-exec-5] INFO  c.x.m.c.c.ChallengeController - 검색 결과: 1개 챌린지 반환 (전체: 1)
2025-10-30 16:03:04.966 [http-nio-8001-exec-5] INFO  c.x.m.c.aop.ControllerLoggingAspect - [RESPONSE] Status: 200 | Time: 208ms
2025-10-30 16:03:04.966 [http-nio-8001-exec-5] INFO  c.x.m.c.aop.ControllerLoggingAspect -   Response Body: {"headers":{},"body":{"success":true,"totalPages":1,"hasPrevious":false,"hasNext":false,"currentPage":0,"content":[{"endDate":"2025-08-30","statusDisplayName":"완료","categoryDisplayName":"규칙적인 생활","currentParticipants":0,"description":"매일 10시 전에 자는 것을 인증합니다. 불꺼진 조명으로 인증합니다.","id":9,"title":"10시 취침 챌린지","category":"ROUTINE","startDate":"2025-07-30","maxParticipants":30,"status":"COMPLETED"}],"totalElements":1},"statusCode":"OK","statusCodeValue":200}
2025-10-30 16:03:04.966 [http-nio-8001-exec-5] INFO  c.x.m.c.aop.ControllerLoggingAspect - ═══════════════════════════════════════════════════════════════
2025-10-30 16:03:04.973 [http-nio-8001-exec-8] INFO  c.x.m.c.c.s.MemberDetailsService - 🔍 로그인 시도 ID: user1
2025-10-30 16:03:10.765 [http-nio-8001-exec-3] INFO  c.x.m.c.c.s.MemberDetailsService - 🔍 로그인 시도 ID: user1
2025-10-30 16:03:10.770 [http-nio-8001-exec-3] INFO  c.x.m.c.aop.ControllerLoggingAspect - ═══════════════════════════════════════════════════════════════
2025-10-30 16:03:10.770 [http-nio-8001-exec-3] INFO  c.x.m.c.aop.ControllerLoggingAspect - [REQUEST] 2025-10-30 16:03:10.770
2025-10-30 16:03:10.771 [http-nio-8001-exec-3] INFO  c.x.m.c.aop.ControllerLoggingAspect -   Method: GET | URI: /challenges
2025-10-30 16:03:10.771 [http-nio-8001-exec-3] INFO  c.x.m.c.aop.ControllerLoggingAspect -   Client IP: 0:0:0:0:0:0:0:1 | User ID: ANONYMOUS
2025-10-30 16:03:10.773 [http-nio-8001-exec-3] INFO  c.x.m.c.aop.ServiceLoggingAspect - ───────────────────────────────────────────────────────────────
2025-10-30 16:03:10.773 [http-nio-8001-exec-3] INFO  c.x.m.c.aop.ServiceLoggingAspect - [SERVICE START] ChallengeServiceImpl.getAllVisibleChallenges
2025-10-30 16:03:10.975 [http-nio-8001-exec-3] INFO  c.x.m.c.aop.ServiceLoggingAspect - [SERVICE END] ChallengeServiceImpl.getAllVisibleChallenges
2025-10-30 16:03:10.975 [http-nio-8001-exec-3] INFO  c.x.m.c.aop.ServiceLoggingAspect -   Return Value: [Collection of 19024 items]
2025-10-30 16:03:10.975 [http-nio-8001-exec-3] INFO  c.x.m.c.aop.ServiceLoggingAspect -   Execution Time: 202ms
2025-10-30 16:03:10.975 [http-nio-8001-exec-3] INFO  c.x.m.c.aop.ServiceLoggingAspect - ───────────────────────────────────────────────────────────────
2025-10-30 16:03:10.977 [http-nio-8001-exec-3] INFO  c.x.m.c.aop.ControllerLoggingAspect - [RESPONSE] Status: 200 | Time: 206ms
2025-10-30 16:03:10.977 [http-nio-8001-exec-3] INFO  c.x.m.c.aop.ControllerLoggingAspect -   Response Body: "challenge/challenges"
2025-10-30 16:03:10.977 [http-nio-8001-exec-3] INFO  c.x.m.c.aop.ControllerLoggingAspect - ═══════════════════════════════════════════════════════════════
2025-10-30 16:03:10.978 [http-nio-8001-exec-3] WARN  o.t.s.p.AbstractStandardFragmentInsertionTagProcessor - [THYMELEAF][http-nio-8001-exec-3][challenge/challenges] Deprecated unwrapped fragment expression "fragments/navbar :: navbar" found in template challenge/challenges, line 16, col 6. Please use the complete syntax of fragment expressions instead ("~{fragments/navbar :: navbar}"). The old, unwrapped syntax for fragment expressions will be removed in future versions of Thymeleaf.
2025-10-30 16:03:10.981 [http-nio-8001-exec-3] WARN  o.t.s.p.AbstractStandardFragmentInsertionTagProcessor - [THYMELEAF][http-nio-8001-exec-3][challenge/challenges] Deprecated unwrapped fragment expression "fragments/footer :: footer" found in template challenge/challenges, line 136, col 6. Please use the complete syntax of fragment expressions instead ("~{fragments/footer :: footer}"). The old, unwrapped syntax for fragment expressions will be removed in future versions of Thymeleaf.
2025-10-30 16:03:10.995 [http-nio-8001-exec-6] INFO  c.x.m.c.c.s.MemberDetailsService - 🔍 로그인 시도 ID: user1
2025-10-30 16:03:10.995 [http-nio-8001-exec-10] INFO  c.x.m.c.c.s.MemberDetailsService - 🔍 로그인 시도 ID: user1
2025-10-30 16:03:10.996 [http-nio-8001-exec-9] INFO  c.x.m.c.c.s.MemberDetailsService - 🔍 로그인 시도 ID: user1
2025-10-30 16:03:10.996 [http-nio-8001-exec-1] INFO  c.x.m.c.c.s.MemberDetailsService - 🔍 로그인 시도 ID: user1
2025-10-30 16:03:10.996 [http-nio-8001-exec-4] INFO  c.x.m.c.c.s.MemberDetailsService - 🔍 로그인 시도 ID: user1
2025-10-30 16:03:10.998 [http-nio-8001-exec-7] INFO  c.x.m.c.c.s.MemberDetailsService - 🔍 로그인 시도 ID: user1
2025-10-30 16:03:11.002 [http-nio-8001-exec-7] WARN  o.s.w.s.m.m.a.ExceptionHandlerExceptionResolver - Resolved [org.springframework.web.servlet.resource.NoResourceFoundException: No static resource .well-known/appspecific/com.chrome.devtools.json.]
2025-10-30 16:04:00.026 [SpringApplicationShutdownHook] INFO  o.s.b.w.e.tomcat.GracefulShutdown - Commencing graceful shutdown. Waiting for active requests to complete
2025-10-30 16:04:00.028 [tomcat-shutdown] INFO  o.s.b.w.e.tomcat.GracefulShutdown - Graceful shutdown complete
2025-10-30 16:04:00.033 [SpringApplicationShutdownHook] INFO  o.s.o.j.LocalContainerEntityManagerFactoryBean - Closing JPA EntityManagerFactory for persistence unit 'default'
2025-10-30 16:04:00.035 [SpringApplicationShutdownHook] INFO  com.zaxxer.hikari.HikariDataSource - HikariPool-1 - Shutdown initiated...
2025-10-30 16:04:00.037 [SpringApplicationShutdownHook] INFO  com.zaxxer.hikari.HikariDataSource - HikariPool-1 - Shutdown completed.
2025-10-30 16:04:00.956 [restartedMain] INFO  com.xladmt.makify.MakifyApplication - Starting MakifyApplication using Java 17.0.14 with PID 15367 (/Users/oseungmin/Documents/workspace/makify/build/classes/java/main started by oseungmin in /Users/oseungmin/Documents/workspace/makify)
2025-10-30 16:04:00.958 [restartedMain] DEBUG com.xladmt.makify.MakifyApplication - Running with Spring Boot v3.4.1, Spring v6.2.1
2025-10-30 16:04:00.959 [restartedMain] INFO  com.xladmt.makify.MakifyApplication - No active profile set, falling back to 1 default profile: "default"
2025-10-30 16:04:00.972 [restartedMain] INFO  o.s.b.d.e.DevToolsPropertyDefaultsPostProcessor - Devtools property defaults active! Set 'spring.devtools.add-properties' to 'false' to disable
2025-10-30 16:04:00.972 [restartedMain] INFO  o.s.b.d.e.DevToolsPropertyDefaultsPostProcessor - For additional web related logging consider setting the 'logging.level.web' property to 'DEBUG'
2025-10-30 16:04:01.302 [restartedMain] INFO  o.s.d.r.c.RepositoryConfigurationDelegate - Multiple Spring Data modules found, entering strict repository configuration mode
2025-10-30 16:04:01.303 [restartedMain] INFO  o.s.d.r.c.RepositoryConfigurationDelegate - Bootstrapping Spring Data JPA repositories in DEFAULT mode.
2025-10-30 16:04:01.362 [restartedMain] INFO  o.s.d.r.c.RepositoryConfigurationDelegate - Finished Spring Data repository scanning in 55 ms. Found 5 JPA repository interfaces.
2025-10-30 16:04:01.368 [restartedMain] INFO  o.s.d.r.c.RepositoryConfigurationDelegate - Multiple Spring Data modules found, entering strict repository configuration mode
2025-10-30 16:04:01.369 [restartedMain] INFO  o.s.d.r.c.RepositoryConfigurationDelegate - Bootstrapping Spring Data Redis repositories in DEFAULT mode.
2025-10-30 16:04:01.375 [restartedMain] INFO  o.s.d.r.c.RepositoryConfigurationExtensionSupport - Spring Data Redis - Could not safely identify store assignment for repository candidate interface com.xladmt.makify.challenge.repository.ChallengeRepository; If you want this repository to be a Redis repository, consider annotating your entities with one of these annotations: org.springframework.data.redis.core.RedisHash (preferred), or consider extending one of the following types with your repository: org.springframework.data.keyvalue.repository.KeyValueRepository
2025-10-30 16:04:01.375 [restartedMain] INFO  o.s.d.r.c.RepositoryConfigurationExtensionSupport - Spring Data Redis - Could not safely identify store assignment for repository candidate interface com.xladmt.makify.challenge.repository.UserChallengeRepository; If you want this repository to be a Redis repository, consider annotating your entities with one of these annotations: org.springframework.data.redis.core.RedisHash (preferred), or consider extending one of the following types with your repository: org.springframework.data.keyvalue.repository.KeyValueRepository
2025-10-30 16:04:01.375 [restartedMain] INFO  o.s.d.r.c.RepositoryConfigurationExtensionSupport - Spring Data Redis - Could not safely identify store assignment for repository candidate interface com.xladmt.makify.challenge.repository.VerificationMethodRepository; If you want this repository to be a Redis repository, consider annotating your entities with one of these annotations: org.springframework.data.redis.core.RedisHash (preferred), or consider extending one of the following types with your repository: org.springframework.data.keyvalue.repository.KeyValueRepository
2025-10-30 16:04:01.375 [restartedMain] INFO  o.s.d.r.c.RepositoryConfigurationExtensionSupport - Spring Data Redis - Could not safely identify store assignment for repository candidate interface com.xladmt.makify.member.repository.MemberRepository; If you want this repository to be a Redis repository, consider annotating your entities with one of these annotations: org.springframework.data.redis.core.RedisHash (preferred), or consider extending one of the following types with your repository: org.springframework.data.keyvalue.repository.KeyValueRepository
2025-10-30 16:04:01.375 [restartedMain] INFO  o.s.d.r.c.RepositoryConfigurationExtensionSupport - Spring Data Redis - Could not safely identify store assignment for repository candidate interface com.xladmt.makify.payment.repository.PaymentRepository; If you want this repository to be a Redis repository, consider annotating your entities with one of these annotations: org.springframework.data.redis.core.RedisHash (preferred), or consider extending one of the following types with your repository: org.springframework.data.keyvalue.repository.KeyValueRepository
2025-10-30 16:04:01.375 [restartedMain] INFO  o.s.d.r.c.RepositoryConfigurationDelegate - Finished Spring Data repository scanning in 3 ms. Found 0 Redis repository interfaces.
2025-10-30 16:04:01.620 [restartedMain] INFO  o.s.b.w.e.tomcat.TomcatWebServer - Tomcat initialized with port 8001 (http)
2025-10-30 16:04:01.623 [restartedMain] INFO  o.a.coyote.http11.Http11NioProtocol - Initializing ProtocolHandler ["http-nio-8001"]
2025-10-30 16:04:01.624 [restartedMain] INFO  o.a.catalina.core.StandardService - Starting service [Tomcat]
2025-10-30 16:04:01.624 [restartedMain] INFO  o.a.catalina.core.StandardEngine - Starting Servlet engine: [Apache Tomcat/10.1.34]
2025-10-30 16:04:01.640 [restartedMain] INFO  o.a.c.c.C.[Tomcat].[localhost].[/] - Initializing Spring embedded WebApplicationContext
2025-10-30 16:04:01.640 [restartedMain] INFO  o.s.b.w.s.c.ServletWebServerApplicationContext - Root WebApplicationContext: initialization completed in 668 ms
2025-10-30 16:04:01.793 [restartedMain] INFO  o.h.jpa.internal.util.LogHelper - HHH000204: Processing PersistenceUnitInfo [name: default]
2025-10-30 16:04:01.810 [restartedMain] INFO  org.hibernate.Version - HHH000412: Hibernate ORM core version 6.6.4.Final
2025-10-30 16:04:01.819 [restartedMain] INFO  o.h.c.i.RegionFactoryInitiator - HHH000026: Second-level cache disabled
2025-10-30 16:04:01.903 [restartedMain] INFO  o.s.o.j.p.SpringPersistenceUnitInfo - No LoadTimeWeaver setup: ignoring JPA class transformer
2025-10-30 16:04:01.912 [restartedMain] INFO  com.zaxxer.hikari.HikariDataSource - HikariPool-1 - Starting...
2025-10-30 16:04:01.999 [restartedMain] INFO  com.zaxxer.hikari.pool.HikariPool - HikariPool-1 - Added connection com.mysql.cj.jdbc.ConnectionImpl@5244cece
2025-10-30 16:04:01.999 [restartedMain] INFO  com.zaxxer.hikari.HikariDataSource - HikariPool-1 - Start completed.
2025-10-30 16:04:02.019 [restartedMain] WARN  org.hibernate.orm.deprecation - HHH90000025: MySQL8Dialect does not need to be specified explicitly using 'hibernate.dialect' (remove the property setting and it will be selected by default)
2025-10-30 16:04:02.020 [restartedMain] WARN  org.hibernate.orm.deprecation - HHH90000026: MySQL8Dialect has been deprecated; use org.hibernate.dialect.MySQLDialect instead
2025-10-30 16:04:02.025 [restartedMain] INFO  o.hibernate.orm.connections.pooling - HHH10001005: Database info:
	Database JDBC URL [Connecting through datasource 'HikariDataSource (HikariPool-1)']
	Database driver: undefined/unknown
	Database version: 8.0
	Autocommit mode: undefined/unknown
	Isolation level: undefined/unknown
	Minimum pool size: undefined/unknown
	Maximum pool size: undefined/unknown
2025-10-30 16:04:02.377 [restartedMain] INFO  o.h.e.t.j.p.i.JtaPlatformInitiator - HHH000489: No JTA platform available (set 'hibernate.transaction.jta.platform' to enable JTA platform integration)
2025-10-30 16:04:02.464 [restartedMain] INFO  o.s.o.j.LocalContainerEntityManagerFactoryBean - Initialized JPA EntityManagerFactory for persistence unit 'default'
2025-10-30 16:04:02.610 [restartedMain] DEBUG c.x.m.c.jwt.JwtAuthenticationFilter - Filter 'jwtAuthenticationFilter' configured for use
2025-10-30 16:04:02.627 [restartedMain] INFO  o.s.d.j.r.query.QueryEnhancerFactory - Hibernate is in classpath; If applicable, HQL parser will be used.
2025-10-30 16:04:03.313 [restartedMain] WARN  o.s.b.a.o.j.JpaBaseConfiguration$JpaWebConfiguration - spring.jpa.open-in-view is enabled by default. Therefore, database queries may be performed during view rendering. Explicitly configure spring.jpa.open-in-view to disable this warning
2025-10-30 16:04:03.326 [restartedMain] INFO  o.s.s.c.a.a.c.InitializeUserDetailsBeanManagerConfigurer$InitializeUserDetailsManagerConfigurer - Global AuthenticationManager configured with UserDetailsService bean with name memberDetailsService
2025-10-30 16:04:03.471 [restartedMain] WARN  o.s.s.c.a.web.builders.WebSecurity - You are asking Spring Security to ignore Deferred [Mvc [pattern='/css/**'], Ant [pattern='/css/**']]. This is not recommended -- please use permitAll via HttpSecurity#authorizeHttpRequests instead.
2025-10-30 16:04:03.471 [restartedMain] WARN  o.s.s.c.a.web.builders.WebSecurity - You are asking Spring Security to ignore Deferred [Mvc [pattern='/js/**'], Ant [pattern='/js/**']]. This is not recommended -- please use permitAll via HttpSecurity#authorizeHttpRequests instead.
2025-10-30 16:04:03.471 [restartedMain] WARN  o.s.s.c.a.web.builders.WebSecurity - You are asking Spring Security to ignore Deferred [Mvc [pattern='/images/**'], Ant [pattern='/images/**']]. This is not recommended -- please use permitAll via HttpSecurity#authorizeHttpRequests instead.
2025-10-30 16:04:03.471 [restartedMain] WARN  o.s.s.c.a.web.builders.WebSecurity - You are asking Spring Security to ignore Deferred [Mvc [pattern='/videos/**'], Ant [pattern='/videos/**']]. This is not recommended -- please use permitAll via HttpSecurity#authorizeHttpRequests instead.
2025-10-30 16:04:03.471 [restartedMain] WARN  o.s.s.c.a.web.builders.WebSecurity - You are asking Spring Security to ignore Deferred [Mvc [pattern='/favicon.ico'], Ant [pattern='/favicon.ico']]. This is not recommended -- please use permitAll via HttpSecurity#authorizeHttpRequests instead.
2025-10-30 16:04:03.471 [restartedMain] WARN  o.s.s.c.a.web.builders.WebSecurity - You are asking Spring Security to ignore Deferred [Mvc [pattern='/webjars/**'], Ant [pattern='/webjars/**']]. This is not recommended -- please use permitAll via HttpSecurity#authorizeHttpRequests instead.
2025-10-30 16:04:03.471 [restartedMain] WARN  o.s.s.c.a.web.builders.WebSecurity - You are asking Spring Security to ignore Deferred [Mvc [pattern='/static/**'], Ant [pattern='/static/**']]. This is not recommended -- please use permitAll via HttpSecurity#authorizeHttpRequests instead.
2025-10-30 16:04:03.488 [restartedMain] INFO  o.s.v.b.OptionalValidatorFactoryBean - Failed to set up a Bean Validation provider: jakarta.validation.NoProviderFoundException: Unable to create a Configuration, because no Jakarta Bean Validation provider could be found. Add a provider like Hibernate Validator (RI) to your classpath.
2025-10-30 16:04:03.687 [restartedMain] INFO  o.s.b.d.a.OptionalLiveReloadServer - LiveReload server is running on port 35729
2025-10-30 16:04:03.698 [restartedMain] INFO  o.a.coyote.http11.Http11NioProtocol - Starting ProtocolHandler ["http-nio-8001"]
2025-10-30 16:04:03.704 [restartedMain] INFO  o.s.b.w.e.tomcat.TomcatWebServer - Tomcat started on port 8001 (http) with context path '/'
2025-10-30 16:04:03.709 [restartedMain] INFO  com.xladmt.makify.MakifyApplication - Started MakifyApplication in 2.901 seconds (process running for 3.085)
2025-10-30 16:04:06.381 [http-nio-8001-exec-1] INFO  o.a.c.c.C.[Tomcat].[localhost].[/] - Initializing Spring DispatcherServlet 'dispatcherServlet'
2025-10-30 16:04:06.381 [http-nio-8001-exec-1] INFO  o.s.web.servlet.DispatcherServlet - Initializing Servlet 'dispatcherServlet'
2025-10-30 16:04:06.382 [http-nio-8001-exec-1] INFO  o.s.web.servlet.DispatcherServlet - Completed initialization in 1 ms
2025-10-30 16:04:06.413 [http-nio-8001-exec-1] INFO  c.x.m.c.c.s.MemberDetailsService - 🔍 로그인 시도 ID: user1
2025-10-30 16:04:06.462 [http-nio-8001-exec-1] INFO  c.x.m.c.aop.ControllerLoggingAspect - ═══════════════════════════════════════════════════════════════
2025-10-30 16:04:06.462 [http-nio-8001-exec-1] INFO  c.x.m.c.aop.ControllerLoggingAspect - [REQUEST] 2025-10-30 16:04:06.462
2025-10-30 16:04:06.462 [http-nio-8001-exec-1] INFO  c.x.m.c.aop.ControllerLoggingAspect -   Method: GET | URI: /api/challenges/search
2025-10-30 16:04:06.462 [http-nio-8001-exec-1] INFO  c.x.m.c.aop.ControllerLoggingAspect -   Query: keyword=%EB%8F%85%EC%84%9C&sortBy=latest&page=0&size=12
2025-10-30 16:04:06.462 [http-nio-8001-exec-1] INFO  c.x.m.c.aop.ControllerLoggingAspect -   Client IP: 0:0:0:0:0:0:0:1 | User ID: ANONYMOUS
2025-10-30 16:04:06.463 [http-nio-8001-exec-1] INFO  c.x.m.c.aop.ServiceLoggingAspect - ───────────────────────────────────────────────────────────────
2025-10-30 16:04:06.463 [http-nio-8001-exec-1] INFO  c.x.m.c.aop.ServiceLoggingAspect - [SERVICE START] SearchKeywordServiceImpl.countKeyword
2025-10-30 16:04:06.463 [http-nio-8001-exec-1] INFO  c.x.m.c.aop.ServiceLoggingAspect -   Parameters: [독서]
2025-10-30 16:04:06.578 [http-nio-8001-exec-1] DEBUG c.x.m.s.s.SearchKeywordServiceImpl - [SEARCH COUNT] keyword=독서, date=2025-10-30
2025-10-30 16:04:06.578 [http-nio-8001-exec-1] INFO  c.x.m.c.aop.ServiceLoggingAspect - [SERVICE END] SearchKeywordServiceImpl.countKeyword
2025-10-30 16:04:06.578 [http-nio-8001-exec-1] INFO  c.x.m.c.aop.ServiceLoggingAspect -   Return Value: null
2025-10-30 16:04:06.578 [http-nio-8001-exec-1] INFO  c.x.m.c.aop.ServiceLoggingAspect -   Execution Time: 115ms
2025-10-30 16:04:06.578 [http-nio-8001-exec-1] INFO  c.x.m.c.aop.ServiceLoggingAspect - ───────────────────────────────────────────────────────────────
2025-10-30 16:04:06.578 [http-nio-8001-exec-1] INFO  c.x.m.c.c.ChallengeController - 검색 API 호출: keyword=독서, category=null, status=null, sortBy=latest
2025-10-30 16:04:06.581 [http-nio-8001-exec-1] INFO  c.x.m.c.aop.ServiceLoggingAspect - ───────────────────────────────────────────────────────────────
2025-10-30 16:04:06.581 [http-nio-8001-exec-1] INFO  c.x.m.c.aop.ServiceLoggingAspect - [SERVICE START] ChallengeServiceImpl.getAllVisibleChallenges
2025-10-30 16:04:06.777 [http-nio-8001-exec-1] INFO  c.x.m.c.aop.ServiceLoggingAspect - [SERVICE END] ChallengeServiceImpl.getAllVisibleChallenges
2025-10-30 16:04:06.777 [http-nio-8001-exec-1] INFO  c.x.m.c.aop.ServiceLoggingAspect -   Return Value: [Collection of 19024 items]
2025-10-30 16:04:06.777 [http-nio-8001-exec-1] INFO  c.x.m.c.aop.ServiceLoggingAspect -   Execution Time: 196ms
2025-10-30 16:04:06.777 [http-nio-8001-exec-1] INFO  c.x.m.c.aop.ServiceLoggingAspect - ───────────────────────────────────────────────────────────────
2025-10-30 16:04:06.779 [http-nio-8001-exec-1] INFO  c.x.m.c.c.ChallengeController - 전체 챌린지 개수: 19024
2025-10-30 16:04:06.785 [http-nio-8001-exec-1] INFO  c.x.m.c.c.ChallengeController - 필터링 결과: 전체 1개, 현재 페이지 1개
2025-10-30 16:04:06.785 [http-nio-8001-exec-1] INFO  c.x.m.c.c.ChallengeController - 검색 결과: 1개 챌린지 반환 (전체: 1)
2025-10-30 16:04:06.787 [http-nio-8001-exec-1] INFO  c.x.m.c.aop.ControllerLoggingAspect - [RESPONSE] Status: 200 | Time: 325ms
2025-10-30 16:04:06.807 [http-nio-8001-exec-1] INFO  c.x.m.c.aop.ControllerLoggingAspect -   Response Body: {"headers":{},"body":{"success":true,"totalPages":1,"hasPrevious":false,"hasNext":false,"currentPage":0,"content":[{"endDate":"2025-09-15","statusDisplayName":"완료","categoryDisplayName":"마음챙김","currentParticipants":0,"description":"하루 30분 책 읽고 사진 인증","id":2,"title":"독서 인증 챌린지","category":"MINDSET","startDate":"2025-08-25","maxParticipants":20,"status":"COMPLETED"}],"totalElements":1},"statusCodeValue":200,"statusCode":"OK"}
2025-10-30 16:04:06.807 [http-nio-8001-exec-1] INFO  c.x.m.c.aop.ControllerLoggingAspect - ═══════════════════════════════════════════════════════════════
2025-10-30 16:04:06.833 [http-nio-8001-exec-2] INFO  c.x.m.c.c.s.MemberDetailsService - 🔍 로그인 시도 ID: user1
2025-10-30 16:09:37.268 [http-nio-8001-exec-4] INFO  c.x.m.c.c.s.MemberDetailsService - 🔍 로그인 시도 ID: user1
2025-10-30 16:09:37.282 [http-nio-8001-exec-4] INFO  c.x.m.c.aop.ControllerLoggingAspect - ═══════════════════════════════════════════════════════════════
2025-10-30 16:09:37.283 [http-nio-8001-exec-4] INFO  c.x.m.c.aop.ControllerLoggingAspect - [REQUEST] 2025-10-30 16:09:37.283
2025-10-30 16:09:37.283 [http-nio-8001-exec-4] INFO  c.x.m.c.aop.ControllerLoggingAspect -   Method: GET | URI: /api/challenges/search
2025-10-30 16:09:37.283 [http-nio-8001-exec-4] INFO  c.x.m.c.aop.ControllerLoggingAspect -   Query: keyword=%EB%8F%85%EC%84%9C&sortBy=latest&page=0&size=12
2025-10-30 16:09:37.283 [http-nio-8001-exec-4] INFO  c.x.m.c.aop.ControllerLoggingAspect -   Client IP: 0:0:0:0:0:0:0:1 | User ID: ANONYMOUS
2025-10-30 16:09:37.283 [http-nio-8001-exec-4] INFO  c.x.m.c.aop.ServiceLoggingAspect - ───────────────────────────────────────────────────────────────
2025-10-30 16:09:37.283 [http-nio-8001-exec-4] INFO  c.x.m.c.aop.ServiceLoggingAspect - [SERVICE START] SearchKeywordServiceImpl.countKeyword
2025-10-30 16:09:37.283 [http-nio-8001-exec-4] INFO  c.x.m.c.aop.ServiceLoggingAspect -   Parameters: [독서]
2025-10-30 16:09:37.292 [http-nio-8001-exec-4] DEBUG c.x.m.s.s.SearchKeywordServiceImpl - [SEARCH COUNT] keyword=독서, date=2025-10-30
2025-10-30 16:09:37.293 [http-nio-8001-exec-4] INFO  c.x.m.c.aop.ServiceLoggingAspect - [SERVICE END] SearchKeywordServiceImpl.countKeyword
2025-10-30 16:09:37.293 [http-nio-8001-exec-4] INFO  c.x.m.c.aop.ServiceLoggingAspect -   Return Value: null
2025-10-30 16:09:37.293 [http-nio-8001-exec-4] INFO  c.x.m.c.aop.ServiceLoggingAspect -   Execution Time: 10ms
2025-10-30 16:09:37.293 [http-nio-8001-exec-4] INFO  c.x.m.c.aop.ServiceLoggingAspect - ───────────────────────────────────────────────────────────────
2025-10-30 16:09:37.293 [http-nio-8001-exec-4] INFO  c.x.m.c.c.ChallengeController - 검색 API 호출: keyword=독서, category=null, status=null, sortBy=latest
2025-10-30 16:09:37.295 [http-nio-8001-exec-4] INFO  c.x.m.c.aop.ServiceLoggingAspect - ───────────────────────────────────────────────────────────────
2025-10-30 16:09:37.295 [http-nio-8001-exec-4] INFO  c.x.m.c.aop.ServiceLoggingAspect - [SERVICE START] ChallengeServiceImpl.getAllVisibleChallenges
2025-10-30 16:09:37.496 [http-nio-8001-exec-4] INFO  c.x.m.c.aop.ServiceLoggingAspect - [SERVICE END] ChallengeServiceImpl.getAllVisibleChallenges
2025-10-30 16:09:37.496 [http-nio-8001-exec-4] INFO  c.x.m.c.aop.ServiceLoggingAspect -   Return Value: [Collection of 19024 items]
2025-10-30 16:09:37.496 [http-nio-8001-exec-4] INFO  c.x.m.c.aop.ServiceLoggingAspect -   Execution Time: 201ms
2025-10-30 16:09:37.496 [http-nio-8001-exec-4] INFO  c.x.m.c.aop.ServiceLoggingAspect - ───────────────────────────────────────────────────────────────
2025-10-30 16:09:37.498 [http-nio-8001-exec-4] INFO  c.x.m.c.c.ChallengeController - 전체 챌린지 개수: 19024
2025-10-30 16:09:37.505 [http-nio-8001-exec-4] INFO  c.x.m.c.c.ChallengeController - 필터링 결과: 전체 1개, 현재 페이지 1개
2025-10-30 16:09:37.505 [http-nio-8001-exec-4] INFO  c.x.m.c.c.ChallengeController - 검색 결과: 1개 챌린지 반환 (전체: 1)
2025-10-30 16:09:37.505 [http-nio-8001-exec-4] INFO  c.x.m.c.aop.ControllerLoggingAspect - [RESPONSE] Status: 200 | Time: 222ms
2025-10-30 16:09:37.506 [http-nio-8001-exec-4] INFO  c.x.m.c.aop.ControllerLoggingAspect -   Response Body: {"headers":{},"body":{"success":true,"totalPages":1,"hasPrevious":false,"hasNext":false,"currentPage":0,"content":[{"endDate":"2025-09-15","statusDisplayName":"완료","categoryDisplayName":"마음챙김","currentParticipants":0,"description":"하루 30분 책 읽고 사진 인증","id":2,"title":"독서 인증 챌린지","category":"MINDSET","startDate":"2025-08-25","maxParticipants":20,"status":"COMPLETED"}],"totalElements":1},"statusCodeValue":200,"statusCode":"OK"}
2025-10-30 16:09:37.506 [http-nio-8001-exec-4] INFO  c.x.m.c.aop.ControllerLoggingAspect - ═══════════════════════════════════════════════════════════════
2025-10-30 16:09:37.516 [http-nio-8001-exec-5] INFO  c.x.m.c.c.s.MemberDetailsService - 🔍 로그인 시도 ID: user1
2025-11-03 11:11:53.630 [restartedMain] INFO  com.xladmt.makify.MakifyApplication - Starting MakifyApplication using Java 17.0.14 with PID 56834 (/Users/oseungmin/Documents/workspace/makify/build/classes/java/main started by oseungmin in /Users/oseungmin/Documents/workspace/makify)
2025-11-03 11:11:53.631 [restartedMain] DEBUG com.xladmt.makify.MakifyApplication - Running with Spring Boot v3.4.1, Spring v6.2.1
2025-11-03 11:11:53.631 [restartedMain] INFO  com.xladmt.makify.MakifyApplication - No active profile set, falling back to 1 default profile: "default"
2025-11-03 11:11:53.644 [restartedMain] INFO  o.s.b.d.e.DevToolsPropertyDefaultsPostProcessor - Devtools property defaults active! Set 'spring.devtools.add-properties' to 'false' to disable
2025-11-03 11:11:53.644 [restartedMain] INFO  o.s.b.d.e.DevToolsPropertyDefaultsPostProcessor - For additional web related logging consider setting the 'logging.level.web' property to 'DEBUG'
2025-11-03 11:11:53.986 [restartedMain] INFO  o.s.d.r.c.RepositoryConfigurationDelegate - Multiple Spring Data modules found, entering strict repository configuration mode
2025-11-03 11:11:53.986 [restartedMain] INFO  o.s.d.r.c.RepositoryConfigurationDelegate - Bootstrapping Spring Data JPA repositories in DEFAULT mode.
2025-11-03 11:11:54.056 [restartedMain] INFO  o.s.d.r.c.RepositoryConfigurationDelegate - Finished Spring Data repository scanning in 65 ms. Found 5 JPA repository interfaces.
2025-11-03 11:11:54.063 [restartedMain] INFO  o.s.d.r.c.RepositoryConfigurationDelegate - Multiple Spring Data modules found, entering strict repository configuration mode
2025-11-03 11:11:54.063 [restartedMain] INFO  o.s.d.r.c.RepositoryConfigurationDelegate - Bootstrapping Spring Data Redis repositories in DEFAULT mode.
2025-11-03 11:11:54.070 [restartedMain] INFO  o.s.d.r.c.RepositoryConfigurationExtensionSupport - Spring Data Redis - Could not safely identify store assignment for repository candidate interface com.xladmt.makify.challenge.repository.ChallengeRepository; If you want this repository to be a Redis repository, consider annotating your entities with one of these annotations: org.springframework.data.redis.core.RedisHash (preferred), or consider extending one of the following types with your repository: org.springframework.data.keyvalue.repository.KeyValueRepository
2025-11-03 11:11:54.070 [restartedMain] INFO  o.s.d.r.c.RepositoryConfigurationExtensionSupport - Spring Data Redis - Could not safely identify store assignment for repository candidate interface com.xladmt.makify.challenge.repository.UserChallengeRepository; If you want this repository to be a Redis repository, consider annotating your entities with one of these annotations: org.springframework.data.redis.core.RedisHash (preferred), or consider extending one of the following types with your repository: org.springframework.data.keyvalue.repository.KeyValueRepository
2025-11-03 11:11:54.070 [restartedMain] INFO  o.s.d.r.c.RepositoryConfigurationExtensionSupport - Spring Data Redis - Could not safely identify store assignment for repository candidate interface com.xladmt.makify.challenge.repository.VerificationMethodRepository; If you want this repository to be a Redis repository, consider annotating your entities with one of these annotations: org.springframework.data.redis.core.RedisHash (preferred), or consider extending one of the following types with your repository: org.springframework.data.keyvalue.repository.KeyValueRepository
2025-11-03 11:11:54.070 [restartedMain] INFO  o.s.d.r.c.RepositoryConfigurationExtensionSupport - Spring Data Redis - Could not safely identify store assignment for repository candidate interface com.xladmt.makify.member.repository.MemberRepository; If you want this repository to be a Redis repository, consider annotating your entities with one of these annotations: org.springframework.data.redis.core.RedisHash (preferred), or consider extending one of the following types with your repository: org.springframework.data.keyvalue.repository.KeyValueRepository
2025-11-03 11:11:54.070 [restartedMain] INFO  o.s.d.r.c.RepositoryConfigurationExtensionSupport - Spring Data Redis - Could not safely identify store assignment for repository candidate interface com.xladmt.makify.payment.repository.PaymentRepository; If you want this repository to be a Redis repository, consider annotating your entities with one of these annotations: org.springframework.data.redis.core.RedisHash (preferred), or consider extending one of the following types with your repository: org.springframework.data.keyvalue.repository.KeyValueRepository
2025-11-03 11:11:54.070 [restartedMain] INFO  o.s.d.r.c.RepositoryConfigurationDelegate - Finished Spring Data repository scanning in 3 ms. Found 0 Redis repository interfaces.
2025-11-03 11:11:54.353 [restartedMain] INFO  o.s.b.w.e.tomcat.TomcatWebServer - Tomcat initialized with port 8001 (http)
2025-11-03 11:11:54.358 [restartedMain] INFO  o.a.coyote.http11.Http11NioProtocol - Initializing ProtocolHandler ["http-nio-8001"]
2025-11-03 11:11:54.359 [restartedMain] INFO  o.a.catalina.core.StandardService - Starting service [Tomcat]
2025-11-03 11:11:54.359 [restartedMain] INFO  o.a.catalina.core.StandardEngine - Starting Servlet engine: [Apache Tomcat/10.1.34]
2025-11-03 11:11:54.376 [restartedMain] INFO  o.a.c.c.C.[Tomcat].[localhost].[/] - Initializing Spring embedded WebApplicationContext
2025-11-03 11:11:54.376 [restartedMain] INFO  o.s.b.w.s.c.ServletWebServerApplicationContext - Root WebApplicationContext: initialization completed in 732 ms
2025-11-03 11:11:54.547 [restartedMain] INFO  o.h.jpa.internal.util.LogHelper - HHH000204: Processing PersistenceUnitInfo [name: default]
2025-11-03 11:11:54.571 [restartedMain] INFO  org.hibernate.Version - HHH000412: Hibernate ORM core version 6.6.4.Final
2025-11-03 11:11:54.585 [restartedMain] INFO  o.h.c.i.RegionFactoryInitiator - HHH000026: Second-level cache disabled
2025-11-03 11:11:54.690 [restartedMain] INFO  o.s.o.j.p.SpringPersistenceUnitInfo - No LoadTimeWeaver setup: ignoring JPA class transformer
2025-11-03 11:11:54.700 [restartedMain] INFO  com.zaxxer.hikari.HikariDataSource - HikariPool-1 - Starting...
2025-11-03 11:11:54.796 [restartedMain] INFO  com.zaxxer.hikari.pool.HikariPool - HikariPool-1 - Added connection com.mysql.cj.jdbc.ConnectionImpl@6c6a112
2025-11-03 11:11:54.796 [restartedMain] INFO  com.zaxxer.hikari.HikariDataSource - HikariPool-1 - Start completed.
2025-11-03 11:11:54.814 [restartedMain] WARN  org.hibernate.orm.deprecation - HHH90000025: MySQL8Dialect does not need to be specified explicitly using 'hibernate.dialect' (remove the property setting and it will be selected by default)
2025-11-03 11:11:54.815 [restartedMain] WARN  org.hibernate.orm.deprecation - HHH90000026: MySQL8Dialect has been deprecated; use org.hibernate.dialect.MySQLDialect instead
2025-11-03 11:11:54.820 [restartedMain] INFO  o.hibernate.orm.connections.pooling - HHH10001005: Database info:
	Database JDBC URL [Connecting through datasource 'HikariDataSource (HikariPool-1)']
	Database driver: undefined/unknown
	Database version: 8.0
	Autocommit mode: undefined/unknown
	Isolation level: undefined/unknown
	Minimum pool size: undefined/unknown
	Maximum pool size: undefined/unknown
2025-11-03 11:11:55.198 [restartedMain] INFO  o.h.e.t.j.p.i.JtaPlatformInitiator - HHH000489: No JTA platform available (set 'hibernate.transaction.jta.platform' to enable JTA platform integration)
2025-11-03 11:11:55.283 [restartedMain] INFO  o.s.o.j.LocalContainerEntityManagerFactoryBean - Initialized JPA EntityManagerFactory for persistence unit 'default'
2025-11-03 11:11:55.455 [restartedMain] DEBUG c.x.m.c.jwt.JwtAuthenticationFilter - Filter 'jwtAuthenticationFilter' configured for use
2025-11-03 11:11:55.475 [restartedMain] INFO  o.s.d.j.r.query.QueryEnhancerFactory - Hibernate is in classpath; If applicable, HQL parser will be used.
2025-11-03 11:11:56.163 [restartedMain] WARN  o.s.b.a.o.j.JpaBaseConfiguration$JpaWebConfiguration - spring.jpa.open-in-view is enabled by default. Therefore, database queries may be performed during view rendering. Explicitly configure spring.jpa.open-in-view to disable this warning
2025-11-03 11:11:56.177 [restartedMain] INFO  o.s.s.c.a.a.c.InitializeUserDetailsBeanManagerConfigurer$InitializeUserDetailsManagerConfigurer - Global AuthenticationManager configured with UserDetailsService bean with name memberDetailsService
2025-11-03 11:11:56.325 [restartedMain] WARN  o.s.s.c.a.web.builders.WebSecurity - You are asking Spring Security to ignore Deferred [Mvc [pattern='/css/**'], Ant [pattern='/css/**']]. This is not recommended -- please use permitAll via HttpSecurity#authorizeHttpRequests instead.
2025-11-03 11:11:56.325 [restartedMain] WARN  o.s.s.c.a.web.builders.WebSecurity - You are asking Spring Security to ignore Deferred [Mvc [pattern='/js/**'], Ant [pattern='/js/**']]. This is not recommended -- please use permitAll via HttpSecurity#authorizeHttpRequests instead.
2025-11-03 11:11:56.325 [restartedMain] WARN  o.s.s.c.a.web.builders.WebSecurity - You are asking Spring Security to ignore Deferred [Mvc [pattern='/images/**'], Ant [pattern='/images/**']]. This is not recommended -- please use permitAll via HttpSecurity#authorizeHttpRequests instead.
2025-11-03 11:11:56.325 [restartedMain] WARN  o.s.s.c.a.web.builders.WebSecurity - You are asking Spring Security to ignore Deferred [Mvc [pattern='/videos/**'], Ant [pattern='/videos/**']]. This is not recommended -- please use permitAll via HttpSecurity#authorizeHttpRequests instead.
2025-11-03 11:11:56.325 [restartedMain] WARN  o.s.s.c.a.web.builders.WebSecurity - You are asking Spring Security to ignore Deferred [Mvc [pattern='/favicon.ico'], Ant [pattern='/favicon.ico']]. This is not recommended -- please use permitAll via HttpSecurity#authorizeHttpRequests instead.
2025-11-03 11:11:56.325 [restartedMain] WARN  o.s.s.c.a.web.builders.WebSecurity - You are asking Spring Security to ignore Deferred [Mvc [pattern='/webjars/**'], Ant [pattern='/webjars/**']]. This is not recommended -- please use permitAll via HttpSecurity#authorizeHttpRequests instead.
2025-11-03 11:11:56.325 [restartedMain] WARN  o.s.s.c.a.web.builders.WebSecurity - You are asking Spring Security to ignore Deferred [Mvc [pattern='/static/**'], Ant [pattern='/static/**']]. This is not recommended -- please use permitAll via HttpSecurity#authorizeHttpRequests instead.
2025-11-03 11:11:56.342 [restartedMain] INFO  o.s.v.b.OptionalValidatorFactoryBean - Failed to set up a Bean Validation provider: jakarta.validation.NoProviderFoundException: Unable to create a Configuration, because no Jakarta Bean Validation provider could be found. Add a provider like Hibernate Validator (RI) to your classpath.
2025-11-03 11:11:56.564 [restartedMain] INFO  o.s.b.d.a.OptionalLiveReloadServer - LiveReload server is running on port 35729
2025-11-03 11:11:56.575 [restartedMain] INFO  o.a.coyote.http11.Http11NioProtocol - Starting ProtocolHandler ["http-nio-8001"]
2025-11-03 11:11:56.583 [restartedMain] INFO  o.s.b.w.e.tomcat.TomcatWebServer - Tomcat started on port 8001 (http) with context path '/'
2025-11-03 11:11:56.588 [restartedMain] INFO  com.xladmt.makify.MakifyApplication - Started MakifyApplication in 3.127 seconds (process running for 3.33)
2025-11-03 11:12:07.087 [http-nio-8001-exec-1] INFO  o.a.c.c.C.[Tomcat].[localhost].[/] - Initializing Spring DispatcherServlet 'dispatcherServlet'
2025-11-03 11:12:07.087 [http-nio-8001-exec-1] INFO  o.s.web.servlet.DispatcherServlet - Initializing Servlet 'dispatcherServlet'
2025-11-03 11:12:07.088 [http-nio-8001-exec-1] INFO  o.s.web.servlet.DispatcherServlet - Completed initialization in 1 ms
2025-11-03 11:12:07.108 [http-nio-8001-exec-1] INFO  c.x.m.c.aop.ControllerLoggingAspect - ═══════════════════════════════════════════════════════════════
2025-11-03 11:12:07.109 [http-nio-8001-exec-1] INFO  c.x.m.c.aop.ControllerLoggingAspect - [REQUEST] 2025-11-03 11:12:07.109
2025-11-03 11:12:07.109 [http-nio-8001-exec-1] INFO  c.x.m.c.aop.ControllerLoggingAspect -   Method: GET | URI: /
2025-11-03 11:12:07.109 [http-nio-8001-exec-1] INFO  c.x.m.c.aop.ControllerLoggingAspect -   Client IP: 0:0:0:0:0:0:0:1 | User ID: ANONYMOUS
2025-11-03 11:12:07.109 [http-nio-8001-exec-1] INFO  c.x.m.c.aop.ControllerLoggingAspect - [RESPONSE] Status: 200 | Time: 0ms
2025-11-03 11:12:07.118 [http-nio-8001-exec-1] INFO  c.x.m.c.aop.ControllerLoggingAspect -   Response Body: "home"
2025-11-03 11:12:07.118 [http-nio-8001-exec-1] INFO  c.x.m.c.aop.ControllerLoggingAspect - ═══════════════════════════════════════════════════════════════
2025-11-03 11:12:07.204 [http-nio-8001-exec-1] WARN  o.t.s.p.AbstractStandardFragmentInsertionTagProcessor - [THYMELEAF][http-nio-8001-exec-1][home] Deprecated unwrapped fragment expression "fragments/navbar :: navbar" found in template home, line 18, col 8. Please use the complete syntax of fragment expressions instead ("~{fragments/navbar :: navbar}"). The old, unwrapped syntax for fragment expressions will be removed in future versions of Thymeleaf.
2025-11-03 11:12:07.217 [http-nio-8001-exec-1] WARN  o.t.s.p.AbstractStandardFragmentInsertionTagProcessor - [THYMELEAF][http-nio-8001-exec-1][home] Deprecated unwrapped fragment expression "fragments/footer :: footer" found in template home, line 222, col 8. Please use the complete syntax of fragment expressions instead ("~{fragments/footer :: footer}"). The old, unwrapped syntax for fragment expressions will be removed in future versions of Thymeleaf.
2025-11-03 11:12:14.341 [http-nio-8001-exec-7] INFO  c.x.m.c.aop.ControllerLoggingAspect - ═══════════════════════════════════════════════════════════════
2025-11-03 11:12:14.341 [http-nio-8001-exec-7] INFO  c.x.m.c.aop.ControllerLoggingAspect - [REQUEST] 2025-11-03 11:12:14.341
2025-11-03 11:12:14.341 [http-nio-8001-exec-7] INFO  c.x.m.c.aop.ControllerLoggingAspect -   Method: GET | URI: /login
2025-11-03 11:12:14.341 [http-nio-8001-exec-7] INFO  c.x.m.c.aop.ControllerLoggingAspect -   Client IP: 0:0:0:0:0:0:0:1 | User ID: ANONYMOUS
2025-11-03 11:12:14.341 [http-nio-8001-exec-7] INFO  c.x.m.c.aop.ControllerLoggingAspect - [RESPONSE] Status: 200 | Time: 0ms
2025-11-03 11:12:14.342 [http-nio-8001-exec-7] INFO  c.x.m.c.aop.ControllerLoggingAspect -   Response Body: "member/login"
2025-11-03 11:12:14.342 [http-nio-8001-exec-7] INFO  c.x.m.c.aop.ControllerLoggingAspect - ═══════════════════════════════════════════════════════════════
2025-11-03 11:13:05.341 [File Watcher] INFO  o.s.b.d.a.LocalDevToolsAutoConfiguration$RestartingClassPathChangeChangedEventListener - Restarting due to 1 class path change (0 additions, 0 deletions, 1 modification)
2025-11-03 11:13:05.351 [Thread-5] INFO  o.s.b.w.e.tomcat.GracefulShutdown - Commencing graceful shutdown. Waiting for active requests to complete
2025-11-03 11:13:05.352 [tomcat-shutdown] INFO  o.a.coyote.http11.Http11NioProtocol - Pausing ProtocolHandler ["http-nio-8001"]
2025-11-03 11:13:05.361 [tomcat-shutdown] INFO  o.s.b.w.e.tomcat.GracefulShutdown - Graceful shutdown complete
2025-11-03 11:13:05.361 [Thread-5] INFO  o.a.coyote.http11.Http11NioProtocol - Stopping ProtocolHandler ["http-nio-8001"]
2025-11-03 11:13:05.371 [Thread-5] INFO  o.s.o.j.LocalContainerEntityManagerFactoryBean - Closing JPA EntityManagerFactory for persistence unit 'default'
2025-11-03 11:13:05.373 [Thread-5] INFO  com.zaxxer.hikari.HikariDataSource - HikariPool-1 - Shutdown initiated...
2025-11-03 11:13:05.381 [Thread-5] INFO  com.zaxxer.hikari.HikariDataSource - HikariPool-1 - Shutdown completed.
2025-11-03 11:13:05.430 [restartedMain] INFO  com.xladmt.makify.MakifyApplication - Starting MakifyApplication using Java 17.0.14 with PID 56834 (/Users/oseungmin/Documents/workspace/makify/build/classes/java/main started by oseungmin in /Users/oseungmin/Documents/workspace/makify)
2025-11-03 11:13:05.430 [restartedMain] DEBUG com.xladmt.makify.MakifyApplication - Running with Spring Boot v3.4.1, Spring v6.2.1
2025-11-03 11:13:05.430 [restartedMain] INFO  com.xladmt.makify.MakifyApplication - No active profile set, falling back to 1 default profile: "default"
2025-11-03 11:13:05.510 [restartedMain] INFO  o.s.d.r.c.RepositoryConfigurationDelegate - Multiple Spring Data modules found, entering strict repository configuration mode
2025-11-03 11:13:05.510 [restartedMain] INFO  o.s.d.r.c.RepositoryConfigurationDelegate - Bootstrapping Spring Data JPA repositories in DEFAULT mode.
2025-11-03 11:13:05.517 [restartedMain] INFO  o.s.d.r.c.RepositoryConfigurationDelegate - Finished Spring Data repository scanning in 6 ms. Found 5 JPA repository interfaces.
2025-11-03 11:13:05.518 [restartedMain] INFO  o.s.d.r.c.RepositoryConfigurationDelegate - Multiple Spring Data modules found, entering strict repository configuration mode
2025-11-03 11:13:05.518 [restartedMain] INFO  o.s.d.r.c.RepositoryConfigurationDelegate - Bootstrapping Spring Data Redis repositories in DEFAULT mode.
2025-11-03 11:13:05.519 [restartedMain] INFO  o.s.d.r.c.RepositoryConfigurationExtensionSupport - Spring Data Redis - Could not safely identify store assignment for repository candidate interface com.xladmt.makify.challenge.repository.ChallengeRepository; If you want this repository to be a Redis repository, consider annotating your entities with one of these annotations: org.springframework.data.redis.core.RedisHash (preferred), or consider extending one of the following types with your repository: org.springframework.data.keyvalue.repository.KeyValueRepository
2025-11-03 11:13:05.519 [restartedMain] INFO  o.s.d.r.c.RepositoryConfigurationExtensionSupport - Spring Data Redis - Could not safely identify store assignment for repository candidate interface com.xladmt.makify.challenge.repository.UserChallengeRepository; If you want this repository to be a Redis repository, consider annotating your entities with one of these annotations: org.springframework.data.redis.core.RedisHash (preferred), or consider extending one of the following types with your repository: org.springframework.data.keyvalue.repository.KeyValueRepository
2025-11-03 11:13:05.519 [restartedMain] INFO  o.s.d.r.c.RepositoryConfigurationExtensionSupport - Spring Data Redis - Could not safely identify store assignment for repository candidate interface com.xladmt.makify.challenge.repository.VerificationMethodRepository; If you want this repository to be a Redis repository, consider annotating your entities with one of these annotations: org.springframework.data.redis.core.RedisHash (preferred), or consider extending one of the following types with your repository: org.springframework.data.keyvalue.repository.KeyValueRepository
2025-11-03 11:13:05.520 [restartedMain] INFO  o.s.d.r.c.RepositoryConfigurationExtensionSupport - Spring Data Redis - Could not safely identify store assignment for repository candidate interface com.xladmt.makify.member.repository.MemberRepository; If you want this repository to be a Redis repository, consider annotating your entities with one of these annotations: org.springframework.data.redis.core.RedisHash (preferred), or consider extending one of the following types with your repository: org.springframework.data.keyvalue.repository.KeyValueRepository
2025-11-03 11:13:05.520 [restartedMain] INFO  o.s.d.r.c.RepositoryConfigurationExtensionSupport - Spring Data Redis - Could not safely identify store assignment for repository candidate interface com.xladmt.makify.payment.repository.PaymentRepository; If you want this repository to be a Redis repository, consider annotating your entities with one of these annotations: org.springframework.data.redis.core.RedisHash (preferred), or consider extending one of the following types with your repository: org.springframework.data.keyvalue.repository.KeyValueRepository
2025-11-03 11:13:05.520 [restartedMain] INFO  o.s.d.r.c.RepositoryConfigurationDelegate - Finished Spring Data repository scanning in 1 ms. Found 0 Redis repository interfaces.
2025-11-03 11:13:05.579 [restartedMain] INFO  o.s.b.w.e.tomcat.TomcatWebServer - Tomcat initialized with port 8001 (http)
2025-11-03 11:13:05.580 [restartedMain] INFO  o.a.coyote.http11.Http11NioProtocol - Initializing ProtocolHandler ["http-nio-8001"]
2025-11-03 11:13:05.580 [restartedMain] INFO  o.a.catalina.core.StandardService - Starting service [Tomcat]
2025-11-03 11:13:05.580 [restartedMain] INFO  o.a.catalina.core.StandardEngine - Starting Servlet engine: [Apache Tomcat/10.1.34]
2025-11-03 11:13:05.584 [restartedMain] INFO  o.a.c.c.C.[Tomcat].[localhost].[/] - Initializing Spring embedded WebApplicationContext
2025-11-03 11:13:05.584 [restartedMain] INFO  o.s.b.w.s.c.ServletWebServerApplicationContext - Root WebApplicationContext: initialization completed in 153 ms
2025-11-03 11:13:05.632 [restartedMain] INFO  o.h.jpa.internal.util.LogHelper - HHH000204: Processing PersistenceUnitInfo [name: default]
2025-11-03 11:13:05.633 [restartedMain] INFO  o.h.c.i.RegionFactoryInitiator - HHH000026: Second-level cache disabled
2025-11-03 11:13:05.637 [restartedMain] INFO  o.s.o.j.p.SpringPersistenceUnitInfo - No LoadTimeWeaver setup: ignoring JPA class transformer
2025-11-03 11:13:05.637 [restartedMain] INFO  com.zaxxer.hikari.HikariDataSource - HikariPool-2 - Starting...
2025-11-03 11:13:05.645 [restartedMain] INFO  com.zaxxer.hikari.pool.HikariPool - HikariPool-2 - Added connection com.mysql.cj.jdbc.ConnectionImpl@3c764c25
2025-11-03 11:13:05.646 [restartedMain] INFO  com.zaxxer.hikari.HikariDataSource - HikariPool-2 - Start completed.
2025-11-03 11:13:05.646 [restartedMain] WARN  org.hibernate.orm.deprecation - HHH90000025: MySQL8Dialect does not need to be specified explicitly using 'hibernate.dialect' (remove the property setting and it will be selected by default)
2025-11-03 11:13:05.646 [restartedMain] WARN  org.hibernate.orm.deprecation - HHH90000026: MySQL8Dialect has been deprecated; use org.hibernate.dialect.MySQLDialect instead
2025-11-03 11:13:05.646 [restartedMain] INFO  o.hibernate.orm.connections.pooling - HHH10001005: Database info:
	Database JDBC URL [Connecting through datasource 'HikariDataSource (HikariPool-2)']
	Database driver: undefined/unknown
	Database version: 8.0
	Autocommit mode: undefined/unknown
	Isolation level: undefined/unknown
	Minimum pool size: undefined/unknown
	Maximum pool size: undefined/unknown
2025-11-03 11:13:05.710 [restartedMain] INFO  o.h.e.t.j.p.i.JtaPlatformInitiator - HHH000489: No JTA platform available (set 'hibernate.transaction.jta.platform' to enable JTA platform integration)
2025-11-03 11:13:05.777 [restartedMain] INFO  o.s.o.j.LocalContainerEntityManagerFactoryBean - Initialized JPA EntityManagerFactory for persistence unit 'default'
2025-11-03 11:13:05.847 [restartedMain] DEBUG c.x.m.c.jwt.JwtAuthenticationFilter - Filter 'jwtAuthenticationFilter' configured for use
2025-11-03 11:13:05.951 [restartedMain] WARN  o.s.b.a.o.j.JpaBaseConfiguration$JpaWebConfiguration - spring.jpa.open-in-view is enabled by default. Therefore, database queries may be performed during view rendering. Explicitly configure spring.jpa.open-in-view to disable this warning
2025-11-03 11:13:05.959 [restartedMain] INFO  o.s.s.c.a.a.c.InitializeUserDetailsBeanManagerConfigurer$InitializeUserDetailsManagerConfigurer - Global AuthenticationManager configured with UserDetailsService bean with name memberDetailsService
2025-11-03 11:13:06.039 [restartedMain] WARN  o.s.s.c.a.web.builders.WebSecurity - You are asking Spring Security to ignore Deferred [Mvc [pattern='/css/**'], Ant [pattern='/css/**']]. This is not recommended -- please use permitAll via HttpSecurity#authorizeHttpRequests instead.
2025-11-03 11:13:06.039 [restartedMain] WARN  o.s.s.c.a.web.builders.WebSecurity - You are asking Spring Security to ignore Deferred [Mvc [pattern='/js/**'], Ant [pattern='/js/**']]. This is not recommended -- please use permitAll via HttpSecurity#authorizeHttpRequests instead.
2025-11-03 11:13:06.039 [restartedMain] WARN  o.s.s.c.a.web.builders.WebSecurity - You are asking Spring Security to ignore Deferred [Mvc [pattern='/images/**'], Ant [pattern='/images/**']]. This is not recommended -- please use permitAll via HttpSecurity#authorizeHttpRequests instead.
2025-11-03 11:13:06.039 [restartedMain] WARN  o.s.s.c.a.web.builders.WebSecurity - You are asking Spring Security to ignore Deferred [Mvc [pattern='/videos/**'], Ant [pattern='/videos/**']]. This is not recommended -- please use permitAll via HttpSecurity#authorizeHttpRequests instead.
2025-11-03 11:13:06.039 [restartedMain] WARN  o.s.s.c.a.web.builders.WebSecurity - You are asking Spring Security to ignore Deferred [Mvc [pattern='/favicon.ico'], Ant [pattern='/favicon.ico']]. This is not recommended -- please use permitAll via HttpSecurity#authorizeHttpRequests instead.
2025-11-03 11:13:06.039 [restartedMain] WARN  o.s.s.c.a.web.builders.WebSecurity - You are asking Spring Security to ignore Deferred [Mvc [pattern='/webjars/**'], Ant [pattern='/webjars/**']]. This is not recommended -- please use permitAll via HttpSecurity#authorizeHttpRequests instead.
2025-11-03 11:13:06.039 [restartedMain] WARN  o.s.s.c.a.web.builders.WebSecurity - You are asking Spring Security to ignore Deferred [Mvc [pattern='/static/**'], Ant [pattern='/static/**']]. This is not recommended -- please use permitAll via HttpSecurity#authorizeHttpRequests instead.
2025-11-03 11:13:06.048 [restartedMain] INFO  o.s.v.b.OptionalValidatorFactoryBean - Failed to set up a Bean Validation provider: jakarta.validation.NoProviderFoundException: Unable to create a Configuration, because no Jakarta Bean Validation provider could be found. Add a provider like Hibernate Validator (RI) to your classpath.
2025-11-03 11:13:06.158 [restartedMain] INFO  o.s.b.d.a.OptionalLiveReloadServer - LiveReload server is running on port 35729
2025-11-03 11:13:06.167 [restartedMain] INFO  o.a.coyote.http11.Http11NioProtocol - Starting ProtocolHandler ["http-nio-8001"]
2025-11-03 11:13:06.168 [restartedMain] INFO  o.s.b.w.e.tomcat.TomcatWebServer - Tomcat started on port 8001 (http) with context path '/'
2025-11-03 11:13:06.170 [restartedMain] INFO  com.xladmt.makify.MakifyApplication - Started MakifyApplication in 0.752 seconds (process running for 72.913)
2025-11-03 11:13:06.171 [restartedMain] INFO  o.s.b.d.a.ConditionEvaluationDeltaLoggingListener - Condition evaluation unchanged
2025-11-03 11:13:17.773 [http-nio-8001-exec-1] INFO  o.a.c.c.C.[Tomcat].[localhost].[/] - Initializing Spring DispatcherServlet 'dispatcherServlet'
2025-11-03 11:13:17.774 [http-nio-8001-exec-1] INFO  o.s.web.servlet.DispatcherServlet - Initializing Servlet 'dispatcherServlet'
2025-11-03 11:13:17.776 [http-nio-8001-exec-1] INFO  o.s.web.servlet.DispatcherServlet - Completed initialization in 2 ms
2025-11-03 11:13:17.780 [http-nio-8001-exec-1] INFO  c.x.m.c.aop.ControllerLoggingAspect - ═══════════════════════════════════════════════════════════════
2025-11-03 11:13:17.781 [http-nio-8001-exec-1] INFO  c.x.m.c.aop.ControllerLoggingAspect - [REQUEST] 2025-11-03 11:13:17.780
2025-11-03 11:13:17.781 [http-nio-8001-exec-1] INFO  c.x.m.c.aop.ControllerLoggingAspect -   Method: GET | URI: /
2025-11-03 11:13:17.781 [http-nio-8001-exec-1] INFO  c.x.m.c.aop.ControllerLoggingAspect -   Client IP: 0:0:0:0:0:0:0:1 | User ID: ANONYMOUS
2025-11-03 11:13:17.782 [http-nio-8001-exec-1] INFO  c.x.m.c.aop.ControllerLoggingAspect - [RESPONSE] Status: 200 | Time: 0ms
2025-11-03 11:13:17.783 [http-nio-8001-exec-1] INFO  c.x.m.c.aop.ControllerLoggingAspect -   Response Body: "home"
2025-11-03 11:13:17.784 [http-nio-8001-exec-1] INFO  c.x.m.c.aop.ControllerLoggingAspect - ═══════════════════════════════════════════════════════════════
2025-11-03 11:13:17.811 [http-nio-8001-exec-1] WARN  o.t.s.p.AbstractStandardFragmentInsertionTagProcessor - [THYMELEAF][http-nio-8001-exec-1][home] Deprecated unwrapped fragment expression "fragments/navbar :: navbar" found in template home, line 18, col 8. Please use the complete syntax of fragment expressions instead ("~{fragments/navbar :: navbar}"). The old, unwrapped syntax for fragment expressions will be removed in future versions of Thymeleaf.
2025-11-03 11:13:17.816 [http-nio-8001-exec-1] WARN  o.t.s.p.AbstractStandardFragmentInsertionTagProcessor - [THYMELEAF][http-nio-8001-exec-1][home] Deprecated unwrapped fragment expression "fragments/footer :: footer" found in template home, line 222, col 8. Please use the complete syntax of fragment expressions instead ("~{fragments/footer :: footer}"). The old, unwrapped syntax for fragment expressions will be removed in future versions of Thymeleaf.
2025-11-03 11:13:25.001 [http-nio-8001-exec-7] INFO  c.x.m.c.aop.ControllerLoggingAspect - ═══════════════════════════════════════════════════════════════
2025-11-03 11:13:25.002 [http-nio-8001-exec-7] INFO  c.x.m.c.aop.ControllerLoggingAspect - [REQUEST] 2025-11-03 11:13:25.002
2025-11-03 11:13:25.002 [http-nio-8001-exec-7] INFO  c.x.m.c.aop.ControllerLoggingAspect -   Method: GET | URI: /login
2025-11-03 11:13:25.002 [http-nio-8001-exec-7] INFO  c.x.m.c.aop.ControllerLoggingAspect -   Client IP: 0:0:0:0:0:0:0:1 | User ID: ANONYMOUS
2025-11-03 11:13:25.003 [http-nio-8001-exec-7] INFO  c.x.m.c.aop.ControllerLoggingAspect - [RESPONSE] Status: 200 | Time: 1ms
2025-11-03 11:13:25.003 [http-nio-8001-exec-7] INFO  c.x.m.c.aop.ControllerLoggingAspect -   Response Body: "member/login"
2025-11-03 11:13:25.003 [http-nio-8001-exec-7] INFO  c.x.m.c.aop.ControllerLoggingAspect - ═══════════════════════════════════════════════════════════════
2025-11-03 11:13:28.988 [http-nio-8001-exec-9] INFO  c.x.makify.common.jwt.JwtLoginFilter - 로그인 필터 들어옴
2025-11-03 11:13:28.990 [http-nio-8001-exec-9] INFO  c.x.makify.common.jwt.JwtLoginFilter - 🚨 [RAW BODY] {"loginId":"user1","password":"1234"}
2025-11-03 11:13:28.990 [http-nio-8001-exec-9] INFO  c.x.makify.common.jwt.JwtLoginFilter - Content-Type: application/json
2025-11-03 11:13:29.027 [http-nio-8001-exec-9] INFO  c.x.m.c.c.s.MemberDetailsService - 🔍 로그인 시도 ID: user1
2025-11-03 11:13:29.207 [http-nio-8001-exec-9] INFO  c.x.makify.common.jwt.JwtLoginFilter - 토큰 발급: loginId=user1
2025-11-03 11:13:29.228 [http-nio-8001-exec-10] INFO  c.x.m.c.c.s.MemberDetailsService - 🔍 로그인 시도 ID: user1
2025-11-03 11:13:29.230 [http-nio-8001-exec-10] INFO  c.x.m.c.aop.ControllerLoggingAspect - ═══════════════════════════════════════════════════════════════
2025-11-03 11:13:29.230 [http-nio-8001-exec-10] INFO  c.x.m.c.aop.ControllerLoggingAspect - [REQUEST] 2025-11-03 11:13:29.230
2025-11-03 11:13:29.230 [http-nio-8001-exec-10] INFO  c.x.m.c.aop.ControllerLoggingAspect -   Method: GET | URI: /
2025-11-03 11:13:29.230 [http-nio-8001-exec-10] INFO  c.x.m.c.aop.ControllerLoggingAspect -   Client IP: 0:0:0:0:0:0:0:1 | User ID: ANONYMOUS
2025-11-03 11:13:29.230 [http-nio-8001-exec-10] INFO  c.x.m.c.aop.ControllerLoggingAspect - [RESPONSE] Status: 200 | Time: 0ms
2025-11-03 11:13:29.230 [http-nio-8001-exec-10] INFO  c.x.m.c.aop.ControllerLoggingAspect -   Response Body: "home"
2025-11-03 11:13:29.230 [http-nio-8001-exec-10] INFO  c.x.m.c.aop.ControllerLoggingAspect - ═══════════════════════════════════════════════════════════════
2025-11-03 11:13:29.231 [http-nio-8001-exec-10] WARN  o.t.s.p.AbstractStandardFragmentInsertionTagProcessor - [THYMELEAF][http-nio-8001-exec-10][home] Deprecated unwrapped fragment expression "fragments/navbar :: navbar" found in template home, line 18, col 8. Please use the complete syntax of fragment expressions instead ("~{fragments/navbar :: navbar}"). The old, unwrapped syntax for fragment expressions will be removed in future versions of Thymeleaf.
2025-11-03 11:13:29.233 [http-nio-8001-exec-10] WARN  o.t.s.p.AbstractStandardFragmentInsertionTagProcessor - [THYMELEAF][http-nio-8001-exec-10][home] Deprecated unwrapped fragment expression "fragments/footer :: footer" found in template home, line 222, col 8. Please use the complete syntax of fragment expressions instead ("~{fragments/footer :: footer}"). The old, unwrapped syntax for fragment expressions will be removed in future versions of Thymeleaf.
2025-11-03 11:13:29.242 [http-nio-8001-exec-1] INFO  c.x.m.c.c.s.MemberDetailsService - 🔍 로그인 시도 ID: user1
2025-11-03 11:13:29.242 [http-nio-8001-exec-5] INFO  c.x.m.c.c.s.MemberDetailsService - 🔍 로그인 시도 ID: user1
2025-11-03 11:13:29.242 [http-nio-8001-exec-2] INFO  c.x.m.c.c.s.MemberDetailsService - 🔍 로그인 시도 ID: user1
2025-11-03 11:13:29.242 [http-nio-8001-exec-4] INFO  c.x.m.c.c.s.MemberDetailsService - 🔍 로그인 시도 ID: user1
2025-11-03 11:13:32.760 [http-nio-8001-exec-3] INFO  c.x.m.c.c.s.MemberDetailsService - 🔍 로그인 시도 ID: user1
2025-11-03 11:13:32.783 [http-nio-8001-exec-3] INFO  c.x.m.c.aop.ControllerLoggingAspect - ═══════════════════════════════════════════════════════════════
2025-11-03 11:13:32.784 [http-nio-8001-exec-3] INFO  c.x.m.c.aop.ControllerLoggingAspect - [REQUEST] 2025-11-03 11:13:32.784
2025-11-03 11:13:32.784 [http-nio-8001-exec-3] INFO  c.x.m.c.aop.ControllerLoggingAspect -   Method: GET | URI: /challenges/1
2025-11-03 11:13:32.784 [http-nio-8001-exec-3] INFO  c.x.m.c.aop.ControllerLoggingAspect -   Client IP: 0:0:0:0:0:0:0:1 | User ID: ANONYMOUS
2025-11-03 11:13:32.792 [http-nio-8001-exec-3] INFO  c.x.m.c.aop.ServiceLoggingAspect - ───────────────────────────────────────────────────────────────
2025-11-03 11:13:32.792 [http-nio-8001-exec-3] INFO  c.x.m.c.aop.ServiceLoggingAspect - [SERVICE START] ChallengeServiceImpl.getChallenge
2025-11-03 11:13:32.792 [http-nio-8001-exec-3] INFO  c.x.m.c.aop.ServiceLoggingAspect -   Parameters: [user1, 1]
2025-11-03 11:13:32.817 [http-nio-8001-exec-3] INFO  c.x.m.c.aop.ServiceLoggingAspect - [SERVICE END] ChallengeServiceImpl.getChallenge
2025-11-03 11:13:32.824 [http-nio-8001-exec-3] DEBUG c.x.m.c.util.SensitiveDataMasker - Object serialization failed: Java 8 date/time type `java.time.LocalDate` not supported by default: add Module "com.fasterxml.jackson.datatype:jackson-datatype-jsr310" to enable handling (through reference chain: com.xladmt.makify.challenge.dto.ChallengeDetailResponse["startDate"])
2025-11-03 11:13:32.824 [http-nio-8001-exec-3] INFO  c.x.m.c.aop.ServiceLoggingAspect -   Return Value: [ChallengeDetailResponse]
2025-11-03 11:13:32.824 [http-nio-8001-exec-3] INFO  c.x.m.c.aop.ServiceLoggingAspect -   Execution Time: 25ms
2025-11-03 11:13:32.824 [http-nio-8001-exec-3] INFO  c.x.m.c.aop.ServiceLoggingAspect - ───────────────────────────────────────────────────────────────
2025-11-03 11:13:32.826 [http-nio-8001-exec-3] INFO  c.x.m.c.aop.ControllerLoggingAspect - [RESPONSE] Status: 200 | Time: 42ms
2025-11-03 11:13:32.826 [http-nio-8001-exec-3] INFO  c.x.m.c.aop.ControllerLoggingAspect -   Response Body: "challenge/detail"
2025-11-03 11:13:32.826 [http-nio-8001-exec-3] INFO  c.x.m.c.aop.ControllerLoggingAspect - ═══════════════════════════════════════════════════════════════
2025-11-03 11:13:32.829 [http-nio-8001-exec-3] WARN  o.t.s.p.AbstractStandardFragmentInsertionTagProcessor - [THYMELEAF][http-nio-8001-exec-3][challenge/detail] Deprecated unwrapped fragment expression "fragments/navbar :: navbar" found in template challenge/detail, line 16, col 10. Please use the complete syntax of fragment expressions instead ("~{fragments/navbar :: navbar}"). The old, unwrapped syntax for fragment expressions will be removed in future versions of Thymeleaf.
2025-11-03 11:13:32.835 [http-nio-8001-exec-3] WARN  o.t.s.p.AbstractStandardFragmentInsertionTagProcessor - [THYMELEAF][http-nio-8001-exec-3][challenge/detail] Deprecated unwrapped fragment expression "fragments/footer :: footer" found in template challenge/detail, line 212, col 10. Please use the complete syntax of fragment expressions instead ("~{fragments/footer :: footer}"). The old, unwrapped syntax for fragment expressions will be removed in future versions of Thymeleaf.
2025-11-03 11:13:32.850 [http-nio-8001-exec-7] INFO  c.x.m.c.c.s.MemberDetailsService - 🔍 로그인 시도 ID: user1
2025-11-03 11:13:32.850 [http-nio-8001-exec-8] INFO  c.x.m.c.c.s.MemberDetailsService - 🔍 로그인 시도 ID: user1
2025-11-03 11:13:32.850 [http-nio-8001-exec-6] INFO  c.x.m.c.c.s.MemberDetailsService - 🔍 로그인 시도 ID: user1
2025-11-03 11:13:32.850 [http-nio-8001-exec-9] INFO  c.x.m.c.c.s.MemberDetailsService - 🔍 로그인 시도 ID: user1
2025-11-03 11:13:32.851 [http-nio-8001-exec-10] INFO  c.x.m.c.c.s.MemberDetailsService - 🔍 로그인 시도 ID: user1
2025-11-03 11:13:38.322 [http-nio-8001-exec-2] INFO  c.x.m.c.c.s.MemberDetailsService - 🔍 로그인 시도 ID: user1
2025-11-03 11:13:38.332 [http-nio-8001-exec-2] INFO  c.x.m.c.aop.ControllerLoggingAspect - ═══════════════════════════════════════════════════════════════
2025-11-03 11:13:38.332 [http-nio-8001-exec-2] INFO  c.x.m.c.aop.ControllerLoggingAspect - [REQUEST] 2025-11-03 11:13:38.332
2025-11-03 11:13:38.333 [http-nio-8001-exec-2] INFO  c.x.m.c.aop.ControllerLoggingAspect -   Method: GET | URI: /challenges/2
2025-11-03 11:13:38.333 [http-nio-8001-exec-2] INFO  c.x.m.c.aop.ControllerLoggingAspect -   Client IP: 0:0:0:0:0:0:0:1 | User ID: ANONYMOUS
2025-11-03 11:13:38.335 [http-nio-8001-exec-2] INFO  c.x.m.c.aop.ServiceLoggingAspect - ───────────────────────────────────────────────────────────────
2025-11-03 11:13:38.335 [http-nio-8001-exec-2] INFO  c.x.m.c.aop.ServiceLoggingAspect - [SERVICE START] ChallengeServiceImpl.getChallenge
2025-11-03 11:13:38.335 [http-nio-8001-exec-2] INFO  c.x.m.c.aop.ServiceLoggingAspect -   Parameters: [user1, 2]
2025-11-03 11:13:38.352 [http-nio-8001-exec-2] INFO  c.x.m.c.aop.ServiceLoggingAspect - [SERVICE END] ChallengeServiceImpl.getChallenge
2025-11-03 11:13:38.353 [http-nio-8001-exec-2] DEBUG c.x.m.c.util.SensitiveDataMasker - Object serialization failed: Java 8 date/time type `java.time.LocalDate` not supported by default: add Module "com.fasterxml.jackson.datatype:jackson-datatype-jsr310" to enable handling (through reference chain: com.xladmt.makify.challenge.dto.ChallengeDetailResponse["startDate"])
2025-11-03 11:13:38.353 [http-nio-8001-exec-2] INFO  c.x.m.c.aop.ServiceLoggingAspect -   Return Value: [ChallengeDetailResponse]
2025-11-03 11:13:38.353 [http-nio-8001-exec-2] INFO  c.x.m.c.aop.ServiceLoggingAspect -   Execution Time: 17ms
2025-11-03 11:13:38.353 [http-nio-8001-exec-2] INFO  c.x.m.c.aop.ServiceLoggingAspect - ───────────────────────────────────────────────────────────────
2025-11-03 11:13:38.355 [http-nio-8001-exec-2] INFO  c.x.m.c.aop.ControllerLoggingAspect - [RESPONSE] Status: 200 | Time: 22ms
2025-11-03 11:13:38.355 [http-nio-8001-exec-2] INFO  c.x.m.c.aop.ControllerLoggingAspect -   Response Body: "challenge/detail"
2025-11-03 11:13:38.356 [http-nio-8001-exec-2] INFO  c.x.m.c.aop.ControllerLoggingAspect - ═══════════════════════════════════════════════════════════════
2025-11-03 11:13:38.359 [http-nio-8001-exec-2] WARN  o.t.s.p.AbstractStandardFragmentInsertionTagProcessor - [THYMELEAF][http-nio-8001-exec-2][challenge/detail] Deprecated unwrapped fragment expression "fragments/navbar :: navbar" found in template challenge/detail, line 16, col 10. Please use the complete syntax of fragment expressions instead ("~{fragments/navbar :: navbar}"). The old, unwrapped syntax for fragment expressions will be removed in future versions of Thymeleaf.
2025-11-03 11:13:38.363 [http-nio-8001-exec-2] WARN  o.t.s.p.AbstractStandardFragmentInsertionTagProcessor - [THYMELEAF][http-nio-8001-exec-2][challenge/detail] Deprecated unwrapped fragment expression "fragments/footer :: footer" found in template challenge/detail, line 212, col 10. Please use the complete syntax of fragment expressions instead ("~{fragments/footer :: footer}"). The old, unwrapped syntax for fragment expressions will be removed in future versions of Thymeleaf.
2025-11-03 11:13:38.381 [http-nio-8001-exec-5] INFO  c.x.m.c.c.s.MemberDetailsService - 🔍 로그인 시도 ID: user1
2025-11-03 11:13:38.381 [http-nio-8001-exec-4] INFO  c.x.m.c.c.s.MemberDetailsService - 🔍 로그인 시도 ID: user1
2025-11-03 11:13:38.381 [http-nio-8001-exec-1] INFO  c.x.m.c.c.s.MemberDetailsService - 🔍 로그인 시도 ID: user1
2025-11-03 11:13:38.381 [http-nio-8001-exec-7] INFO  c.x.m.c.c.s.MemberDetailsService - 🔍 로그인 시도 ID: user1
2025-11-03 11:13:38.381 [http-nio-8001-exec-3] INFO  c.x.m.c.c.s.MemberDetailsService - 🔍 로그인 시도 ID: user1
2025-11-03 11:13:44.307 [http-nio-8001-exec-6] INFO  c.x.m.c.c.s.MemberDetailsService - 🔍 로그인 시도 ID: user1
2025-11-03 11:13:44.316 [http-nio-8001-exec-6] INFO  c.x.m.c.aop.ControllerLoggingAspect - ═══════════════════════════════════════════════════════════════
2025-11-03 11:13:44.317 [http-nio-8001-exec-6] INFO  c.x.m.c.aop.ControllerLoggingAspect - [REQUEST] 2025-11-03 11:13:44.317
2025-11-03 11:13:44.317 [http-nio-8001-exec-6] INFO  c.x.m.c.aop.ControllerLoggingAspect -   Method: GET | URI: /challenges/3
2025-11-03 11:13:44.317 [http-nio-8001-exec-6] INFO  c.x.m.c.aop.ControllerLoggingAspect -   Client IP: 0:0:0:0:0:0:0:1 | User ID: ANONYMOUS
2025-11-03 11:13:44.319 [http-nio-8001-exec-6] INFO  c.x.m.c.aop.ServiceLoggingAspect - ───────────────────────────────────────────────────────────────
2025-11-03 11:13:44.319 [http-nio-8001-exec-6] INFO  c.x.m.c.aop.ServiceLoggingAspect - [SERVICE START] ChallengeServiceImpl.getChallenge
2025-11-03 11:13:44.319 [http-nio-8001-exec-6] INFO  c.x.m.c.aop.ServiceLoggingAspect -   Parameters: [user1, 3]
2025-11-03 11:13:44.335 [http-nio-8001-exec-6] INFO  c.x.m.c.aop.ServiceLoggingAspect - [SERVICE END] ChallengeServiceImpl.getChallenge
2025-11-03 11:13:44.336 [http-nio-8001-exec-6] DEBUG c.x.m.c.util.SensitiveDataMasker - Object serialization failed: Java 8 date/time type `java.time.LocalDate` not supported by default: add Module "com.fasterxml.jackson.datatype:jackson-datatype-jsr310" to enable handling (through reference chain: com.xladmt.makify.challenge.dto.ChallengeDetailResponse["startDate"])
2025-11-03 11:13:44.336 [http-nio-8001-exec-6] INFO  c.x.m.c.aop.ServiceLoggingAspect -   Return Value: [ChallengeDetailResponse]
2025-11-03 11:13:44.336 [http-nio-8001-exec-6] INFO  c.x.m.c.aop.ServiceLoggingAspect -   Execution Time: 16ms
2025-11-03 11:13:44.336 [http-nio-8001-exec-6] INFO  c.x.m.c.aop.ServiceLoggingAspect - ───────────────────────────────────────────────────────────────
2025-11-03 11:13:44.337 [http-nio-8001-exec-6] INFO  c.x.m.c.aop.ControllerLoggingAspect - [RESPONSE] Status: 200 | Time: 20ms
2025-11-03 11:13:44.337 [http-nio-8001-exec-6] INFO  c.x.m.c.aop.ControllerLoggingAspect -   Response Body: "challenge/detail"
2025-11-03 11:13:44.337 [http-nio-8001-exec-6] INFO  c.x.m.c.aop.ControllerLoggingAspect - ═══════════════════════════════════════════════════════════════
2025-11-03 11:13:44.339 [http-nio-8001-exec-6] WARN  o.t.s.p.AbstractStandardFragmentInsertionTagProcessor - [THYMELEAF][http-nio-8001-exec-6][challenge/detail] Deprecated unwrapped fragment expression "fragments/navbar :: navbar" found in template challenge/detail, line 16, col 10. Please use the complete syntax of fragment expressions instead ("~{fragments/navbar :: navbar}"). The old, unwrapped syntax for fragment expressions will be removed in future versions of Thymeleaf.
2025-11-03 11:13:44.343 [http-nio-8001-exec-6] WARN  o.t.s.p.AbstractStandardFragmentInsertionTagProcessor - [THYMELEAF][http-nio-8001-exec-6][challenge/detail] Deprecated unwrapped fragment expression "fragments/footer :: footer" found in template challenge/detail, line 212, col 10. Please use the complete syntax of fragment expressions instead ("~{fragments/footer :: footer}"). The old, unwrapped syntax for fragment expressions will be removed in future versions of Thymeleaf.
2025-11-03 11:13:44.356 [http-nio-8001-exec-4] INFO  c.x.m.c.c.s.MemberDetailsService - 🔍 로그인 시도 ID: user1
2025-11-03 11:13:44.356 [http-nio-8001-exec-10] INFO  c.x.m.c.c.s.MemberDetailsService - 🔍 로그인 시도 ID: user1
2025-11-03 11:13:44.356 [http-nio-8001-exec-9] INFO  c.x.m.c.c.s.MemberDetailsService - 🔍 로그인 시도 ID: user1
2025-11-03 11:13:44.356 [http-nio-8001-exec-8] INFO  c.x.m.c.c.s.MemberDetailsService - 🔍 로그인 시도 ID: user1
2025-11-03 11:13:44.356 [http-nio-8001-exec-2] INFO  c.x.m.c.c.s.MemberDetailsService - 🔍 로그인 시도 ID: user1
2025-11-03 11:13:50.177 [http-nio-8001-exec-3] INFO  c.x.m.c.c.s.MemberDetailsService - 🔍 로그인 시도 ID: user1
2025-11-03 11:13:50.186 [http-nio-8001-exec-3] INFO  c.x.m.c.aop.ControllerLoggingAspect - ═══════════════════════════════════════════════════════════════
2025-11-03 11:13:50.187 [http-nio-8001-exec-3] INFO  c.x.m.c.aop.ControllerLoggingAspect - [REQUEST] 2025-11-03 11:13:50.187
2025-11-03 11:13:50.187 [http-nio-8001-exec-3] INFO  c.x.m.c.aop.ControllerLoggingAspect -   Method: GET | URI: /challenges
2025-11-03 11:13:50.187 [http-nio-8001-exec-3] INFO  c.x.m.c.aop.ControllerLoggingAspect -   Client IP: 0:0:0:0:0:0:0:1 | User ID: ANONYMOUS
2025-11-03 11:13:50.188 [http-nio-8001-exec-3] INFO  c.x.m.c.aop.ServiceLoggingAspect - ───────────────────────────────────────────────────────────────
2025-11-03 11:13:50.188 [http-nio-8001-exec-3] INFO  c.x.m.c.aop.ServiceLoggingAspect - [SERVICE START] ChallengeServiceImpl.getAllVisibleChallenges
2025-11-03 11:13:50.414 [http-nio-8001-exec-3] INFO  c.x.m.c.aop.ServiceLoggingAspect - [SERVICE END] ChallengeServiceImpl.getAllVisibleChallenges
2025-11-03 11:13:50.414 [http-nio-8001-exec-3] INFO  c.x.m.c.aop.ServiceLoggingAspect -   Return Value: [Collection of 19024 items]
2025-11-03 11:13:50.414 [http-nio-8001-exec-3] INFO  c.x.m.c.aop.ServiceLoggingAspect -   Execution Time: 226ms
2025-11-03 11:13:50.414 [http-nio-8001-exec-3] INFO  c.x.m.c.aop.ServiceLoggingAspect - ───────────────────────────────────────────────────────────────
2025-11-03 11:13:50.417 [http-nio-8001-exec-3] INFO  c.x.m.c.aop.ControllerLoggingAspect - [RESPONSE] Status: 200 | Time: 230ms
2025-11-03 11:13:50.417 [http-nio-8001-exec-3] INFO  c.x.m.c.aop.ControllerLoggingAspect -   Response Body: "challenge/challenges"
2025-11-03 11:13:50.418 [http-nio-8001-exec-3] INFO  c.x.m.c.aop.ControllerLoggingAspect - ═══════════════════════════════════════════════════════════════
2025-11-03 11:13:50.419 [http-nio-8001-exec-3] WARN  o.t.s.p.AbstractStandardFragmentInsertionTagProcessor - [THYMELEAF][http-nio-8001-exec-3][challenge/challenges] Deprecated unwrapped fragment expression "fragments/navbar :: navbar" found in template challenge/challenges, line 16, col 6. Please use the complete syntax of fragment expressions instead ("~{fragments/navbar :: navbar}"). The old, unwrapped syntax for fragment expressions will be removed in future versions of Thymeleaf.
2025-11-03 11:13:50.426 [http-nio-8001-exec-3] WARN  o.t.s.p.AbstractStandardFragmentInsertionTagProcessor - [THYMELEAF][http-nio-8001-exec-3][challenge/challenges] Deprecated unwrapped fragment expression "fragments/footer :: footer" found in template challenge/challenges, line 136, col 6. Please use the complete syntax of fragment expressions instead ("~{fragments/footer :: footer}"). The old, unwrapped syntax for fragment expressions will be removed in future versions of Thymeleaf.
2025-11-03 11:13:50.436 [http-nio-8001-exec-6] INFO  c.x.m.c.c.s.MemberDetailsService - 🔍 로그인 시도 ID: user1
2025-11-03 11:13:50.436 [http-nio-8001-exec-5] INFO  c.x.m.c.c.s.MemberDetailsService - 🔍 로그인 시도 ID: user1
2025-11-03 11:13:50.436 [http-nio-8001-exec-4] INFO  c.x.m.c.c.s.MemberDetailsService - 🔍 로그인 시도 ID: user1
2025-11-03 11:13:50.437 [http-nio-8001-exec-7] INFO  c.x.m.c.c.s.MemberDetailsService - 🔍 로그인 시도 ID: user1
2025-11-03 11:13:50.437 [http-nio-8001-exec-1] INFO  c.x.m.c.c.s.MemberDetailsService - 🔍 로그인 시도 ID: user1
2025-11-03 11:13:52.869 [http-nio-8001-exec-10] INFO  c.x.m.c.c.s.MemberDetailsService - 🔍 로그인 시도 ID: user1
2025-11-03 11:13:52.885 [http-nio-8001-exec-10] WARN  o.s.w.s.m.m.a.ExceptionHandlerExceptionResolver - Resolved [org.springframework.web.servlet.resource.NoResourceFoundException: No static resource community.]
2025-11-03 11:13:57.005 [http-nio-8001-exec-9] INFO  c.x.m.c.c.s.MemberDetailsService - 🔍 로그인 시도 ID: user1
2025-11-03 11:13:57.020 [http-nio-8001-exec-9] WARN  o.s.w.s.m.m.a.ExceptionHandlerExceptionResolver - Resolved [org.springframework.web.servlet.resource.NoResourceFoundException: No static resource ranking.]
2025-11-03 11:13:59.740 [http-nio-8001-exec-2] INFO  c.x.m.c.c.s.MemberDetailsService - 🔍 로그인 시도 ID: user1
2025-11-03 11:13:59.750 [http-nio-8001-exec-2] WARN  o.s.w.s.m.m.a.ExceptionHandlerExceptionResolver - Resolved [org.springframework.web.servlet.resource.NoResourceFoundException: No static resource notifications.]
2025-11-03 11:14:02.805 [http-nio-8001-exec-8] INFO  c.x.m.c.c.s.MemberDetailsService - 🔍 로그인 시도 ID: user1
2025-11-03 11:14:02.816 [http-nio-8001-exec-8] WARN  o.s.w.s.m.m.a.ExceptionHandlerExceptionResolver - Resolved [org.springframework.web.servlet.resource.NoResourceFoundException: No static resource notifications.]
2025-11-03 11:14:05.725 [http-nio-8001-exec-3] INFO  c.x.m.c.c.s.MemberDetailsService - 🔍 로그인 시도 ID: user1
2025-11-03 11:14:05.733 [http-nio-8001-exec-3] INFO  c.x.m.c.aop.ControllerLoggingAspect - ═══════════════════════════════════════════════════════════════
2025-11-03 11:14:05.733 [http-nio-8001-exec-3] INFO  c.x.m.c.aop.ControllerLoggingAspect - [REQUEST] 2025-11-03 11:14:05.733
2025-11-03 11:14:05.733 [http-nio-8001-exec-3] INFO  c.x.m.c.aop.ControllerLoggingAspect -   Method: GET | URI: /mypage
2025-11-03 11:14:05.733 [http-nio-8001-exec-3] INFO  c.x.m.c.aop.ControllerLoggingAspect -   Client IP: 0:0:0:0:0:0:0:1 | User ID: ANONYMOUS
2025-11-03 11:14:05.733 [http-nio-8001-exec-3] INFO  c.x.m.c.aop.ControllerLoggingAspect - [RESPONSE] Status: 200 | Time: 0ms
2025-11-03 11:14:05.734 [http-nio-8001-exec-3] INFO  c.x.m.c.aop.ControllerLoggingAspect -   Response Body: "member/mypage"
2025-11-03 11:14:05.734 [http-nio-8001-exec-3] INFO  c.x.m.c.aop.ControllerLoggingAspect - ═══════════════════════════════════════════════════════════════
2025-11-03 11:14:05.738 [http-nio-8001-exec-3] WARN  o.t.s.p.AbstractStandardFragmentInsertionTagProcessor - [THYMELEAF][http-nio-8001-exec-3][member/mypage] Deprecated unwrapped fragment expression "fragments/navbar :: navbar" found in template member/mypage, line 16, col 6. Please use the complete syntax of fragment expressions instead ("~{fragments/navbar :: navbar}"). The old, unwrapped syntax for fragment expressions will be removed in future versions of Thymeleaf.
2025-11-03 11:14:05.742 [http-nio-8001-exec-3] WARN  o.t.s.p.AbstractStandardFragmentInsertionTagProcessor - [THYMELEAF][http-nio-8001-exec-3][member/mypage] Deprecated unwrapped fragment expression "fragments/footer :: footer" found in template member/mypage, line 244, col 6. Please use the complete syntax of fragment expressions instead ("~{fragments/footer :: footer}"). The old, unwrapped syntax for fragment expressions will be removed in future versions of Thymeleaf.
2025-11-03 11:14:05.755 [http-nio-8001-exec-7] INFO  c.x.m.c.c.s.MemberDetailsService - 🔍 로그인 시도 ID: user1
2025-11-03 11:14:05.755 [http-nio-8001-exec-4] INFO  c.x.m.c.c.s.MemberDetailsService - 🔍 로그인 시도 ID: user1
2025-11-03 11:14:05.756 [http-nio-8001-exec-5] INFO  c.x.m.c.c.s.MemberDetailsService - 🔍 로그인 시도 ID: user1
2025-11-03 11:14:05.756 [http-nio-8001-exec-1] INFO  c.x.m.c.c.s.MemberDetailsService - 🔍 로그인 시도 ID: user1
2025-11-03 11:14:12.702 [http-nio-8001-exec-6] INFO  c.x.m.c.c.s.MemberDetailsService - 🔍 로그인 시도 ID: user1
2025-11-03 11:14:12.709 [http-nio-8001-exec-6] INFO  c.x.m.c.aop.ControllerLoggingAspect - ═══════════════════════════════════════════════════════════════
2025-11-03 11:14:12.710 [http-nio-8001-exec-6] INFO  c.x.m.c.aop.ControllerLoggingAspect - [REQUEST] 2025-11-03 11:14:12.710
2025-11-03 11:14:12.710 [http-nio-8001-exec-6] INFO  c.x.m.c.aop.ControllerLoggingAspect -   Method: GET | URI: /
2025-11-03 11:14:12.710 [http-nio-8001-exec-6] INFO  c.x.m.c.aop.ControllerLoggingAspect -   Client IP: 0:0:0:0:0:0:0:1 | User ID: ANONYMOUS
2025-11-03 11:14:12.710 [http-nio-8001-exec-6] INFO  c.x.m.c.aop.ControllerLoggingAspect - [RESPONSE] Status: 200 | Time: 0ms
2025-11-03 11:14:12.710 [http-nio-8001-exec-6] INFO  c.x.m.c.aop.ControllerLoggingAspect -   Response Body: "home"
2025-11-03 11:14:12.710 [http-nio-8001-exec-6] INFO  c.x.m.c.aop.ControllerLoggingAspect - ═══════════════════════════════════════════════════════════════
2025-11-03 11:14:12.713 [http-nio-8001-exec-6] WARN  o.t.s.p.AbstractStandardFragmentInsertionTagProcessor - [THYMELEAF][http-nio-8001-exec-6][home] Deprecated unwrapped fragment expression "fragments/navbar :: navbar" found in template home, line 18, col 8. Please use the complete syntax of fragment expressions instead ("~{fragments/navbar :: navbar}"). The old, unwrapped syntax for fragment expressions will be removed in future versions of Thymeleaf.
2025-11-03 11:14:12.717 [http-nio-8001-exec-6] WARN  o.t.s.p.AbstractStandardFragmentInsertionTagProcessor - [THYMELEAF][http-nio-8001-exec-6][home] Deprecated unwrapped fragment expression "fragments/footer :: footer" found in template home, line 222, col 8. Please use the complete syntax of fragment expressions instead ("~{fragments/footer :: footer}"). The old, unwrapped syntax for fragment expressions will be removed in future versions of Thymeleaf.
2025-11-03 11:14:12.732 [http-nio-8001-exec-2] INFO  c.x.m.c.c.s.MemberDetailsService - 🔍 로그인 시도 ID: user1
2025-11-03 11:14:12.732 [http-nio-8001-exec-8] INFO  c.x.m.c.c.s.MemberDetailsService - 🔍 로그인 시도 ID: user1
2025-11-03 11:14:12.733 [http-nio-8001-exec-9] INFO  c.x.m.c.c.s.MemberDetailsService - 🔍 로그인 시도 ID: user1
2025-11-03 11:14:12.733 [http-nio-8001-exec-10] INFO  c.x.m.c.c.s.MemberDetailsService - 🔍 로그인 시도 ID: user1
2025-11-03 11:16:55.097 [http-nio-8001-exec-1] INFO  c.x.m.c.c.s.MemberDetailsService - 🔍 로그인 시도 ID: user1
2025-11-03 11:16:55.102 [http-nio-8001-exec-1] WARN  o.s.w.s.m.m.a.ExceptionHandlerExceptionResolver - Resolved [org.springframework.web.servlet.resource.NoResourceFoundException: No static resource notifications.]
2025-11-03 11:22:01.508 [File Watcher] INFO  o.s.b.d.a.LocalDevToolsAutoConfiguration$RestartingClassPathChangeChangedEventListener - Restarting due to 28 class path changes (1 addition, 0 deletions, 27 modifications)
2025-11-03 11:22:01.510 [Thread-7] INFO  o.s.b.w.e.tomcat.GracefulShutdown - Commencing graceful shutdown. Waiting for active requests to complete
2025-11-03 11:22:01.511 [tomcat-shutdown] INFO  o.a.coyote.http11.Http11NioProtocol - Pausing ProtocolHandler ["http-nio-8001"]
2025-11-03 11:22:01.512 [tomcat-shutdown] INFO  o.s.b.w.e.tomcat.GracefulShutdown - Graceful shutdown complete
2025-11-03 11:22:01.512 [Thread-7] INFO  o.a.coyote.http11.Http11NioProtocol - Stopping ProtocolHandler ["http-nio-8001"]
2025-11-03 11:22:01.523 [Thread-7] INFO  o.s.o.j.LocalContainerEntityManagerFactoryBean - Closing JPA EntityManagerFactory for persistence unit 'default'
2025-11-03 11:22:01.523 [Thread-7] INFO  com.zaxxer.hikari.HikariDataSource - HikariPool-2 - Shutdown initiated...
2025-11-03 11:22:01.527 [Thread-7] INFO  com.zaxxer.hikari.HikariDataSource - HikariPool-2 - Shutdown completed.
2025-11-03 11:22:01.578 [restartedMain] INFO  com.xladmt.makify.MakifyApplication - Starting MakifyApplication using Java 17.0.14 with PID 56834 (/Users/oseungmin/Documents/workspace/makify/build/classes/java/main started by oseungmin in /Users/oseungmin/Documents/workspace/makify)
2025-11-03 11:22:01.578 [restartedMain] DEBUG com.xladmt.makify.MakifyApplication - Running with Spring Boot v3.4.1, Spring v6.2.1
2025-11-03 11:22:01.578 [restartedMain] INFO  com.xladmt.makify.MakifyApplication - No active profile set, falling back to 1 default profile: "default"
2025-11-03 11:22:01.652 [restartedMain] INFO  o.s.d.r.c.RepositoryConfigurationDelegate - Multiple Spring Data modules found, entering strict repository configuration mode
2025-11-03 11:22:01.652 [restartedMain] INFO  o.s.d.r.c.RepositoryConfigurationDelegate - Bootstrapping Spring Data JPA repositories in DEFAULT mode.
2025-11-03 11:22:01.659 [restartedMain] INFO  o.s.d.r.c.RepositoryConfigurationDelegate - Finished Spring Data repository scanning in 5 ms. Found 5 JPA repository interfaces.
2025-11-03 11:22:01.660 [restartedMain] INFO  o.s.d.r.c.RepositoryConfigurationDelegate - Multiple Spring Data modules found, entering strict repository configuration mode
2025-11-03 11:22:01.660 [restartedMain] INFO  o.s.d.r.c.RepositoryConfigurationDelegate - Bootstrapping Spring Data Redis repositories in DEFAULT mode.
2025-11-03 11:22:01.661 [restartedMain] INFO  o.s.d.r.c.RepositoryConfigurationExtensionSupport - Spring Data Redis - Could not safely identify store assignment for repository candidate interface com.xladmt.makify.challenge.repository.ChallengeRepository; If you want this repository to be a Redis repository, consider annotating your entities with one of these annotations: org.springframework.data.redis.core.RedisHash (preferred), or consider extending one of the following types with your repository: org.springframework.data.keyvalue.repository.KeyValueRepository
2025-11-03 11:22:01.661 [restartedMain] INFO  o.s.d.r.c.RepositoryConfigurationExtensionSupport - Spring Data Redis - Could not safely identify store assignment for repository candidate interface com.xladmt.makify.challenge.repository.UserChallengeRepository; If you want this repository to be a Redis repository, consider annotating your entities with one of these annotations: org.springframework.data.redis.core.RedisHash (preferred), or consider extending one of the following types with your repository: org.springframework.data.keyvalue.repository.KeyValueRepository
2025-11-03 11:22:01.661 [restartedMain] INFO  o.s.d.r.c.RepositoryConfigurationExtensionSupport - Spring Data Redis - Could not safely identify store assignment for repository candidate interface com.xladmt.makify.challenge.repository.VerificationMethodRepository; If you want this repository to be a Redis repository, consider annotating your entities with one of these annotations: org.springframework.data.redis.core.RedisHash (preferred), or consider extending one of the following types with your repository: org.springframework.data.keyvalue.repository.KeyValueRepository
2025-11-03 11:22:01.661 [restartedMain] INFO  o.s.d.r.c.RepositoryConfigurationExtensionSupport - Spring Data Redis - Could not safely identify store assignment for repository candidate interface com.xladmt.makify.member.repository.MemberRepository; If you want this repository to be a Redis repository, consider annotating your entities with one of these annotations: org.springframework.data.redis.core.RedisHash (preferred), or consider extending one of the following types with your repository: org.springframework.data.keyvalue.repository.KeyValueRepository
2025-11-03 11:22:01.661 [restartedMain] INFO  o.s.d.r.c.RepositoryConfigurationExtensionSupport - Spring Data Redis - Could not safely identify store assignment for repository candidate interface com.xladmt.makify.payment.repository.PaymentRepository; If you want this repository to be a Redis repository, consider annotating your entities with one of these annotations: org.springframework.data.redis.core.RedisHash (preferred), or consider extending one of the following types with your repository: org.springframework.data.keyvalue.repository.KeyValueRepository
2025-11-03 11:22:01.661 [restartedMain] INFO  o.s.d.r.c.RepositoryConfigurationDelegate - Finished Spring Data repository scanning in 1 ms. Found 0 Redis repository interfaces.
2025-11-03 11:22:01.722 [restartedMain] INFO  o.s.b.w.e.tomcat.TomcatWebServer - Tomcat initialized with port 8001 (http)
2025-11-03 11:22:01.723 [restartedMain] INFO  o.a.coyote.http11.Http11NioProtocol - Initializing ProtocolHandler ["http-nio-8001"]
2025-11-03 11:22:01.723 [restartedMain] INFO  o.a.catalina.core.StandardService - Starting service [Tomcat]
2025-11-03 11:22:01.723 [restartedMain] INFO  o.a.catalina.core.StandardEngine - Starting Servlet engine: [Apache Tomcat/10.1.34]
2025-11-03 11:22:01.727 [restartedMain] INFO  o.a.c.c.C.[Tomcat].[localhost].[/] - Initializing Spring embedded WebApplicationContext
2025-11-03 11:22:01.727 [restartedMain] INFO  o.s.b.w.s.c.ServletWebServerApplicationContext - Root WebApplicationContext: initialization completed in 148 ms
2025-11-03 11:22:01.777 [restartedMain] INFO  o.h.jpa.internal.util.LogHelper - HHH000204: Processing PersistenceUnitInfo [name: default]
2025-11-03 11:22:01.778 [restartedMain] INFO  o.h.c.i.RegionFactoryInitiator - HHH000026: Second-level cache disabled
2025-11-03 11:22:01.781 [restartedMain] INFO  o.s.o.j.p.SpringPersistenceUnitInfo - No LoadTimeWeaver setup: ignoring JPA class transformer
2025-11-03 11:22:01.781 [restartedMain] INFO  com.zaxxer.hikari.HikariDataSource - HikariPool-3 - Starting...
2025-11-03 11:22:01.791 [restartedMain] INFO  com.zaxxer.hikari.pool.HikariPool - HikariPool-3 - Added connection com.mysql.cj.jdbc.ConnectionImpl@34f3fd34
2025-11-03 11:22:01.791 [restartedMain] INFO  com.zaxxer.hikari.HikariDataSource - HikariPool-3 - Start completed.
2025-11-03 11:22:01.792 [restartedMain] WARN  org.hibernate.orm.deprecation - HHH90000025: MySQL8Dialect does not need to be specified explicitly using 'hibernate.dialect' (remove the property setting and it will be selected by default)
2025-11-03 11:22:01.792 [restartedMain] WARN  org.hibernate.orm.deprecation - HHH90000026: MySQL8Dialect has been deprecated; use org.hibernate.dialect.MySQLDialect instead
2025-11-03 11:22:01.792 [restartedMain] INFO  o.hibernate.orm.connections.pooling - HHH10001005: Database info:
	Database JDBC URL [Connecting through datasource 'HikariDataSource (HikariPool-3)']
	Database driver: undefined/unknown
	Database version: 8.0
	Autocommit mode: undefined/unknown
	Isolation level: undefined/unknown
	Minimum pool size: undefined/unknown
	Maximum pool size: undefined/unknown
2025-11-03 11:22:01.851 [restartedMain] INFO  o.h.e.t.j.p.i.JtaPlatformInitiator - HHH000489: No JTA platform available (set 'hibernate.transaction.jta.platform' to enable JTA platform integration)
2025-11-03 11:22:01.911 [restartedMain] INFO  o.s.o.j.LocalContainerEntityManagerFactoryBean - Initialized JPA EntityManagerFactory for persistence unit 'default'
2025-11-03 11:22:01.981 [restartedMain] DEBUG c.x.m.c.jwt.JwtAuthenticationFilter - Filter 'jwtAuthenticationFilter' configured for use
2025-11-03 11:22:02.098 [restartedMain] WARN  o.s.b.a.o.j.JpaBaseConfiguration$JpaWebConfiguration - spring.jpa.open-in-view is enabled by default. Therefore, database queries may be performed during view rendering. Explicitly configure spring.jpa.open-in-view to disable this warning
2025-11-03 11:22:02.107 [restartedMain] INFO  o.s.s.c.a.a.c.InitializeUserDetailsBeanManagerConfigurer$InitializeUserDetailsManagerConfigurer - Global AuthenticationManager configured with UserDetailsService bean with name memberDetailsService
2025-11-03 11:22:02.189 [restartedMain] WARN  o.s.s.c.a.web.builders.WebSecurity - You are asking Spring Security to ignore Deferred [Mvc [pattern='/css/**'], Ant [pattern='/css/**']]. This is not recommended -- please use permitAll via HttpSecurity#authorizeHttpRequests instead.
2025-11-03 11:22:02.189 [restartedMain] WARN  o.s.s.c.a.web.builders.WebSecurity - You are asking Spring Security to ignore Deferred [Mvc [pattern='/js/**'], Ant [pattern='/js/**']]. This is not recommended -- please use permitAll via HttpSecurity#authorizeHttpRequests instead.
2025-11-03 11:22:02.189 [restartedMain] WARN  o.s.s.c.a.web.builders.WebSecurity - You are asking Spring Security to ignore Deferred [Mvc [pattern='/images/**'], Ant [pattern='/images/**']]. This is not recommended -- please use permitAll via HttpSecurity#authorizeHttpRequests instead.
2025-11-03 11:22:02.189 [restartedMain] WARN  o.s.s.c.a.web.builders.WebSecurity - You are asking Spring Security to ignore Deferred [Mvc [pattern='/videos/**'], Ant [pattern='/videos/**']]. This is not recommended -- please use permitAll via HttpSecurity#authorizeHttpRequests instead.
2025-11-03 11:22:02.189 [restartedMain] WARN  o.s.s.c.a.web.builders.WebSecurity - You are asking Spring Security to ignore Deferred [Mvc [pattern='/favicon.ico'], Ant [pattern='/favicon.ico']]. This is not recommended -- please use permitAll via HttpSecurity#authorizeHttpRequests instead.
2025-11-03 11:22:02.189 [restartedMain] WARN  o.s.s.c.a.web.builders.WebSecurity - You are asking Spring Security to ignore Deferred [Mvc [pattern='/webjars/**'], Ant [pattern='/webjars/**']]. This is not recommended -- please use permitAll via HttpSecurity#authorizeHttpRequests instead.
2025-11-03 11:22:02.189 [restartedMain] WARN  o.s.s.c.a.web.builders.WebSecurity - You are asking Spring Security to ignore Deferred [Mvc [pattern='/static/**'], Ant [pattern='/static/**']]. This is not recommended -- please use permitAll via HttpSecurity#authorizeHttpRequests instead.
2025-11-03 11:22:02.198 [restartedMain] INFO  o.s.v.b.OptionalValidatorFactoryBean - Failed to set up a Bean Validation provider: jakarta.validation.NoProviderFoundException: Unable to create a Configuration, because no Jakarta Bean Validation provider could be found. Add a provider like Hibernate Validator (RI) to your classpath.
2025-11-03 11:22:02.318 [restartedMain] INFO  o.s.b.d.a.OptionalLiveReloadServer - LiveReload server is running on port 35729
2025-11-03 11:22:02.324 [restartedMain] INFO  o.a.coyote.http11.Http11NioProtocol - Starting ProtocolHandler ["http-nio-8001"]
2025-11-03 11:22:02.325 [restartedMain] INFO  o.s.b.w.e.tomcat.TomcatWebServer - Tomcat started on port 8001 (http) with context path '/'
2025-11-03 11:22:02.327 [restartedMain] INFO  com.xladmt.makify.MakifyApplication - Started MakifyApplication in 0.76 seconds (process running for 609.04)
2025-11-03 11:22:02.328 [restartedMain] INFO  o.s.b.d.a.ConditionEvaluationDeltaLoggingListener - Condition evaluation unchanged
2025-11-03 11:22:39.175 [File Watcher] INFO  o.s.b.d.a.LocalDevToolsAutoConfiguration$RestartingClassPathChangeChangedEventListener - Restarting due to 30 class path changes (2 additions, 0 deletions, 28 modifications)
2025-11-03 11:22:39.176 [Thread-11] INFO  o.s.b.w.e.tomcat.GracefulShutdown - Commencing graceful shutdown. Waiting for active requests to complete
2025-11-03 11:22:39.177 [tomcat-shutdown] INFO  o.a.coyote.http11.Http11NioProtocol - Pausing ProtocolHandler ["http-nio-8001"]
2025-11-03 11:22:39.178 [tomcat-shutdown] INFO  o.s.b.w.e.tomcat.GracefulShutdown - Graceful shutdown complete
2025-11-03 11:22:39.178 [Thread-11] INFO  o.a.coyote.http11.Http11NioProtocol - Stopping ProtocolHandler ["http-nio-8001"]
2025-11-03 11:22:39.180 [Thread-11] INFO  o.s.o.j.LocalContainerEntityManagerFactoryBean - Closing JPA EntityManagerFactory for persistence unit 'default'
2025-11-03 11:22:39.180 [Thread-11] INFO  com.zaxxer.hikari.HikariDataSource - HikariPool-3 - Shutdown initiated...
2025-11-03 11:22:39.183 [Thread-11] INFO  com.zaxxer.hikari.HikariDataSource - HikariPool-3 - Shutdown completed.
2025-11-03 11:22:39.230 [restartedMain] INFO  com.xladmt.makify.MakifyApplication - Starting MakifyApplication using Java 17.0.14 with PID 56834 (/Users/oseungmin/Documents/workspace/makify/build/classes/java/main started by oseungmin in /Users/oseungmin/Documents/workspace/makify)
2025-11-03 11:22:39.230 [restartedMain] DEBUG com.xladmt.makify.MakifyApplication - Running with Spring Boot v3.4.1, Spring v6.2.1
2025-11-03 11:22:39.230 [restartedMain] INFO  com.xladmt.makify.MakifyApplication - No active profile set, falling back to 1 default profile: "default"
2025-11-03 11:22:39.293 [restartedMain] INFO  o.s.d.r.c.RepositoryConfigurationDelegate - Multiple Spring Data modules found, entering strict repository configuration mode
2025-11-03 11:22:39.293 [restartedMain] INFO  o.s.d.r.c.RepositoryConfigurationDelegate - Bootstrapping Spring Data JPA repositories in DEFAULT mode.
2025-11-03 11:22:39.298 [restartedMain] INFO  o.s.d.r.c.RepositoryConfigurationDelegate - Finished Spring Data repository scanning in 5 ms. Found 5 JPA repository interfaces.
2025-11-03 11:22:39.299 [restartedMain] INFO  o.s.d.r.c.RepositoryConfigurationDelegate - Multiple Spring Data modules found, entering strict repository configuration mode
2025-11-03 11:22:39.300 [restartedMain] INFO  o.s.d.r.c.RepositoryConfigurationDelegate - Bootstrapping Spring Data Redis repositories in DEFAULT mode.
2025-11-03 11:22:39.301 [restartedMain] INFO  o.s.d.r.c.RepositoryConfigurationExtensionSupport - Spring Data Redis - Could not safely identify store assignment for repository candidate interface com.xladmt.makify.challenge.repository.ChallengeRepository; If you want this repository to be a Redis repository, consider annotating your entities with one of these annotations: org.springframework.data.redis.core.RedisHash (preferred), or consider extending one of the following types with your repository: org.springframework.data.keyvalue.repository.KeyValueRepository
2025-11-03 11:22:39.301 [restartedMain] INFO  o.s.d.r.c.RepositoryConfigurationExtensionSupport - Spring Data Redis - Could not safely identify store assignment for repository candidate interface com.xladmt.makify.challenge.repository.UserChallengeRepository; If you want this repository to be a Redis repository, consider annotating your entities with one of these annotations: org.springframework.data.redis.core.RedisHash (preferred), or consider extending one of the following types with your repository: org.springframework.data.keyvalue.repository.KeyValueRepository
2025-11-03 11:22:39.301 [restartedMain] INFO  o.s.d.r.c.RepositoryConfigurationExtensionSupport - Spring Data Redis - Could not safely identify store assignment for repository candidate interface com.xladmt.makify.challenge.repository.VerificationMethodRepository; If you want this repository to be a Redis repository, consider annotating your entities with one of these annotations: org.springframework.data.redis.core.RedisHash (preferred), or consider extending one of the following types with your repository: org.springframework.data.keyvalue.repository.KeyValueRepository
2025-11-03 11:22:39.301 [restartedMain] INFO  o.s.d.r.c.RepositoryConfigurationExtensionSupport - Spring Data Redis - Could not safely identify store assignment for repository candidate interface com.xladmt.makify.member.repository.MemberRepository; If you want this repository to be a Redis repository, consider annotating your entities with one of these annotations: org.springframework.data.redis.core.RedisHash (preferred), or consider extending one of the following types with your repository: org.springframework.data.keyvalue.repository.KeyValueRepository
2025-11-03 11:22:39.301 [restartedMain] INFO  o.s.d.r.c.RepositoryConfigurationExtensionSupport - Spring Data Redis - Could not safely identify store assignment for repository candidate interface com.xladmt.makify.payment.repository.PaymentRepository; If you want this repository to be a Redis repository, consider annotating your entities with one of these annotations: org.springframework.data.redis.core.RedisHash (preferred), or consider extending one of the following types with your repository: org.springframework.data.keyvalue.repository.KeyValueRepository
2025-11-03 11:22:39.301 [restartedMain] INFO  o.s.d.r.c.RepositoryConfigurationDelegate - Finished Spring Data repository scanning in 1 ms. Found 0 Redis repository interfaces.
2025-11-03 11:22:39.356 [restartedMain] INFO  o.s.b.w.e.tomcat.TomcatWebServer - Tomcat initialized with port 8001 (http)
2025-11-03 11:22:39.357 [restartedMain] INFO  o.a.coyote.http11.Http11NioProtocol - Initializing ProtocolHandler ["http-nio-8001"]
2025-11-03 11:22:39.357 [restartedMain] INFO  o.a.catalina.core.StandardService - Starting service [Tomcat]
2025-11-03 11:22:39.357 [restartedMain] INFO  o.a.catalina.core.StandardEngine - Starting Servlet engine: [Apache Tomcat/10.1.34]
2025-11-03 11:22:39.360 [restartedMain] INFO  o.a.c.c.C.[Tomcat].[localhost].[/] - Initializing Spring embedded WebApplicationContext
2025-11-03 11:22:39.360 [restartedMain] INFO  o.s.b.w.s.c.ServletWebServerApplicationContext - Root WebApplicationContext: initialization completed in 130 ms
2025-11-03 11:22:39.406 [restartedMain] INFO  o.h.jpa.internal.util.LogHelper - HHH000204: Processing PersistenceUnitInfo [name: default]
2025-11-03 11:22:39.407 [restartedMain] INFO  o.h.c.i.RegionFactoryInitiator - HHH000026: Second-level cache disabled
2025-11-03 11:22:39.410 [restartedMain] INFO  o.s.o.j.p.SpringPersistenceUnitInfo - No LoadTimeWeaver setup: ignoring JPA class transformer
2025-11-03 11:22:39.410 [restartedMain] INFO  com.zaxxer.hikari.HikariDataSource - HikariPool-4 - Starting...
2025-11-03 11:22:39.418 [restartedMain] INFO  com.zaxxer.hikari.pool.HikariPool - HikariPool-4 - Added connection com.mysql.cj.jdbc.ConnectionImpl@17c6435
2025-11-03 11:22:39.418 [restartedMain] INFO  com.zaxxer.hikari.HikariDataSource - HikariPool-4 - Start completed.
2025-11-03 11:22:39.418 [restartedMain] WARN  org.hibernate.orm.deprecation - HHH90000025: MySQL8Dialect does not need to be specified explicitly using 'hibernate.dialect' (remove the property setting and it will be selected by default)
2025-11-03 11:22:39.418 [restartedMain] WARN  org.hibernate.orm.deprecation - HHH90000026: MySQL8Dialect has been deprecated; use org.hibernate.dialect.MySQLDialect instead
2025-11-03 11:22:39.418 [restartedMain] INFO  o.hibernate.orm.connections.pooling - HHH10001005: Database info:
	Database JDBC URL [Connecting through datasource 'HikariDataSource (HikariPool-4)']
	Database driver: undefined/unknown
	Database version: 8.0
	Autocommit mode: undefined/unknown
	Isolation level: undefined/unknown
	Minimum pool size: undefined/unknown
	Maximum pool size: undefined/unknown
2025-11-03 11:22:39.474 [restartedMain] INFO  o.h.e.t.j.p.i.JtaPlatformInitiator - HHH000489: No JTA platform available (set 'hibernate.transaction.jta.platform' to enable JTA platform integration)
2025-11-03 11:22:39.539 [restartedMain] INFO  o.s.o.j.LocalContainerEntityManagerFactoryBean - Initialized JPA EntityManagerFactory for persistence unit 'default'
2025-11-03 11:22:39.611 [restartedMain] DEBUG c.x.m.c.jwt.JwtAuthenticationFilter - Filter 'jwtAuthenticationFilter' configured for use
2025-11-03 11:22:39.722 [restartedMain] WARN  o.s.b.a.o.j.JpaBaseConfiguration$JpaWebConfiguration - spring.jpa.open-in-view is enabled by default. Therefore, database queries may be performed during view rendering. Explicitly configure spring.jpa.open-in-view to disable this warning
2025-11-03 11:22:39.732 [restartedMain] INFO  o.s.s.c.a.a.c.InitializeUserDetailsBeanManagerConfigurer$InitializeUserDetailsManagerConfigurer - Global AuthenticationManager configured with UserDetailsService bean with name memberDetailsService
2025-11-03 11:22:39.812 [restartedMain] WARN  o.s.s.c.a.web.builders.WebSecurity - You are asking Spring Security to ignore Deferred [Mvc [pattern='/css/**'], Ant [pattern='/css/**']]. This is not recommended -- please use permitAll via HttpSecurity#authorizeHttpRequests instead.
2025-11-03 11:22:39.812 [restartedMain] WARN  o.s.s.c.a.web.builders.WebSecurity - You are asking Spring Security to ignore Deferred [Mvc [pattern='/js/**'], Ant [pattern='/js/**']]. This is not recommended -- please use permitAll via HttpSecurity#authorizeHttpRequests instead.
2025-11-03 11:22:39.812 [restartedMain] WARN  o.s.s.c.a.web.builders.WebSecurity - You are asking Spring Security to ignore Deferred [Mvc [pattern='/images/**'], Ant [pattern='/images/**']]. This is not recommended -- please use permitAll via HttpSecurity#authorizeHttpRequests instead.
2025-11-03 11:22:39.812 [restartedMain] WARN  o.s.s.c.a.web.builders.WebSecurity - You are asking Spring Security to ignore Deferred [Mvc [pattern='/videos/**'], Ant [pattern='/videos/**']]. This is not recommended -- please use permitAll via HttpSecurity#authorizeHttpRequests instead.
2025-11-03 11:22:39.813 [restartedMain] WARN  o.s.s.c.a.web.builders.WebSecurity - You are asking Spring Security to ignore Deferred [Mvc [pattern='/favicon.ico'], Ant [pattern='/favicon.ico']]. This is not recommended -- please use permitAll via HttpSecurity#authorizeHttpRequests instead.
2025-11-03 11:22:39.813 [restartedMain] WARN  o.s.s.c.a.web.builders.WebSecurity - You are asking Spring Security to ignore Deferred [Mvc [pattern='/webjars/**'], Ant [pattern='/webjars/**']]. This is not recommended -- please use permitAll via HttpSecurity#authorizeHttpRequests instead.
2025-11-03 11:22:39.813 [restartedMain] WARN  o.s.s.c.a.web.builders.WebSecurity - You are asking Spring Security to ignore Deferred [Mvc [pattern='/static/**'], Ant [pattern='/static/**']]. This is not recommended -- please use permitAll via HttpSecurity#authorizeHttpRequests instead.
2025-11-03 11:22:39.821 [restartedMain] INFO  o.s.v.b.OptionalValidatorFactoryBean - Failed to set up a Bean Validation provider: jakarta.validation.NoProviderFoundException: Unable to create a Configuration, because no Jakarta Bean Validation provider could be found. Add a provider like Hibernate Validator (RI) to your classpath.
2025-11-03 11:22:39.940 [restartedMain] INFO  o.s.b.d.a.OptionalLiveReloadServer - LiveReload server is running on port 35729
2025-11-03 11:22:39.946 [restartedMain] INFO  o.a.coyote.http11.Http11NioProtocol - Starting ProtocolHandler ["http-nio-8001"]
2025-11-03 11:22:39.947 [restartedMain] INFO  o.s.b.w.e.tomcat.TomcatWebServer - Tomcat started on port 8001 (http) with context path '/'
2025-11-03 11:22:39.949 [restartedMain] INFO  com.xladmt.makify.MakifyApplication - Started MakifyApplication in 0.729 seconds (process running for 646.662)
2025-11-03 11:22:39.949 [restartedMain] INFO  o.s.b.d.a.ConditionEvaluationDeltaLoggingListener - Condition evaluation unchanged
2025-11-03 11:22:48.270 [http-nio-8001-exec-1] INFO  o.a.c.c.C.[Tomcat].[localhost].[/] - Initializing Spring DispatcherServlet 'dispatcherServlet'
2025-11-03 11:22:48.270 [http-nio-8001-exec-1] INFO  o.s.web.servlet.DispatcherServlet - Initializing Servlet 'dispatcherServlet'
2025-11-03 11:22:48.272 [http-nio-8001-exec-1] INFO  o.s.web.servlet.DispatcherServlet - Completed initialization in 2 ms
2025-11-03 11:22:48.279 [http-nio-8001-exec-1] INFO  c.x.m.c.c.s.MemberDetailsService - 🔍 로그인 시도 ID: user1
2025-11-03 11:22:48.313 [http-nio-8001-exec-1] WARN  o.s.w.s.m.m.a.ExceptionHandlerExceptionResolver - Resolved [org.springframework.web.servlet.resource.NoResourceFoundException: No static resource notifications.]
2025-11-03 11:22:51.555 [SpringApplicationShutdownHook] INFO  o.s.b.w.e.tomcat.GracefulShutdown - Commencing graceful shutdown. Waiting for active requests to complete
2025-11-03 11:22:51.556 [tomcat-shutdown] INFO  o.s.b.w.e.tomcat.GracefulShutdown - Graceful shutdown complete
2025-11-03 11:22:51.558 [SpringApplicationShutdownHook] INFO  o.s.o.j.LocalContainerEntityManagerFactoryBean - Closing JPA EntityManagerFactory for persistence unit 'default'
2025-11-03 11:22:51.558 [SpringApplicationShutdownHook] INFO  com.zaxxer.hikari.HikariDataSource - HikariPool-4 - Shutdown initiated...
2025-11-03 11:22:51.560 [SpringApplicationShutdownHook] INFO  com.zaxxer.hikari.HikariDataSource - HikariPool-4 - Shutdown completed.
2025-11-03 11:22:52.636 [restartedMain] INFO  com.xladmt.makify.MakifyApplication - Starting MakifyApplication using Java 17.0.14 with PID 57331 (/Users/oseungmin/Documents/workspace/makify/build/classes/java/main started by oseungmin in /Users/oseungmin/Documents/workspace/makify)
2025-11-03 11:22:52.636 [restartedMain] DEBUG com.xladmt.makify.MakifyApplication - Running with Spring Boot v3.4.1, Spring v6.2.1
2025-11-03 11:22:52.637 [restartedMain] INFO  com.xladmt.makify.MakifyApplication - No active profile set, falling back to 1 default profile: "default"
2025-11-03 11:22:52.652 [restartedMain] INFO  o.s.b.d.e.DevToolsPropertyDefaultsPostProcessor - Devtools property defaults active! Set 'spring.devtools.add-properties' to 'false' to disable
2025-11-03 11:22:52.652 [restartedMain] INFO  o.s.b.d.e.DevToolsPropertyDefaultsPostProcessor - For additional web related logging consider setting the 'logging.level.web' property to 'DEBUG'
2025-11-03 11:22:53.003 [restartedMain] INFO  o.s.d.r.c.RepositoryConfigurationDelegate - Multiple Spring Data modules found, entering strict repository configuration mode
2025-11-03 11:22:53.004 [restartedMain] INFO  o.s.d.r.c.RepositoryConfigurationDelegate - Bootstrapping Spring Data JPA repositories in DEFAULT mode.
2025-11-03 11:22:53.069 [restartedMain] INFO  o.s.d.r.c.RepositoryConfigurationDelegate - Finished Spring Data repository scanning in 61 ms. Found 5 JPA repository interfaces.
2025-11-03 11:22:53.076 [restartedMain] INFO  o.s.d.r.c.RepositoryConfigurationDelegate - Multiple Spring Data modules found, entering strict repository configuration mode
2025-11-03 11:22:53.077 [restartedMain] INFO  o.s.d.r.c.RepositoryConfigurationDelegate - Bootstrapping Spring Data Redis repositories in DEFAULT mode.
2025-11-03 11:22:53.083 [restartedMain] INFO  o.s.d.r.c.RepositoryConfigurationExtensionSupport - Spring Data Redis - Could not safely identify store assignment for repository candidate interface com.xladmt.makify.challenge.repository.ChallengeRepository; If you want this repository to be a Redis repository, consider annotating your entities with one of these annotations: org.springframework.data.redis.core.RedisHash (preferred), or consider extending one of the following types with your repository: org.springframework.data.keyvalue.repository.KeyValueRepository
2025-11-03 11:22:53.083 [restartedMain] INFO  o.s.d.r.c.RepositoryConfigurationExtensionSupport - Spring Data Redis - Could not safely identify store assignment for repository candidate interface com.xladmt.makify.challenge.repository.UserChallengeRepository; If you want this repository to be a Redis repository, consider annotating your entities with one of these annotations: org.springframework.data.redis.core.RedisHash (preferred), or consider extending one of the following types with your repository: org.springframework.data.keyvalue.repository.KeyValueRepository
2025-11-03 11:22:53.083 [restartedMain] INFO  o.s.d.r.c.RepositoryConfigurationExtensionSupport - Spring Data Redis - Could not safely identify store assignment for repository candidate interface com.xladmt.makify.challenge.repository.VerificationMethodRepository; If you want this repository to be a Redis repository, consider annotating your entities with one of these annotations: org.springframework.data.redis.core.RedisHash (preferred), or consider extending one of the following types with your repository: org.springframework.data.keyvalue.repository.KeyValueRepository
2025-11-03 11:22:53.083 [restartedMain] INFO  o.s.d.r.c.RepositoryConfigurationExtensionSupport - Spring Data Redis - Could not safely identify store assignment for repository candidate interface com.xladmt.makify.member.repository.MemberRepository; If you want this repository to be a Redis repository, consider annotating your entities with one of these annotations: org.springframework.data.redis.core.RedisHash (preferred), or consider extending one of the following types with your repository: org.springframework.data.keyvalue.repository.KeyValueRepository
2025-11-03 11:22:53.083 [restartedMain] INFO  o.s.d.r.c.RepositoryConfigurationExtensionSupport - Spring Data Redis - Could not safely identify store assignment for repository candidate interface com.xladmt.makify.payment.repository.PaymentRepository; If you want this repository to be a Redis repository, consider annotating your entities with one of these annotations: org.springframework.data.redis.core.RedisHash (preferred), or consider extending one of the following types with your repository: org.springframework.data.keyvalue.repository.KeyValueRepository
2025-11-03 11:22:53.083 [restartedMain] INFO  o.s.d.r.c.RepositoryConfigurationDelegate - Finished Spring Data repository scanning in 3 ms. Found 0 Redis repository interfaces.
2025-11-03 11:22:53.360 [restartedMain] INFO  o.s.b.w.e.tomcat.TomcatWebServer - Tomcat initialized with port 8001 (http)
2025-11-03 11:22:53.364 [restartedMain] INFO  o.a.coyote.http11.Http11NioProtocol - Initializing ProtocolHandler ["http-nio-8001"]
2025-11-03 11:22:53.365 [restartedMain] INFO  o.a.catalina.core.StandardService - Starting service [Tomcat]
2025-11-03 11:22:53.365 [restartedMain] INFO  o.a.catalina.core.StandardEngine - Starting Servlet engine: [Apache Tomcat/10.1.34]
2025-11-03 11:22:53.382 [restartedMain] INFO  o.a.c.c.C.[Tomcat].[localhost].[/] - Initializing Spring embedded WebApplicationContext
2025-11-03 11:22:53.382 [restartedMain] INFO  o.s.b.w.s.c.ServletWebServerApplicationContext - Root WebApplicationContext: initialization completed in 730 ms
2025-11-03 11:22:53.559 [restartedMain] INFO  o.h.jpa.internal.util.LogHelper - HHH000204: Processing PersistenceUnitInfo [name: default]
2025-11-03 11:22:53.580 [restartedMain] INFO  org.hibernate.Version - HHH000412: Hibernate ORM core version 6.6.4.Final
2025-11-03 11:22:53.593 [restartedMain] INFO  o.h.c.i.RegionFactoryInitiator - HHH000026: Second-level cache disabled
2025-11-03 11:22:53.692 [restartedMain] INFO  o.s.o.j.p.SpringPersistenceUnitInfo - No LoadTimeWeaver setup: ignoring JPA class transformer
2025-11-03 11:22:53.703 [restartedMain] INFO  com.zaxxer.hikari.HikariDataSource - HikariPool-1 - Starting...
2025-11-03 11:22:53.803 [restartedMain] INFO  com.zaxxer.hikari.pool.HikariPool - HikariPool-1 - Added connection com.mysql.cj.jdbc.ConnectionImpl@78f8fd13
2025-11-03 11:22:53.804 [restartedMain] INFO  com.zaxxer.hikari.HikariDataSource - HikariPool-1 - Start completed.
2025-11-03 11:22:53.820 [restartedMain] WARN  org.hibernate.orm.deprecation - HHH90000025: MySQL8Dialect does not need to be specified explicitly using 'hibernate.dialect' (remove the property setting and it will be selected by default)
2025-11-03 11:22:53.821 [restartedMain] WARN  org.hibernate.orm.deprecation - HHH90000026: MySQL8Dialect has been deprecated; use org.hibernate.dialect.MySQLDialect instead
2025-11-03 11:22:53.826 [restartedMain] INFO  o.hibernate.orm.connections.pooling - HHH10001005: Database info:
	Database JDBC URL [Connecting through datasource 'HikariDataSource (HikariPool-1)']
	Database driver: undefined/unknown
	Database version: 8.0
	Autocommit mode: undefined/unknown
	Isolation level: undefined/unknown
	Minimum pool size: undefined/unknown
	Maximum pool size: undefined/unknown
2025-11-03 11:22:54.211 [restartedMain] INFO  o.h.e.t.j.p.i.JtaPlatformInitiator - HHH000489: No JTA platform available (set 'hibernate.transaction.jta.platform' to enable JTA platform integration)
2025-11-03 11:22:54.296 [restartedMain] INFO  o.s.o.j.LocalContainerEntityManagerFactoryBean - Initialized JPA EntityManagerFactory for persistence unit 'default'
2025-11-03 11:22:54.461 [restartedMain] DEBUG c.x.m.c.jwt.JwtAuthenticationFilter - Filter 'jwtAuthenticationFilter' configured for use
2025-11-03 11:22:54.480 [restartedMain] INFO  o.s.d.j.r.query.QueryEnhancerFactory - Hibernate is in classpath; If applicable, HQL parser will be used.
2025-11-03 11:22:55.184 [restartedMain] WARN  o.s.b.a.o.j.JpaBaseConfiguration$JpaWebConfiguration - spring.jpa.open-in-view is enabled by default. Therefore, database queries may be performed during view rendering. Explicitly configure spring.jpa.open-in-view to disable this warning
2025-11-03 11:22:55.198 [restartedMain] INFO  o.s.s.c.a.a.c.InitializeUserDetailsBeanManagerConfigurer$InitializeUserDetailsManagerConfigurer - Global AuthenticationManager configured with UserDetailsService bean with name memberDetailsService
2025-11-03 11:22:55.363 [restartedMain] WARN  o.s.s.c.a.web.builders.WebSecurity - You are asking Spring Security to ignore Deferred [Mvc [pattern='/css/**'], Ant [pattern='/css/**']]. This is not recommended -- please use permitAll via HttpSecurity#authorizeHttpRequests instead.
2025-11-03 11:22:55.363 [restartedMain] WARN  o.s.s.c.a.web.builders.WebSecurity - You are asking Spring Security to ignore Deferred [Mvc [pattern='/js/**'], Ant [pattern='/js/**']]. This is not recommended -- please use permitAll via HttpSecurity#authorizeHttpRequests instead.
2025-11-03 11:22:55.363 [restartedMain] WARN  o.s.s.c.a.web.builders.WebSecurity - You are asking Spring Security to ignore Deferred [Mvc [pattern='/images/**'], Ant [pattern='/images/**']]. This is not recommended -- please use permitAll via HttpSecurity#authorizeHttpRequests instead.
2025-11-03 11:22:55.363 [restartedMain] WARN  o.s.s.c.a.web.builders.WebSecurity - You are asking Spring Security to ignore Deferred [Mvc [pattern='/videos/**'], Ant [pattern='/videos/**']]. This is not recommended -- please use permitAll via HttpSecurity#authorizeHttpRequests instead.
2025-11-03 11:22:55.363 [restartedMain] WARN  o.s.s.c.a.web.builders.WebSecurity - You are asking Spring Security to ignore Deferred [Mvc [pattern='/favicon.ico'], Ant [pattern='/favicon.ico']]. This is not recommended -- please use permitAll via HttpSecurity#authorizeHttpRequests instead.
2025-11-03 11:22:55.363 [restartedMain] WARN  o.s.s.c.a.web.builders.WebSecurity - You are asking Spring Security to ignore Deferred [Mvc [pattern='/webjars/**'], Ant [pattern='/webjars/**']]. This is not recommended -- please use permitAll via HttpSecurity#authorizeHttpRequests instead.
2025-11-03 11:22:55.363 [restartedMain] WARN  o.s.s.c.a.web.builders.WebSecurity - You are asking Spring Security to ignore Deferred [Mvc [pattern='/static/**'], Ant [pattern='/static/**']]. This is not recommended -- please use permitAll via HttpSecurity#authorizeHttpRequests instead.
2025-11-03 11:22:55.382 [restartedMain] INFO  o.s.v.b.OptionalValidatorFactoryBean - Failed to set up a Bean Validation provider: jakarta.validation.NoProviderFoundException: Unable to create a Configuration, because no Jakarta Bean Validation provider could be found. Add a provider like Hibernate Validator (RI) to your classpath.
2025-11-03 11:22:55.590 [restartedMain] INFO  o.s.b.d.a.OptionalLiveReloadServer - LiveReload server is running on port 35729
2025-11-03 11:22:55.601 [restartedMain] INFO  o.a.coyote.http11.Http11NioProtocol - Starting ProtocolHandler ["http-nio-8001"]
2025-11-03 11:22:55.608 [restartedMain] INFO  o.s.b.w.e.tomcat.TomcatWebServer - Tomcat started on port 8001 (http) with context path '/'
2025-11-03 11:22:55.613 [restartedMain] INFO  com.xladmt.makify.MakifyApplication - Started MakifyApplication in 3.127 seconds (process running for 3.319)
2025-11-03 11:22:59.206 [http-nio-8001-exec-1] INFO  o.a.c.c.C.[Tomcat].[localhost].[/] - Initializing Spring DispatcherServlet 'dispatcherServlet'
2025-11-03 11:22:59.206 [http-nio-8001-exec-1] INFO  o.s.web.servlet.DispatcherServlet - Initializing Servlet 'dispatcherServlet'
2025-11-03 11:22:59.207 [http-nio-8001-exec-1] INFO  o.s.web.servlet.DispatcherServlet - Completed initialization in 1 ms
2025-11-03 11:22:59.237 [http-nio-8001-exec-1] INFO  c.x.m.c.c.s.MemberDetailsService - 🔍 로그인 시도 ID: user1
2025-11-03 11:22:59.286 [http-nio-8001-exec-1] WARN  o.s.w.s.m.m.a.ExceptionHandlerExceptionResolver - Resolved [org.springframework.web.servlet.resource.NoResourceFoundException: No static resource notifications.]
2025-11-03 11:23:57.776 [File Watcher] INFO  o.s.b.d.a.LocalDevToolsAutoConfiguration$RestartingClassPathChangeChangedEventListener - Restarting due to 1 class path change (0 additions, 0 deletions, 1 modification)
2025-11-03 11:23:57.785 [Thread-5] INFO  o.s.b.w.e.tomcat.GracefulShutdown - Commencing graceful shutdown. Waiting for active requests to complete
2025-11-03 11:23:57.787 [tomcat-shutdown] INFO  o.a.coyote.http11.Http11NioProtocol - Pausing ProtocolHandler ["http-nio-8001"]
2025-11-03 11:23:57.794 [tomcat-shutdown] INFO  o.s.b.w.e.tomcat.GracefulShutdown - Graceful shutdown complete
2025-11-03 11:23:57.795 [Thread-5] INFO  o.a.coyote.http11.Http11NioProtocol - Stopping ProtocolHandler ["http-nio-8001"]
2025-11-03 11:23:57.806 [Thread-5] INFO  o.s.o.j.LocalContainerEntityManagerFactoryBean - Closing JPA EntityManagerFactory for persistence unit 'default'
2025-11-03 11:23:57.810 [Thread-5] INFO  com.zaxxer.hikari.HikariDataSource - HikariPool-1 - Shutdown initiated...
2025-11-03 11:23:57.816 [Thread-5] INFO  com.zaxxer.hikari.HikariDataSource - HikariPool-1 - Shutdown completed.
2025-11-03 11:23:57.880 [restartedMain] INFO  com.xladmt.makify.MakifyApplication - Starting MakifyApplication using Java 17.0.14 with PID 57331 (/Users/oseungmin/Documents/workspace/makify/build/classes/java/main started by oseungmin in /Users/oseungmin/Documents/workspace/makify)
2025-11-03 11:23:57.881 [restartedMain] DEBUG com.xladmt.makify.MakifyApplication - Running with Spring Boot v3.4.1, Spring v6.2.1
2025-11-03 11:23:57.881 [restartedMain] INFO  com.xladmt.makify.MakifyApplication - No active profile set, falling back to 1 default profile: "default"
2025-11-03 11:23:57.954 [restartedMain] INFO  o.s.d.r.c.RepositoryConfigurationDelegate - Multiple Spring Data modules found, entering strict repository configuration mode
2025-11-03 11:23:57.954 [restartedMain] INFO  o.s.d.r.c.RepositoryConfigurationDelegate - Bootstrapping Spring Data JPA repositories in DEFAULT mode.
2025-11-03 11:23:57.960 [restartedMain] INFO  o.s.d.r.c.RepositoryConfigurationDelegate - Finished Spring Data repository scanning in 5 ms. Found 5 JPA repository interfaces.
2025-11-03 11:23:57.961 [restartedMain] INFO  o.s.d.r.c.RepositoryConfigurationDelegate - Multiple Spring Data modules found, entering strict repository configuration mode
2025-11-03 11:23:57.961 [restartedMain] INFO  o.s.d.r.c.RepositoryConfigurationDelegate - Bootstrapping Spring Data Redis repositories in DEFAULT mode.
2025-11-03 11:23:57.962 [restartedMain] INFO  o.s.d.r.c.RepositoryConfigurationExtensionSupport - Spring Data Redis - Could not safely identify store assignment for repository candidate interface com.xladmt.makify.challenge.repository.ChallengeRepository; If you want this repository to be a Redis repository, consider annotating your entities with one of these annotations: org.springframework.data.redis.core.RedisHash (preferred), or consider extending one of the following types with your repository: org.springframework.data.keyvalue.repository.KeyValueRepository
2025-11-03 11:23:57.963 [restartedMain] INFO  o.s.d.r.c.RepositoryConfigurationExtensionSupport - Spring Data Redis - Could not safely identify store assignment for repository candidate interface com.xladmt.makify.challenge.repository.UserChallengeRepository; If you want this repository to be a Redis repository, consider annotating your entities with one of these annotations: org.springframework.data.redis.core.RedisHash (preferred), or consider extending one of the following types with your repository: org.springframework.data.keyvalue.repository.KeyValueRepository
2025-11-03 11:23:57.963 [restartedMain] INFO  o.s.d.r.c.RepositoryConfigurationExtensionSupport - Spring Data Redis - Could not safely identify store assignment for repository candidate interface com.xladmt.makify.challenge.repository.VerificationMethodRepository; If you want this repository to be a Redis repository, consider annotating your entities with one of these annotations: org.springframework.data.redis.core.RedisHash (preferred), or consider extending one of the following types with your repository: org.springframework.data.keyvalue.repository.KeyValueRepository
2025-11-03 11:23:57.963 [restartedMain] INFO  o.s.d.r.c.RepositoryConfigurationExtensionSupport - Spring Data Redis - Could not safely identify store assignment for repository candidate interface com.xladmt.makify.member.repository.MemberRepository; If you want this repository to be a Redis repository, consider annotating your entities with one of these annotations: org.springframework.data.redis.core.RedisHash (preferred), or consider extending one of the following types with your repository: org.springframework.data.keyvalue.repository.KeyValueRepository
2025-11-03 11:23:57.963 [restartedMain] INFO  o.s.d.r.c.RepositoryConfigurationExtensionSupport - Spring Data Redis - Could not safely identify store assignment for repository candidate interface com.xladmt.makify.payment.repository.PaymentRepository; If you want this repository to be a Redis repository, consider annotating your entities with one of these annotations: org.springframework.data.redis.core.RedisHash (preferred), or consider extending one of the following types with your repository: org.springframework.data.keyvalue.repository.KeyValueRepository
2025-11-03 11:23:57.963 [restartedMain] INFO  o.s.d.r.c.RepositoryConfigurationDelegate - Finished Spring Data repository scanning in 1 ms. Found 0 Redis repository interfaces.
2025-11-03 11:23:58.026 [restartedMain] INFO  o.s.b.w.e.tomcat.TomcatWebServer - Tomcat initialized with port 8001 (http)
2025-11-03 11:23:58.026 [restartedMain] INFO  o.a.coyote.http11.Http11NioProtocol - Initializing ProtocolHandler ["http-nio-8001"]
2025-11-03 11:23:58.027 [restartedMain] INFO  o.a.catalina.core.StandardService - Starting service [Tomcat]
2025-11-03 11:23:58.027 [restartedMain] INFO  o.a.catalina.core.StandardEngine - Starting Servlet engine: [Apache Tomcat/10.1.34]
2025-11-03 11:23:58.031 [restartedMain] INFO  o.a.c.c.C.[Tomcat].[localhost].[/] - Initializing Spring embedded WebApplicationContext
2025-11-03 11:23:58.031 [restartedMain] INFO  o.s.b.w.s.c.ServletWebServerApplicationContext - Root WebApplicationContext: initialization completed in 150 ms
2025-11-03 11:23:58.084 [restartedMain] INFO  o.h.jpa.internal.util.LogHelper - HHH000204: Processing PersistenceUnitInfo [name: default]
2025-11-03 11:23:58.085 [restartedMain] INFO  o.h.c.i.RegionFactoryInitiator - HHH000026: Second-level cache disabled
2025-11-03 11:23:58.089 [restartedMain] INFO  o.s.o.j.p.SpringPersistenceUnitInfo - No LoadTimeWeaver setup: ignoring JPA class transformer
2025-11-03 11:23:58.089 [restartedMain] INFO  com.zaxxer.hikari.HikariDataSource - HikariPool-2 - Starting...
2025-11-03 11:23:58.098 [restartedMain] INFO  com.zaxxer.hikari.pool.HikariPool - HikariPool-2 - Added connection com.mysql.cj.jdbc.ConnectionImpl@6649638c
2025-11-03 11:23:58.098 [restartedMain] INFO  com.zaxxer.hikari.HikariDataSource - HikariPool-2 - Start completed.
2025-11-03 11:23:58.098 [restartedMain] WARN  org.hibernate.orm.deprecation - HHH90000025: MySQL8Dialect does not need to be specified explicitly using 'hibernate.dialect' (remove the property setting and it will be selected by default)
2025-11-03 11:23:58.098 [restartedMain] WARN  org.hibernate.orm.deprecation - HHH90000026: MySQL8Dialect has been deprecated; use org.hibernate.dialect.MySQLDialect instead
2025-11-03 11:23:58.099 [restartedMain] INFO  o.hibernate.orm.connections.pooling - HHH10001005: Database info:
	Database JDBC URL [Connecting through datasource 'HikariDataSource (HikariPool-2)']
	Database driver: undefined/unknown
	Database version: 8.0
	Autocommit mode: undefined/unknown
	Isolation level: undefined/unknown
	Minimum pool size: undefined/unknown
	Maximum pool size: undefined/unknown
2025-11-03 11:23:58.168 [restartedMain] INFO  o.h.e.t.j.p.i.JtaPlatformInitiator - HHH000489: No JTA platform available (set 'hibernate.transaction.jta.platform' to enable JTA platform integration)
2025-11-03 11:23:58.234 [restartedMain] INFO  o.s.o.j.LocalContainerEntityManagerFactoryBean - Initialized JPA EntityManagerFactory for persistence unit 'default'
2025-11-03 11:23:58.308 [restartedMain] DEBUG c.x.m.c.jwt.JwtAuthenticationFilter - Filter 'jwtAuthenticationFilter' configured for use
2025-11-03 11:23:58.415 [restartedMain] WARN  o.s.b.a.o.j.JpaBaseConfiguration$JpaWebConfiguration - spring.jpa.open-in-view is enabled by default. Therefore, database queries may be performed during view rendering. Explicitly configure spring.jpa.open-in-view to disable this warning
2025-11-03 11:23:58.424 [restartedMain] INFO  o.s.s.c.a.a.c.InitializeUserDetailsBeanManagerConfigurer$InitializeUserDetailsManagerConfigurer - Global AuthenticationManager configured with UserDetailsService bean with name memberDetailsService
2025-11-03 11:23:58.503 [restartedMain] WARN  o.s.s.c.a.web.builders.WebSecurity - You are asking Spring Security to ignore Deferred [Mvc [pattern='/css/**'], Ant [pattern='/css/**']]. This is not recommended -- please use permitAll via HttpSecurity#authorizeHttpRequests instead.
2025-11-03 11:23:58.503 [restartedMain] WARN  o.s.s.c.a.web.builders.WebSecurity - You are asking Spring Security to ignore Deferred [Mvc [pattern='/js/**'], Ant [pattern='/js/**']]. This is not recommended -- please use permitAll via HttpSecurity#authorizeHttpRequests instead.
2025-11-03 11:23:58.503 [restartedMain] WARN  o.s.s.c.a.web.builders.WebSecurity - You are asking Spring Security to ignore Deferred [Mvc [pattern='/images/**'], Ant [pattern='/images/**']]. This is not recommended -- please use permitAll via HttpSecurity#authorizeHttpRequests instead.
2025-11-03 11:23:58.503 [restartedMain] WARN  o.s.s.c.a.web.builders.WebSecurity - You are asking Spring Security to ignore Deferred [Mvc [pattern='/videos/**'], Ant [pattern='/videos/**']]. This is not recommended -- please use permitAll via HttpSecurity#authorizeHttpRequests instead.
2025-11-03 11:23:58.503 [restartedMain] WARN  o.s.s.c.a.web.builders.WebSecurity - You are asking Spring Security to ignore Deferred [Mvc [pattern='/favicon.ico'], Ant [pattern='/favicon.ico']]. This is not recommended -- please use permitAll via HttpSecurity#authorizeHttpRequests instead.
2025-11-03 11:23:58.503 [restartedMain] WARN  o.s.s.c.a.web.builders.WebSecurity - You are asking Spring Security to ignore Deferred [Mvc [pattern='/webjars/**'], Ant [pattern='/webjars/**']]. This is not recommended -- please use permitAll via HttpSecurity#authorizeHttpRequests instead.
2025-11-03 11:23:58.503 [restartedMain] WARN  o.s.s.c.a.web.builders.WebSecurity - You are asking Spring Security to ignore Deferred [Mvc [pattern='/static/**'], Ant [pattern='/static/**']]. This is not recommended -- please use permitAll via HttpSecurity#authorizeHttpRequests instead.
2025-11-03 11:23:58.512 [restartedMain] INFO  o.s.v.b.OptionalValidatorFactoryBean - Failed to set up a Bean Validation provider: jakarta.validation.NoProviderFoundException: Unable to create a Configuration, because no Jakarta Bean Validation provider could be found. Add a provider like Hibernate Validator (RI) to your classpath.
2025-11-03 11:23:58.630 [restartedMain] INFO  o.s.b.d.a.OptionalLiveReloadServer - LiveReload server is running on port 35729
2025-11-03 11:23:58.636 [restartedMain] INFO  o.a.coyote.http11.Http11NioProtocol - Starting ProtocolHandler ["http-nio-8001"]
2025-11-03 11:23:58.636 [restartedMain] INFO  o.s.b.w.e.tomcat.TomcatWebServer - Tomcat started on port 8001 (http) with context path '/'
2025-11-03 11:23:58.638 [restartedMain] INFO  com.xladmt.makify.MakifyApplication - Started MakifyApplication in 0.77 seconds (process running for 66.345)
2025-11-03 11:23:58.639 [restartedMain] INFO  o.s.b.d.a.ConditionEvaluationDeltaLoggingListener - Condition evaluation unchanged
2025-11-03 11:24:05.068 [SpringApplicationShutdownHook] INFO  o.s.b.w.e.tomcat.GracefulShutdown - Commencing graceful shutdown. Waiting for active requests to complete
2025-11-03 11:24:05.069 [tomcat-shutdown] INFO  o.s.b.w.e.tomcat.GracefulShutdown - Graceful shutdown complete
2025-11-03 11:24:05.070 [SpringApplicationShutdownHook] INFO  o.s.o.j.LocalContainerEntityManagerFactoryBean - Closing JPA EntityManagerFactory for persistence unit 'default'
2025-11-03 11:24:05.071 [SpringApplicationShutdownHook] INFO  com.zaxxer.hikari.HikariDataSource - HikariPool-2 - Shutdown initiated...
2025-11-03 11:24:05.073 [SpringApplicationShutdownHook] INFO  com.zaxxer.hikari.HikariDataSource - HikariPool-2 - Shutdown completed.
2025-11-03 11:24:06.022 [restartedMain] INFO  com.xladmt.makify.MakifyApplication - Starting MakifyApplication using Java 17.0.14 with PID 57407 (/Users/oseungmin/Documents/workspace/makify/build/classes/java/main started by oseungmin in /Users/oseungmin/Documents/workspace/makify)
2025-11-03 11:24:06.023 [restartedMain] DEBUG com.xladmt.makify.MakifyApplication - Running with Spring Boot v3.4.1, Spring v6.2.1
2025-11-03 11:24:06.023 [restartedMain] INFO  com.xladmt.makify.MakifyApplication - No active profile set, falling back to 1 default profile: "default"
2025-11-03 11:24:06.038 [restartedMain] INFO  o.s.b.d.e.DevToolsPropertyDefaultsPostProcessor - Devtools property defaults active! Set 'spring.devtools.add-properties' to 'false' to disable
2025-11-03 11:24:06.038 [restartedMain] INFO  o.s.b.d.e.DevToolsPropertyDefaultsPostProcessor - For additional web related logging consider setting the 'logging.level.web' property to 'DEBUG'
2025-11-03 11:24:06.326 [restartedMain] INFO  o.s.d.r.c.RepositoryConfigurationDelegate - Multiple Spring Data modules found, entering strict repository configuration mode
2025-11-03 11:24:06.327 [restartedMain] INFO  o.s.d.r.c.RepositoryConfigurationDelegate - Bootstrapping Spring Data JPA repositories in DEFAULT mode.
2025-11-03 11:24:06.388 [restartedMain] INFO  o.s.d.r.c.RepositoryConfigurationDelegate - Finished Spring Data repository scanning in 57 ms. Found 5 JPA repository interfaces.
2025-11-03 11:24:06.395 [restartedMain] INFO  o.s.d.r.c.RepositoryConfigurationDelegate - Multiple Spring Data modules found, entering strict repository configuration mode
2025-11-03 11:24:06.395 [restartedMain] INFO  o.s.d.r.c.RepositoryConfigurationDelegate - Bootstrapping Spring Data Redis repositories in DEFAULT mode.
2025-11-03 11:24:06.401 [restartedMain] INFO  o.s.d.r.c.RepositoryConfigurationExtensionSupport - Spring Data Redis - Could not safely identify store assignment for repository candidate interface com.xladmt.makify.challenge.repository.ChallengeRepository; If you want this repository to be a Redis repository, consider annotating your entities with one of these annotations: org.springframework.data.redis.core.RedisHash (preferred), or consider extending one of the following types with your repository: org.springframework.data.keyvalue.repository.KeyValueRepository
2025-11-03 11:24:06.401 [restartedMain] INFO  o.s.d.r.c.RepositoryConfigurationExtensionSupport - Spring Data Redis - Could not safely identify store assignment for repository candidate interface com.xladmt.makify.challenge.repository.UserChallengeRepository; If you want this repository to be a Redis repository, consider annotating your entities with one of these annotations: org.springframework.data.redis.core.RedisHash (preferred), or consider extending one of the following types with your repository: org.springframework.data.keyvalue.repository.KeyValueRepository
2025-11-03 11:24:06.401 [restartedMain] INFO  o.s.d.r.c.RepositoryConfigurationExtensionSupport - Spring Data Redis - Could not safely identify store assignment for repository candidate interface com.xladmt.makify.challenge.repository.VerificationMethodRepository; If you want this repository to be a Redis repository, consider annotating your entities with one of these annotations: org.springframework.data.redis.core.RedisHash (preferred), or consider extending one of the following types with your repository: org.springframework.data.keyvalue.repository.KeyValueRepository
2025-11-03 11:24:06.401 [restartedMain] INFO  o.s.d.r.c.RepositoryConfigurationExtensionSupport - Spring Data Redis - Could not safely identify store assignment for repository candidate interface com.xladmt.makify.member.repository.MemberRepository; If you want this repository to be a Redis repository, consider annotating your entities with one of these annotations: org.springframework.data.redis.core.RedisHash (preferred), or consider extending one of the following types with your repository: org.springframework.data.keyvalue.repository.KeyValueRepository
2025-11-03 11:24:06.401 [restartedMain] INFO  o.s.d.r.c.RepositoryConfigurationExtensionSupport - Spring Data Redis - Could not safely identify store assignment for repository candidate interface com.xladmt.makify.payment.repository.PaymentRepository; If you want this repository to be a Redis repository, consider annotating your entities with one of these annotations: org.springframework.data.redis.core.RedisHash (preferred), or consider extending one of the following types with your repository: org.springframework.data.keyvalue.repository.KeyValueRepository
2025-11-03 11:24:06.401 [restartedMain] INFO  o.s.d.r.c.RepositoryConfigurationDelegate - Finished Spring Data repository scanning in 3 ms. Found 0 Redis repository interfaces.
2025-11-03 11:24:06.654 [restartedMain] INFO  o.s.b.w.e.tomcat.TomcatWebServer - Tomcat initialized with port 8001 (http)
2025-11-03 11:24:06.658 [restartedMain] INFO  o.a.coyote.http11.Http11NioProtocol - Initializing ProtocolHandler ["http-nio-8001"]
2025-11-03 11:24:06.659 [restartedMain] INFO  o.a.catalina.core.StandardService - Starting service [Tomcat]
2025-11-03 11:24:06.659 [restartedMain] INFO  o.a.catalina.core.StandardEngine - Starting Servlet engine: [Apache Tomcat/10.1.34]
2025-11-03 11:24:06.674 [restartedMain] INFO  o.a.c.c.C.[Tomcat].[localhost].[/] - Initializing Spring embedded WebApplicationContext
2025-11-03 11:24:06.674 [restartedMain] INFO  o.s.b.w.s.c.ServletWebServerApplicationContext - Root WebApplicationContext: initialization completed in 636 ms
2025-11-03 11:24:06.829 [restartedMain] INFO  o.h.jpa.internal.util.LogHelper - HHH000204: Processing PersistenceUnitInfo [name: default]
2025-11-03 11:24:06.848 [restartedMain] INFO  org.hibernate.Version - HHH000412: Hibernate ORM core version 6.6.4.Final
2025-11-03 11:24:06.861 [restartedMain] INFO  o.h.c.i.RegionFactoryInitiator - HHH000026: Second-level cache disabled
2025-11-03 11:24:06.947 [restartedMain] INFO  o.s.o.j.p.SpringPersistenceUnitInfo - No LoadTimeWeaver setup: ignoring JPA class transformer
2025-11-03 11:24:06.957 [restartedMain] INFO  com.zaxxer.hikari.HikariDataSource - HikariPool-1 - Starting...
2025-11-03 11:24:07.047 [restartedMain] INFO  com.zaxxer.hikari.pool.HikariPool - HikariPool-1 - Added connection com.mysql.cj.jdbc.ConnectionImpl@515d709b
2025-11-03 11:24:07.048 [restartedMain] INFO  com.zaxxer.hikari.HikariDataSource - HikariPool-1 - Start completed.
2025-11-03 11:24:07.067 [restartedMain] WARN  org.hibernate.orm.deprecation - HHH90000025: MySQL8Dialect does not need to be specified explicitly using 'hibernate.dialect' (remove the property setting and it will be selected by default)
2025-11-03 11:24:07.068 [restartedMain] WARN  org.hibernate.orm.deprecation - HHH90000026: MySQL8Dialect has been deprecated; use org.hibernate.dialect.MySQLDialect instead
2025-11-03 11:24:07.073 [restartedMain] INFO  o.hibernate.orm.connections.pooling - HHH10001005: Database info:
	Database JDBC URL [Connecting through datasource 'HikariDataSource (HikariPool-1)']
	Database driver: undefined/unknown
	Database version: 8.0
	Autocommit mode: undefined/unknown
	Isolation level: undefined/unknown
	Minimum pool size: undefined/unknown
	Maximum pool size: undefined/unknown
2025-11-03 11:24:07.428 [restartedMain] INFO  o.h.e.t.j.p.i.JtaPlatformInitiator - HHH000489: No JTA platform available (set 'hibernate.transaction.jta.platform' to enable JTA platform integration)
2025-11-03 11:24:07.514 [restartedMain] INFO  o.s.o.j.LocalContainerEntityManagerFactoryBean - Initialized JPA EntityManagerFactory for persistence unit 'default'
2025-11-03 11:24:07.661 [restartedMain] DEBUG c.x.m.c.jwt.JwtAuthenticationFilter - Filter 'jwtAuthenticationFilter' configured for use
2025-11-03 11:24:07.679 [restartedMain] INFO  o.s.d.j.r.query.QueryEnhancerFactory - Hibernate is in classpath; If applicable, HQL parser will be used.
2025-11-03 11:24:08.364 [restartedMain] WARN  o.s.b.a.o.j.JpaBaseConfiguration$JpaWebConfiguration - spring.jpa.open-in-view is enabled by default. Therefore, database queries may be performed during view rendering. Explicitly configure spring.jpa.open-in-view to disable this warning
2025-11-03 11:24:08.377 [restartedMain] INFO  o.s.s.c.a.a.c.InitializeUserDetailsBeanManagerConfigurer$InitializeUserDetailsManagerConfigurer - Global AuthenticationManager configured with UserDetailsService bean with name memberDetailsService
2025-11-03 11:24:08.524 [restartedMain] WARN  o.s.s.c.a.web.builders.WebSecurity - You are asking Spring Security to ignore Deferred [Mvc [pattern='/css/**'], Ant [pattern='/css/**']]. This is not recommended -- please use permitAll via HttpSecurity#authorizeHttpRequests instead.
2025-11-03 11:24:08.525 [restartedMain] WARN  o.s.s.c.a.web.builders.WebSecurity - You are asking Spring Security to ignore Deferred [Mvc [pattern='/js/**'], Ant [pattern='/js/**']]. This is not recommended -- please use permitAll via HttpSecurity#authorizeHttpRequests instead.
2025-11-03 11:24:08.525 [restartedMain] WARN  o.s.s.c.a.web.builders.WebSecurity - You are asking Spring Security to ignore Deferred [Mvc [pattern='/images/**'], Ant [pattern='/images/**']]. This is not recommended -- please use permitAll via HttpSecurity#authorizeHttpRequests instead.
2025-11-03 11:24:08.525 [restartedMain] WARN  o.s.s.c.a.web.builders.WebSecurity - You are asking Spring Security to ignore Deferred [Mvc [pattern='/videos/**'], Ant [pattern='/videos/**']]. This is not recommended -- please use permitAll via HttpSecurity#authorizeHttpRequests instead.
2025-11-03 11:24:08.525 [restartedMain] WARN  o.s.s.c.a.web.builders.WebSecurity - You are asking Spring Security to ignore Deferred [Mvc [pattern='/favicon.ico'], Ant [pattern='/favicon.ico']]. This is not recommended -- please use permitAll via HttpSecurity#authorizeHttpRequests instead.
2025-11-03 11:24:08.525 [restartedMain] WARN  o.s.s.c.a.web.builders.WebSecurity - You are asking Spring Security to ignore Deferred [Mvc [pattern='/webjars/**'], Ant [pattern='/webjars/**']]. This is not recommended -- please use permitAll via HttpSecurity#authorizeHttpRequests instead.
2025-11-03 11:24:08.525 [restartedMain] WARN  o.s.s.c.a.web.builders.WebSecurity - You are asking Spring Security to ignore Deferred [Mvc [pattern='/static/**'], Ant [pattern='/static/**']]. This is not recommended -- please use permitAll via HttpSecurity#authorizeHttpRequests instead.
2025-11-03 11:24:08.541 [restartedMain] INFO  o.s.v.b.OptionalValidatorFactoryBean - Failed to set up a Bean Validation provider: jakarta.validation.NoProviderFoundException: Unable to create a Configuration, because no Jakarta Bean Validation provider could be found. Add a provider like Hibernate Validator (RI) to your classpath.
2025-11-03 11:24:08.731 [restartedMain] INFO  o.s.b.d.a.OptionalLiveReloadServer - LiveReload server is running on port 35729
2025-11-03 11:24:08.741 [restartedMain] INFO  o.a.coyote.http11.Http11NioProtocol - Starting ProtocolHandler ["http-nio-8001"]
2025-11-03 11:24:08.748 [restartedMain] INFO  o.s.b.w.e.tomcat.TomcatWebServer - Tomcat started on port 8001 (http) with context path '/'
2025-11-03 11:24:08.752 [restartedMain] INFO  com.xladmt.makify.MakifyApplication - Started MakifyApplication in 2.878 seconds (process running for 3.063)
2025-11-03 11:24:20.085 [http-nio-8001-exec-1] INFO  o.a.c.c.C.[Tomcat].[localhost].[/] - Initializing Spring DispatcherServlet 'dispatcherServlet'
2025-11-03 11:24:20.085 [http-nio-8001-exec-1] INFO  o.s.web.servlet.DispatcherServlet - Initializing Servlet 'dispatcherServlet'
2025-11-03 11:24:20.086 [http-nio-8001-exec-1] INFO  o.s.web.servlet.DispatcherServlet - Completed initialization in 1 ms
2025-11-03 11:24:20.115 [http-nio-8001-exec-1] INFO  c.x.m.c.c.s.MemberDetailsService - 🔍 로그인 시도 ID: user1
2025-11-03 11:24:20.158 [http-nio-8001-exec-1] INFO  c.x.m.c.aop.ControllerLoggingAspect - ═══════════════════════════════════════════════════════════════
2025-11-03 11:24:20.159 [http-nio-8001-exec-1] INFO  c.x.m.c.aop.ControllerLoggingAspect - [REQUEST] 2025-11-03 11:24:20.159
2025-11-03 11:24:20.159 [http-nio-8001-exec-1] INFO  c.x.m.c.aop.ControllerLoggingAspect -   Method: GET | URI: /notifications
2025-11-03 11:24:20.159 [http-nio-8001-exec-1] INFO  c.x.m.c.aop.ControllerLoggingAspect -   Client IP: 0:0:0:0:0:0:0:1 | User ID: ANONYMOUS
2025-11-03 11:24:20.159 [http-nio-8001-exec-1] INFO  c.x.m.c.aop.ControllerLoggingAspect - [RESPONSE] Status: 200 | Time: 0ms
2025-11-03 11:24:20.162 [http-nio-8001-exec-1] INFO  c.x.m.c.aop.ControllerLoggingAspect -   Response Body: "notifications"
2025-11-03 11:24:20.162 [http-nio-8001-exec-1] INFO  c.x.m.c.aop.ControllerLoggingAspect - ═══════════════════════════════════════════════════════════════
2025-11-03 11:24:20.214 [http-nio-8001-exec-1] WARN  o.t.s.p.AbstractStandardFragmentInsertionTagProcessor - [THYMELEAF][http-nio-8001-exec-1][notifications] Deprecated unwrapped fragment expression "fragments/navbar :: navbar" found in template notifications, line 17, col 10. Please use the complete syntax of fragment expressions instead ("~{fragments/navbar :: navbar}"). The old, unwrapped syntax for fragment expressions will be removed in future versions of Thymeleaf.
2025-11-03 11:24:20.224 [http-nio-8001-exec-1] WARN  o.t.s.p.AbstractStandardFragmentInsertionTagProcessor - [THYMELEAF][http-nio-8001-exec-1][notifications] Deprecated unwrapped fragment expression "fragments/footer :: footer" found in template notifications, line 165, col 10. Please use the complete syntax of fragment expressions instead ("~{fragments/footer :: footer}"). The old, unwrapped syntax for fragment expressions will be removed in future versions of Thymeleaf.
2025-11-03 11:24:20.248 [http-nio-8001-exec-6] INFO  c.x.m.c.c.s.MemberDetailsService - 🔍 로그인 시도 ID: user1
2025-11-03 11:24:20.248 [http-nio-8001-exec-4] INFO  c.x.m.c.c.s.MemberDetailsService - 🔍 로그인 시도 ID: user1
2025-11-03 11:24:20.248 [http-nio-8001-exec-3] INFO  c.x.m.c.c.s.MemberDetailsService - 🔍 로그인 시도 ID: user1
2025-11-03 11:24:20.248 [http-nio-8001-exec-5] INFO  c.x.m.c.c.s.MemberDetailsService - 🔍 로그인 시도 ID: user1
2025-11-03 11:24:20.249 [http-nio-8001-exec-7] INFO  c.x.m.c.c.s.MemberDetailsService - 🔍 로그인 시도 ID: user1
2025-11-03 11:24:20.249 [http-nio-8001-exec-2] INFO  c.x.m.c.c.s.MemberDetailsService - 🔍 로그인 시도 ID: user1
2025-11-03 11:24:38.168 [http-nio-8001-exec-8] INFO  c.x.m.c.c.s.MemberDetailsService - 🔍 로그인 시도 ID: user1
2025-11-03 11:24:38.178 [http-nio-8001-exec-8] INFO  c.x.m.c.aop.ControllerLoggingAspect - ═══════════════════════════════════════════════════════════════
2025-11-03 11:24:38.179 [http-nio-8001-exec-8] INFO  c.x.m.c.aop.ControllerLoggingAspect - [REQUEST] 2025-11-03 11:24:38.179
2025-11-03 11:24:38.179 [http-nio-8001-exec-8] INFO  c.x.m.c.aop.ControllerLoggingAspect -   Method: GET | URI: /
2025-11-03 11:24:38.179 [http-nio-8001-exec-8] INFO  c.x.m.c.aop.ControllerLoggingAspect -   Client IP: 0:0:0:0:0:0:0:1 | User ID: ANONYMOUS
2025-11-03 11:24:38.179 [http-nio-8001-exec-8] INFO  c.x.m.c.aop.ControllerLoggingAspect - [RESPONSE] Status: 200 | Time: 0ms
2025-11-03 11:24:38.180 [http-nio-8001-exec-8] INFO  c.x.m.c.aop.ControllerLoggingAspect -   Response Body: "home"
2025-11-03 11:24:38.180 [http-nio-8001-exec-8] INFO  c.x.m.c.aop.ControllerLoggingAspect - ═══════════════════════════════════════════════════════════════
2025-11-03 11:24:38.234 [http-nio-8001-exec-8] WARN  o.t.s.p.AbstractStandardFragmentInsertionTagProcessor - [THYMELEAF][http-nio-8001-exec-8][home] Deprecated unwrapped fragment expression "fragments/navbar :: navbar" found in template home, line 18, col 8. Please use the complete syntax of fragment expressions instead ("~{fragments/navbar :: navbar}"). The old, unwrapped syntax for fragment expressions will be removed in future versions of Thymeleaf.
2025-11-03 11:24:38.237 [http-nio-8001-exec-8] WARN  o.t.s.p.AbstractStandardFragmentInsertionTagProcessor - [THYMELEAF][http-nio-8001-exec-8][home] Deprecated unwrapped fragment expression "fragments/footer :: footer" found in template home, line 222, col 8. Please use the complete syntax of fragment expressions instead ("~{fragments/footer :: footer}"). The old, unwrapped syntax for fragment expressions will be removed in future versions of Thymeleaf.
2025-11-03 11:24:38.255 [http-nio-8001-exec-1] INFO  c.x.m.c.c.s.MemberDetailsService - 🔍 로그인 시도 ID: user1
2025-11-03 11:24:38.256 [http-nio-8001-exec-10] INFO  c.x.m.c.c.s.MemberDetailsService - 🔍 로그인 시도 ID: user1
2025-11-03 11:24:38.256 [http-nio-8001-exec-3] INFO  c.x.m.c.c.s.MemberDetailsService - 🔍 로그인 시도 ID: user1
2025-11-03 11:24:38.256 [http-nio-8001-exec-9] INFO  c.x.m.c.c.s.MemberDetailsService - 🔍 로그인 시도 ID: user1
2025-11-03 11:24:39.443 [http-nio-8001-exec-2] INFO  c.x.m.c.c.s.MemberDetailsService - 🔍 로그인 시도 ID: user1
2025-11-03 11:24:39.451 [http-nio-8001-exec-2] INFO  c.x.m.c.aop.ControllerLoggingAspect - ═══════════════════════════════════════════════════════════════
2025-11-03 11:24:39.451 [http-nio-8001-exec-2] INFO  c.x.m.c.aop.ControllerLoggingAspect - [REQUEST] 2025-11-03 11:24:39.451
2025-11-03 11:24:39.451 [http-nio-8001-exec-2] INFO  c.x.m.c.aop.ControllerLoggingAspect -   Method: GET | URI: /notifications
2025-11-03 11:24:39.451 [http-nio-8001-exec-2] INFO  c.x.m.c.aop.ControllerLoggingAspect -   Client IP: 0:0:0:0:0:0:0:1 | User ID: ANONYMOUS
2025-11-03 11:24:39.452 [http-nio-8001-exec-2] INFO  c.x.m.c.aop.ControllerLoggingAspect - [RESPONSE] Status: 200 | Time: 0ms
2025-11-03 11:24:39.452 [http-nio-8001-exec-2] INFO  c.x.m.c.aop.ControllerLoggingAspect -   Response Body: "notifications"
2025-11-03 11:24:39.452 [http-nio-8001-exec-2] INFO  c.x.m.c.aop.ControllerLoggingAspect - ═══════════════════════════════════════════════════════════════
2025-11-03 11:24:39.456 [http-nio-8001-exec-2] WARN  o.t.s.p.AbstractStandardFragmentInsertionTagProcessor - [THYMELEAF][http-nio-8001-exec-2][notifications] Deprecated unwrapped fragment expression "fragments/navbar :: navbar" found in template notifications, line 17, col 10. Please use the complete syntax of fragment expressions instead ("~{fragments/navbar :: navbar}"). The old, unwrapped syntax for fragment expressions will be removed in future versions of Thymeleaf.
2025-11-03 11:24:39.461 [http-nio-8001-exec-2] WARN  o.t.s.p.AbstractStandardFragmentInsertionTagProcessor - [THYMELEAF][http-nio-8001-exec-2][notifications] Deprecated unwrapped fragment expression "fragments/footer :: footer" found in template notifications, line 165, col 10. Please use the complete syntax of fragment expressions instead ("~{fragments/footer :: footer}"). The old, unwrapped syntax for fragment expressions will be removed in future versions of Thymeleaf.
2025-11-03 11:24:39.476 [http-nio-8001-exec-6] INFO  c.x.m.c.c.s.MemberDetailsService - 🔍 로그인 시도 ID: user1
2025-11-03 11:24:39.476 [http-nio-8001-exec-7] INFO  c.x.m.c.c.s.MemberDetailsService - 🔍 로그인 시도 ID: user1
2025-11-03 11:24:39.477 [http-nio-8001-exec-5] INFO  c.x.m.c.c.s.MemberDetailsService - 🔍 로그인 시도 ID: user1
2025-11-03 11:24:39.477 [http-nio-8001-exec-4] INFO  c.x.m.c.c.s.MemberDetailsService - 🔍 로그인 시도 ID: user1
2025-11-03 11:24:39.477 [http-nio-8001-exec-8] INFO  c.x.m.c.c.s.MemberDetailsService - 🔍 로그인 시도 ID: user1
2025-11-03 11:24:39.477 [http-nio-8001-exec-9] INFO  c.x.m.c.c.s.MemberDetailsService - 🔍 로그인 시도 ID: user1
2025-11-03 11:24:55.022 [http-nio-8001-exec-1] INFO  c.x.m.c.c.s.MemberDetailsService - 🔍 로그인 시도 ID: user1
2025-11-03 11:24:55.031 [http-nio-8001-exec-1] INFO  c.x.m.c.aop.ControllerLoggingAspect - ═══════════════════════════════════════════════════════════════
2025-11-03 11:24:55.032 [http-nio-8001-exec-1] INFO  c.x.m.c.aop.ControllerLoggingAspect - [REQUEST] 2025-11-03 11:24:55.032
2025-11-03 11:24:55.032 [http-nio-8001-exec-1] INFO  c.x.m.c.aop.ControllerLoggingAspect -   Method: GET | URI: /
2025-11-03 11:24:55.032 [http-nio-8001-exec-1] INFO  c.x.m.c.aop.ControllerLoggingAspect -   Client IP: 0:0:0:0:0:0:0:1 | User ID: ANONYMOUS
2025-11-03 11:24:55.032 [http-nio-8001-exec-1] INFO  c.x.m.c.aop.ControllerLoggingAspect - [RESPONSE] Status: 200 | Time: 0ms
2025-11-03 11:24:55.033 [http-nio-8001-exec-1] INFO  c.x.m.c.aop.ControllerLoggingAspect -   Response Body: "home"
2025-11-03 11:24:55.033 [http-nio-8001-exec-1] INFO  c.x.m.c.aop.ControllerLoggingAspect - ═══════════════════════════════════════════════════════════════
2025-11-03 11:24:55.036 [http-nio-8001-exec-1] WARN  o.t.s.p.AbstractStandardFragmentInsertionTagProcessor - [THYMELEAF][http-nio-8001-exec-1][home] Deprecated unwrapped fragment expression "fragments/navbar :: navbar" found in template home, line 18, col 8. Please use the complete syntax of fragment expressions instead ("~{fragments/navbar :: navbar}"). The old, unwrapped syntax for fragment expressions will be removed in future versions of Thymeleaf.
2025-11-03 11:24:55.042 [http-nio-8001-exec-1] WARN  o.t.s.p.AbstractStandardFragmentInsertionTagProcessor - [THYMELEAF][http-nio-8001-exec-1][home] Deprecated unwrapped fragment expression "fragments/footer :: footer" found in template home, line 222, col 8. Please use the complete syntax of fragment expressions instead ("~{fragments/footer :: footer}"). The old, unwrapped syntax for fragment expressions will be removed in future versions of Thymeleaf.
2025-11-03 11:24:55.058 [http-nio-8001-exec-2] INFO  c.x.m.c.c.s.MemberDetailsService - 🔍 로그인 시도 ID: user1
2025-11-03 11:24:55.058 [http-nio-8001-exec-10] INFO  c.x.m.c.c.s.MemberDetailsService - 🔍 로그인 시도 ID: user1
2025-11-03 11:24:55.058 [http-nio-8001-exec-7] INFO  c.x.m.c.c.s.MemberDetailsService - 🔍 로그인 시도 ID: user1
2025-11-03 11:24:55.058 [http-nio-8001-exec-3] INFO  c.x.m.c.c.s.MemberDetailsService - 🔍 로그인 시도 ID: user1
2025-11-03 11:24:56.344 [http-nio-8001-exec-6] INFO  c.x.m.c.c.s.MemberDetailsService - 🔍 로그인 시도 ID: user1
2025-11-03 11:24:56.352 [http-nio-8001-exec-6] INFO  c.x.m.c.aop.ControllerLoggingAspect - ═══════════════════════════════════════════════════════════════
2025-11-03 11:24:56.353 [http-nio-8001-exec-6] INFO  c.x.m.c.aop.ControllerLoggingAspect - [REQUEST] 2025-11-03 11:24:56.353
2025-11-03 11:24:56.353 [http-nio-8001-exec-6] INFO  c.x.m.c.aop.ControllerLoggingAspect -   Method: GET | URI: /notifications
2025-11-03 11:24:56.353 [http-nio-8001-exec-6] INFO  c.x.m.c.aop.ControllerLoggingAspect -   Client IP: 0:0:0:0:0:0:0:1 | User ID: ANONYMOUS
2025-11-03 11:24:56.353 [http-nio-8001-exec-6] INFO  c.x.m.c.aop.ControllerLoggingAspect - [RESPONSE] Status: 200 | Time: 0ms
2025-11-03 11:24:56.353 [http-nio-8001-exec-6] INFO  c.x.m.c.aop.ControllerLoggingAspect -   Response Body: "notifications"
2025-11-03 11:24:56.354 [http-nio-8001-exec-6] INFO  c.x.m.c.aop.ControllerLoggingAspect - ═══════════════════════════════════════════════════════════════
2025-11-03 11:24:56.358 [http-nio-8001-exec-6] WARN  o.t.s.p.AbstractStandardFragmentInsertionTagProcessor - [THYMELEAF][http-nio-8001-exec-6][notifications] Deprecated unwrapped fragment expression "fragments/navbar :: navbar" found in template notifications, line 17, col 10. Please use the complete syntax of fragment expressions instead ("~{fragments/navbar :: navbar}"). The old, unwrapped syntax for fragment expressions will be removed in future versions of Thymeleaf.
2025-11-03 11:24:56.361 [http-nio-8001-exec-6] WARN  o.t.s.p.AbstractStandardFragmentInsertionTagProcessor - [THYMELEAF][http-nio-8001-exec-6][notifications] Deprecated unwrapped fragment expression "fragments/footer :: footer" found in template notifications, line 165, col 10. Please use the complete syntax of fragment expressions instead ("~{fragments/footer :: footer}"). The old, unwrapped syntax for fragment expressions will be removed in future versions of Thymeleaf.
2025-11-03 11:24:56.377 [http-nio-8001-exec-5] INFO  c.x.m.c.c.s.MemberDetailsService - 🔍 로그인 시도 ID: user1
2025-11-03 11:24:56.377 [http-nio-8001-exec-4] INFO  c.x.m.c.c.s.MemberDetailsService - 🔍 로그인 시도 ID: user1
2025-11-03 11:24:56.379 [http-nio-8001-exec-9] INFO  c.x.m.c.c.s.MemberDetailsService - 🔍 로그인 시도 ID: user1
2025-11-03 11:24:56.377 [http-nio-8001-exec-10] INFO  c.x.m.c.c.s.MemberDetailsService - 🔍 로그인 시도 ID: user1
2025-11-03 11:24:56.381 [http-nio-8001-exec-8] INFO  c.x.m.c.c.s.MemberDetailsService - 🔍 로그인 시도 ID: user1
2025-11-03 11:24:56.381 [http-nio-8001-exec-1] INFO  c.x.m.c.c.s.MemberDetailsService - 🔍 로그인 시도 ID: user1
2025-11-03 11:25:02.264 [http-nio-8001-exec-3] INFO  c.x.m.c.c.s.MemberDetailsService - 🔍 로그인 시도 ID: user1
2025-11-03 11:25:02.273 [http-nio-8001-exec-3] INFO  c.x.m.c.aop.ControllerLoggingAspect - ═══════════════════════════════════════════════════════════════
2025-11-03 11:25:02.273 [http-nio-8001-exec-3] INFO  c.x.m.c.aop.ControllerLoggingAspect - [REQUEST] 2025-11-03 11:25:02.273
2025-11-03 11:25:02.273 [http-nio-8001-exec-3] INFO  c.x.m.c.aop.ControllerLoggingAspect -   Method: GET | URI: /
2025-11-03 11:25:02.273 [http-nio-8001-exec-3] INFO  c.x.m.c.aop.ControllerLoggingAspect -   Client IP: 0:0:0:0:0:0:0:1 | User ID: ANONYMOUS
2025-11-03 11:25:02.273 [http-nio-8001-exec-3] INFO  c.x.m.c.aop.ControllerLoggingAspect - [RESPONSE] Status: 200 | Time: 0ms
2025-11-03 11:25:02.274 [http-nio-8001-exec-3] INFO  c.x.m.c.aop.ControllerLoggingAspect -   Response Body: "home"
2025-11-03 11:25:02.274 [http-nio-8001-exec-3] INFO  c.x.m.c.aop.ControllerLoggingAspect - ═══════════════════════════════════════════════════════════════
2025-11-03 11:25:02.277 [http-nio-8001-exec-3] WARN  o.t.s.p.AbstractStandardFragmentInsertionTagProcessor - [THYMELEAF][http-nio-8001-exec-3][home] Deprecated unwrapped fragment expression "fragments/navbar :: navbar" found in template home, line 18, col 8. Please use the complete syntax of fragment expressions instead ("~{fragments/navbar :: navbar}"). The old, unwrapped syntax for fragment expressions will be removed in future versions of Thymeleaf.
2025-11-03 11:25:02.281 [http-nio-8001-exec-3] WARN  o.t.s.p.AbstractStandardFragmentInsertionTagProcessor - [THYMELEAF][http-nio-8001-exec-3][home] Deprecated unwrapped fragment expression "fragments/footer :: footer" found in template home, line 222, col 8. Please use the complete syntax of fragment expressions instead ("~{fragments/footer :: footer}"). The old, unwrapped syntax for fragment expressions will be removed in future versions of Thymeleaf.
2025-11-03 11:25:02.296 [http-nio-8001-exec-6] INFO  c.x.m.c.c.s.MemberDetailsService - 🔍 로그인 시도 ID: user1
2025-11-03 11:25:02.296 [http-nio-8001-exec-2] INFO  c.x.m.c.c.s.MemberDetailsService - 🔍 로그인 시도 ID: user1
2025-11-03 11:25:02.297 [http-nio-8001-exec-9] INFO  c.x.m.c.c.s.MemberDetailsService - 🔍 로그인 시도 ID: user1
2025-11-03 11:25:02.298 [http-nio-8001-exec-7] INFO  c.x.m.c.c.s.MemberDetailsService - 🔍 로그인 시도 ID: user1
2025-11-03 11:25:03.880 [http-nio-8001-exec-8] INFO  c.x.m.c.c.s.MemberDetailsService - 🔍 로그인 시도 ID: user1
2025-11-03 11:25:03.888 [http-nio-8001-exec-8] INFO  c.x.m.c.aop.ControllerLoggingAspect - ═══════════════════════════════════════════════════════════════
2025-11-03 11:25:03.888 [http-nio-8001-exec-8] INFO  c.x.m.c.aop.ControllerLoggingAspect - [REQUEST] 2025-11-03 11:25:03.888
2025-11-03 11:25:03.888 [http-nio-8001-exec-8] INFO  c.x.m.c.aop.ControllerLoggingAspect -   Method: GET | URI: /notifications
2025-11-03 11:25:03.888 [http-nio-8001-exec-8] INFO  c.x.m.c.aop.ControllerLoggingAspect -   Client IP: 0:0:0:0:0:0:0:1 | User ID: ANONYMOUS
2025-11-03 11:25:03.889 [http-nio-8001-exec-8] INFO  c.x.m.c.aop.ControllerLoggingAspect - [RESPONSE] Status: 200 | Time: 1ms
2025-11-03 11:25:03.889 [http-nio-8001-exec-8] INFO  c.x.m.c.aop.ControllerLoggingAspect -   Response Body: "notifications"
2025-11-03 11:25:03.889 [http-nio-8001-exec-8] INFO  c.x.m.c.aop.ControllerLoggingAspect - ═══════════════════════════════════════════════════════════════
2025-11-03 11:25:03.893 [http-nio-8001-exec-8] WARN  o.t.s.p.AbstractStandardFragmentInsertionTagProcessor - [THYMELEAF][http-nio-8001-exec-8][notifications] Deprecated unwrapped fragment expression "fragments/navbar :: navbar" found in template notifications, line 17, col 10. Please use the complete syntax of fragment expressions instead ("~{fragments/navbar :: navbar}"). The old, unwrapped syntax for fragment expressions will be removed in future versions of Thymeleaf.
2025-11-03 11:25:03.897 [http-nio-8001-exec-8] WARN  o.t.s.p.AbstractStandardFragmentInsertionTagProcessor - [THYMELEAF][http-nio-8001-exec-8][notifications] Deprecated unwrapped fragment expression "fragments/footer :: footer" found in template notifications, line 165, col 10. Please use the complete syntax of fragment expressions instead ("~{fragments/footer :: footer}"). The old, unwrapped syntax for fragment expressions will be removed in future versions of Thymeleaf.
2025-11-03 11:25:03.916 [http-nio-8001-exec-10] INFO  c.x.m.c.c.s.MemberDetailsService - 🔍 로그인 시도 ID: user1
2025-11-03 11:25:03.921 [http-nio-8001-exec-5] INFO  c.x.m.c.c.s.MemberDetailsService - 🔍 로그인 시도 ID: user1
2025-11-03 11:25:03.922 [http-nio-8001-exec-3] INFO  c.x.m.c.c.s.MemberDetailsService - 🔍 로그인 시도 ID: user1
2025-11-03 11:25:03.923 [http-nio-8001-exec-4] INFO  c.x.m.c.c.s.MemberDetailsService - 🔍 로그인 시도 ID: user1
2025-11-03 11:25:03.925 [http-nio-8001-exec-1] INFO  c.x.m.c.c.s.MemberDetailsService - 🔍 로그인 시도 ID: user1
2025-11-03 11:25:03.926 [http-nio-8001-exec-9] INFO  c.x.m.c.c.s.MemberDetailsService - 🔍 로그인 시도 ID: user1
2025-11-03 11:25:05.824 [http-nio-8001-exec-6] INFO  c.x.m.c.c.s.MemberDetailsService - 🔍 로그인 시도 ID: user1
2025-11-03 11:25:05.829 [http-nio-8001-exec-6] INFO  c.x.m.c.aop.ControllerLoggingAspect - ═══════════════════════════════════════════════════════════════
2025-11-03 11:25:05.830 [http-nio-8001-exec-6] INFO  c.x.m.c.aop.ControllerLoggingAspect - [REQUEST] 2025-11-03 11:25:05.830
2025-11-03 11:25:05.830 [http-nio-8001-exec-6] INFO  c.x.m.c.aop.ControllerLoggingAspect -   Method: GET | URI: /notifications
2025-11-03 11:25:05.830 [http-nio-8001-exec-6] INFO  c.x.m.c.aop.ControllerLoggingAspect -   Client IP: 0:0:0:0:0:0:0:1 | User ID: ANONYMOUS
2025-11-03 11:25:05.830 [http-nio-8001-exec-6] INFO  c.x.m.c.aop.ControllerLoggingAspect - [RESPONSE] Status: 200 | Time: 0ms
2025-11-03 11:25:05.830 [http-nio-8001-exec-6] INFO  c.x.m.c.aop.ControllerLoggingAspect -   Response Body: "notifications"
2025-11-03 11:25:05.830 [http-nio-8001-exec-6] INFO  c.x.m.c.aop.ControllerLoggingAspect - ═══════════════════════════════════════════════════════════════
2025-11-03 11:25:05.832 [http-nio-8001-exec-6] WARN  o.t.s.p.AbstractStandardFragmentInsertionTagProcessor - [THYMELEAF][http-nio-8001-exec-6][notifications] Deprecated unwrapped fragment expression "fragments/navbar :: navbar" found in template notifications, line 17, col 10. Please use the complete syntax of fragment expressions instead ("~{fragments/navbar :: navbar}"). The old, unwrapped syntax for fragment expressions will be removed in future versions of Thymeleaf.
2025-11-03 11:25:05.835 [http-nio-8001-exec-6] WARN  o.t.s.p.AbstractStandardFragmentInsertionTagProcessor - [THYMELEAF][http-nio-8001-exec-6][notifications] Deprecated unwrapped fragment expression "fragments/footer :: footer" found in template notifications, line 165, col 10. Please use the complete syntax of fragment expressions instead ("~{fragments/footer :: footer}"). The old, unwrapped syntax for fragment expressions will be removed in future versions of Thymeleaf.
2025-11-03 11:25:05.849 [http-nio-8001-exec-7] INFO  c.x.m.c.c.s.MemberDetailsService - 🔍 로그인 시도 ID: user1
2025-11-03 11:25:05.850 [http-nio-8001-exec-1] INFO  c.x.m.c.c.s.MemberDetailsService - 🔍 로그인 시도 ID: user1
2025-11-03 11:25:05.850 [http-nio-8001-exec-3] INFO  c.x.m.c.c.s.MemberDetailsService - 🔍 로그인 시도 ID: user1
2025-11-03 11:25:05.853 [http-nio-8001-exec-4] INFO  c.x.m.c.c.s.MemberDetailsService - 🔍 로그인 시도 ID: user1
2025-11-03 11:25:05.854 [http-nio-8001-exec-8] INFO  c.x.m.c.c.s.MemberDetailsService - 🔍 로그인 시도 ID: user1
2025-11-03 11:25:05.855 [http-nio-8001-exec-2] INFO  c.x.m.c.c.s.MemberDetailsService - 🔍 로그인 시도 ID: user1
2025-11-03 11:25:11.885 [http-nio-8001-exec-10] INFO  c.x.m.c.c.s.MemberDetailsService - 🔍 로그인 시도 ID: user1
2025-11-03 11:25:11.893 [http-nio-8001-exec-10] INFO  c.x.m.c.aop.ControllerLoggingAspect - ═══════════════════════════════════════════════════════════════
2025-11-03 11:25:11.893 [http-nio-8001-exec-10] INFO  c.x.m.c.aop.ControllerLoggingAspect - [REQUEST] 2025-11-03 11:25:11.893
2025-11-03 11:25:11.893 [http-nio-8001-exec-10] INFO  c.x.m.c.aop.ControllerLoggingAspect -   Method: GET | URI: /notifications
2025-11-03 11:25:11.894 [http-nio-8001-exec-10] INFO  c.x.m.c.aop.ControllerLoggingAspect -   Client IP: 0:0:0:0:0:0:0:1 | User ID: ANONYMOUS
2025-11-03 11:25:11.894 [http-nio-8001-exec-10] INFO  c.x.m.c.aop.ControllerLoggingAspect - [RESPONSE] Status: 200 | Time: 0ms
2025-11-03 11:25:11.894 [http-nio-8001-exec-10] INFO  c.x.m.c.aop.ControllerLoggingAspect -   Response Body: "notifications"
2025-11-03 11:25:11.894 [http-nio-8001-exec-10] INFO  c.x.m.c.aop.ControllerLoggingAspect - ═══════════════════════════════════════════════════════════════
2025-11-03 11:25:11.896 [http-nio-8001-exec-10] WARN  o.t.s.p.AbstractStandardFragmentInsertionTagProcessor - [THYMELEAF][http-nio-8001-exec-10][notifications] Deprecated unwrapped fragment expression "fragments/navbar :: navbar" found in template notifications, line 17, col 10. Please use the complete syntax of fragment expressions instead ("~{fragments/navbar :: navbar}"). The old, unwrapped syntax for fragment expressions will be removed in future versions of Thymeleaf.
2025-11-03 11:25:11.899 [http-nio-8001-exec-10] WARN  o.t.s.p.AbstractStandardFragmentInsertionTagProcessor - [THYMELEAF][http-nio-8001-exec-10][notifications] Deprecated unwrapped fragment expression "fragments/footer :: footer" found in template notifications, line 165, col 10. Please use the complete syntax of fragment expressions instead ("~{fragments/footer :: footer}"). The old, unwrapped syntax for fragment expressions will be removed in future versions of Thymeleaf.
2025-11-03 11:25:11.918 [http-nio-8001-exec-7] INFO  c.x.m.c.c.s.MemberDetailsService - 🔍 로그인 시도 ID: user1
2025-11-03 11:25:11.919 [http-nio-8001-exec-1] INFO  c.x.m.c.c.s.MemberDetailsService - 🔍 로그인 시도 ID: user1
2025-11-03 11:25:11.921 [http-nio-8001-exec-3] INFO  c.x.m.c.c.s.MemberDetailsService - 🔍 로그인 시도 ID: user1
2025-11-03 11:25:11.921 [http-nio-8001-exec-5] INFO  c.x.m.c.c.s.MemberDetailsService - 🔍 로그인 시도 ID: user1
2025-11-03 11:25:11.922 [http-nio-8001-exec-9] INFO  c.x.m.c.c.s.MemberDetailsService - 🔍 로그인 시도 ID: user1
2025-11-03 11:25:11.924 [http-nio-8001-exec-6] INFO  c.x.m.c.c.s.MemberDetailsService - 🔍 로그인 시도 ID: user1
2025-11-03 11:25:17.711 [http-nio-8001-exec-8] INFO  c.x.m.c.c.s.MemberDetailsService - 🔍 로그인 시도 ID: user1
2025-11-03 11:25:17.719 [http-nio-8001-exec-8] INFO  c.x.m.c.aop.ControllerLoggingAspect - ═══════════════════════════════════════════════════════════════
2025-11-03 11:25:17.719 [http-nio-8001-exec-8] INFO  c.x.m.c.aop.ControllerLoggingAspect - [REQUEST] 2025-11-03 11:25:17.719
2025-11-03 11:25:17.719 [http-nio-8001-exec-8] INFO  c.x.m.c.aop.ControllerLoggingAspect -   Method: GET | URI: /
2025-11-03 11:25:17.719 [http-nio-8001-exec-8] INFO  c.x.m.c.aop.ControllerLoggingAspect -   Client IP: 0:0:0:0:0:0:0:1 | User ID: ANONYMOUS
2025-11-03 11:25:17.719 [http-nio-8001-exec-8] INFO  c.x.m.c.aop.ControllerLoggingAspect - [RESPONSE] Status: 200 | Time: 0ms
2025-11-03 11:25:17.720 [http-nio-8001-exec-8] INFO  c.x.m.c.aop.ControllerLoggingAspect -   Response Body: "home"
2025-11-03 11:25:17.720 [http-nio-8001-exec-8] INFO  c.x.m.c.aop.ControllerLoggingAspect - ═══════════════════════════════════════════════════════════════
2025-11-03 11:25:17.723 [http-nio-8001-exec-8] WARN  o.t.s.p.AbstractStandardFragmentInsertionTagProcessor - [THYMELEAF][http-nio-8001-exec-8][home] Deprecated unwrapped fragment expression "fragments/navbar :: navbar" found in template home, line 18, col 8. Please use the complete syntax of fragment expressions instead ("~{fragments/navbar :: navbar}"). The old, unwrapped syntax for fragment expressions will be removed in future versions of Thymeleaf.
2025-11-03 11:25:17.727 [http-nio-8001-exec-8] WARN  o.t.s.p.AbstractStandardFragmentInsertionTagProcessor - [THYMELEAF][http-nio-8001-exec-8][home] Deprecated unwrapped fragment expression "fragments/footer :: footer" found in template home, line 222, col 8. Please use the complete syntax of fragment expressions instead ("~{fragments/footer :: footer}"). The old, unwrapped syntax for fragment expressions will be removed in future versions of Thymeleaf.
2025-11-03 11:25:17.740 [http-nio-8001-exec-3] INFO  c.x.m.c.c.s.MemberDetailsService - 🔍 로그인 시도 ID: user1
2025-11-03 11:25:17.740 [http-nio-8001-exec-4] INFO  c.x.m.c.c.s.MemberDetailsService - 🔍 로그인 시도 ID: user1
2025-11-03 11:25:17.742 [http-nio-8001-exec-10] INFO  c.x.m.c.c.s.MemberDetailsService - 🔍 로그인 시도 ID: user1
2025-11-03 11:25:17.742 [http-nio-8001-exec-2] INFO  c.x.m.c.c.s.MemberDetailsService - 🔍 로그인 시도 ID: user1
2025-11-03 11:25:22.658 [http-nio-8001-exec-7] INFO  c.x.m.c.c.s.MemberDetailsService - 🔍 로그인 시도 ID: user1
2025-11-03 11:25:22.667 [http-nio-8001-exec-7] INFO  c.x.m.c.aop.ControllerLoggingAspect - ═══════════════════════════════════════════════════════════════
2025-11-03 11:25:22.668 [http-nio-8001-exec-7] INFO  c.x.m.c.aop.ControllerLoggingAspect - [REQUEST] 2025-11-03 11:25:22.668
2025-11-03 11:25:22.668 [http-nio-8001-exec-7] INFO  c.x.m.c.aop.ControllerLoggingAspect -   Method: GET | URI: /notifications
2025-11-03 11:25:22.668 [http-nio-8001-exec-7] INFO  c.x.m.c.aop.ControllerLoggingAspect -   Client IP: 0:0:0:0:0:0:0:1 | User ID: ANONYMOUS
2025-11-03 11:25:22.668 [http-nio-8001-exec-7] INFO  c.x.m.c.aop.ControllerLoggingAspect - [RESPONSE] Status: 200 | Time: 0ms
2025-11-03 11:25:22.669 [http-nio-8001-exec-7] INFO  c.x.m.c.aop.ControllerLoggingAspect -   Response Body: "notifications"
2025-11-03 11:25:22.669 [http-nio-8001-exec-7] INFO  c.x.m.c.aop.ControllerLoggingAspect - ═══════════════════════════════════════════════════════════════
2025-11-03 11:25:22.671 [http-nio-8001-exec-7] WARN  o.t.s.p.AbstractStandardFragmentInsertionTagProcessor - [THYMELEAF][http-nio-8001-exec-7][notifications] Deprecated unwrapped fragment expression "fragments/navbar :: navbar" found in template notifications, line 17, col 10. Please use the complete syntax of fragment expressions instead ("~{fragments/navbar :: navbar}"). The old, unwrapped syntax for fragment expressions will be removed in future versions of Thymeleaf.
2025-11-03 11:25:22.673 [http-nio-8001-exec-7] WARN  o.t.s.p.AbstractStandardFragmentInsertionTagProcessor - [THYMELEAF][http-nio-8001-exec-7][notifications] Deprecated unwrapped fragment expression "fragments/footer :: footer" found in template notifications, line 165, col 10. Please use the complete syntax of fragment expressions instead ("~{fragments/footer :: footer}"). The old, unwrapped syntax for fragment expressions will be removed in future versions of Thymeleaf.
2025-11-03 11:25:22.693 [http-nio-8001-exec-1] INFO  c.x.m.c.c.s.MemberDetailsService - 🔍 로그인 시도 ID: user1
2025-11-03 11:25:22.694 [http-nio-8001-exec-6] INFO  c.x.m.c.c.s.MemberDetailsService - 🔍 로그인 시도 ID: user1
2025-11-03 11:25:22.696 [http-nio-8001-exec-5] INFO  c.x.m.c.c.s.MemberDetailsService - 🔍 로그인 시도 ID: user1
2025-11-03 11:25:22.697 [http-nio-8001-exec-10] INFO  c.x.m.c.c.s.MemberDetailsService - 🔍 로그인 시도 ID: user1
2025-11-03 11:25:22.697 [http-nio-8001-exec-9] INFO  c.x.m.c.c.s.MemberDetailsService - 🔍 로그인 시도 ID: user1
2025-11-03 11:25:22.700 [http-nio-8001-exec-8] INFO  c.x.m.c.c.s.MemberDetailsService - 🔍 로그인 시도 ID: user1
